uid,catalog,number,species,scientificName,age,heightM,girthCm,canopyM,address,grade,lat,lng,coordinateQuality,sourcePage,sourceDocument
张家港市-张01,张家港市,张01,银杏,Ginkgo biloba L.,195,17,250,11.5,塘桥镇何桥村楼小庙桥,三级,31.897957,120.611014,地区级示意,https://ylj.suzhou.gov.cn/szsylj/zygk/202502/89d6aa2394994bb4b4579dedf4858c90.shtml,https://ylj.suzhou.gov.cn/szsylj/zygk/202502/89d6aa2394994bb4b4579dedf4858c90/files/97315108081f4d83bb479308a7c3b831.docx
张家港市-张02,张家港市,张02,银杏,Ginkgo biloba L.,165,15,190,10.5,塘桥镇何桥村沈巷,三级,31.907618,120.472895,地区级示意,https://ylj.suzhou.gov.cn/szsylj/zygk/202502/89d6aa2394994bb4b4579dedf4858c90.shtml,https://ylj.suzhou.gov.cn/szsylj/zygk/202502/89d6aa2394994bb4b4579dedf4858c90/files/97315108081f4d83bb479308a7c3b831.docx
张家港市-张03,张家港市,张03,银杏,Ginkgo biloba L.,165,18,230,11.25,塘桥镇何桥村沈巷,三级,31.798795,120.65161,地区级示意,https://ylj.suzhou.gov.cn/szsylj/zygk/202502/89d6aa2394994bb4b4579dedf4858c90.shtml,https://ylj.suzhou.gov.cn/szsylj/zygk/202502/89d6aa2394994bb4b4579dedf4858c90/files/97315108081f4d83bb479308a7c3b831.docx
张家港市-张04,张家港市,张04,银杏,Ginkgo biloba L.,165,17,182,9.5,塘桥镇何桥村沈巷,三级,31.908876,120.673477,地区级示意,https://ylj.suzhou.gov.cn/szsylj/zygk/202502/89d6aa2394994bb4b4579dedf4858c90.shtml,https://ylj.suzhou.gov.cn/szsylj/zygk/202502/89d6aa2394994bb4b4579dedf4858c90/files/97315108081f4d83bb479308a7c3b831.docx
张家港市-张05,张家港市,张05,银杏,Ginkgo biloba L.,165,7.5,210,6.2,塘桥镇周巷村李王村镇中路,三级,31.786837,120.604977,地区级示意,https://ylj.suzhou.gov.cn/szsylj/zygk/202502/89d6aa2394994bb4b4579dedf4858c90.shtml,https://ylj.suzhou.gov.cn/szsylj/zygk/202502/89d6aa2394994bb4b4579dedf4858c90/files/97315108081f4d83bb479308a7c3b831.docx
张家港市-张06,张家港市,张06,银杏,Ginkgo biloba L.,165,10.5,200,9,塘桥镇周巷村李王村镇中路,三级,31.820683,120.463345,地区级示意,https://ylj.suzhou.gov.cn/szsylj/zygk/202502/89d6aa2394994bb4b4579dedf4858c90.shtml,https://ylj.suzhou.gov.cn/szsylj/zygk/202502/89d6aa2394994bb4b4579dedf4858c90/files/97315108081f4d83bb479308a7c3b831.docx
张家港市-张07,张家港市,张07,银杏,Ginkgo biloba L.,315,15.5,283,12.05,塘桥镇韩山村黄家桥,二级,31.851201,120.567632,地区级示意,https://ylj.suzhou.gov.cn/szsylj/zygk/202502/89d6aa2394994bb4b4579dedf4858c90.shtml,https://ylj.suzhou.gov.cn/szsylj/zygk/202502/89d6aa2394994bb4b4579dedf4858c90/files/97315108081f4d83bb479308a7c3b831.docx
张家港市-张08,张家港市,张08,银杏,Ginkgo biloba L.,210,12.5,235,6.7,塘桥镇韩山村黄家桥,三级,31.855953,120.685133,地区级示意,https://ylj.suzhou.gov.cn/szsylj/zygk/202502/89d6aa2394994bb4b4579dedf4858c90.shtml,https://ylj.suzhou.gov.cn/szsylj/zygk/202502/89d6aa2394994bb4b4579dedf4858c90/files/97315108081f4d83bb479308a7c3b831.docx
张家港市-张09,张家港市,张09,银杏,Ginkgo biloba L.,120,14,215,10.15,塘桥镇青龙村上相村,三级,31.871196,120.562143,地区级示意,https://ylj.suzhou.gov.cn/szsylj/zygk/202502/89d6aa2394994bb4b4579dedf4858c90.shtml,https://ylj.suzhou.gov.cn/szsylj/zygk/202502/89d6aa2394994bb4b4579dedf4858c90/files/97315108081f4d83bb479308a7c3b831.docx
张家港市-张11,张家港市,张11,红豆树,Ormosia hosiei Hemsl. & E. H. Wilson,215,11,180,14.6,凤凰镇支山村红豆园,三级,31.852882,120.469634,地区级示意,https://ylj.suzhou.gov.cn/szsylj/zygk/202502/89d6aa2394994bb4b4579dedf4858c90.shtml,https://ylj.suzhou.gov.cn/szsylj/zygk/202502/89d6aa2394994bb4b4579dedf4858c90/files/97315108081f4d83bb479308a7c3b831.docx
张家港市-张12,张家港市,张12,银杏,Ginkgo biloba L.,150,13,206,10.7,凤凰镇支山村静修堂,三级,31.869062,120.56806,地区级示意,https://ylj.suzhou.gov.cn/szsylj/zygk/202502/89d6aa2394994bb4b4579dedf4858c90.shtml,https://ylj.suzhou.gov.cn/szsylj/zygk/202502/89d6aa2394994bb4b4579dedf4858c90/files/97315108081f4d83bb479308a7c3b831.docx
张家港市-张15,张家港市,张15,银杏,Ginkgo biloba L.,220,18.5,300,13,凤凰镇港口社区西塘街北侧,三级,31.816904,120.634448,地区级示意,https://ylj.suzhou.gov.cn/szsylj/zygk/202502/89d6aa2394994bb4b4579dedf4858c90.shtml,https://ylj.suzhou.gov.cn/szsylj/zygk/202502/89d6aa2394994bb4b4579dedf4858c90/files/97315108081f4d83bb479308a7c3b831.docx
张家港市-张16,张家港市,张16,银杏,Ginkgo biloba L.,135,15.5,190,11.25,凤凰镇程墩村安康路西侧,三级,31.88357,120.685818,地区级示意,https://ylj.suzhou.gov.cn/szsylj/zygk/202502/89d6aa2394994bb4b4579dedf4858c90.shtml,https://ylj.suzhou.gov.cn/szsylj/zygk/202502/89d6aa2394994bb4b4579dedf4858c90/files/97315108081f4d83bb479308a7c3b831.docx
张家港市-张17,张家港市,张17,银杏,Ginkgo biloba L.,235,18,330,11.9,凤凰镇清水村高升堂,三级,31.927489,120.580931,地区级示意,https://ylj.suzhou.gov.cn/szsylj/zygk/202502/89d6aa2394994bb4b4579dedf4858c90.shtml,https://ylj.suzhou.gov.cn/szsylj/zygk/202502/89d6aa2394994bb4b4579dedf4858c90/files/97315108081f4d83bb479308a7c3b831.docx
张家港市-张18,张家港市,张18,银杏,Ginkgo biloba L.,235,11,200,9.55,凤凰镇清水村高升堂,三级,31.80691,120.485571,地区级示意,https://ylj.suzhou.gov.cn/szsylj/zygk/202502/89d6aa2394994bb4b4579dedf4858c90.shtml,https://ylj.suzhou.gov.cn/szsylj/zygk/202502/89d6aa2394994bb4b4579dedf4858c90/files/97315108081f4d83bb479308a7c3b831.docx
张家港市-张19,张家港市,张19,银杏,Ginkgo biloba L.,175,15,188,13.15,凤凰镇双塘村恬庄初中对面,三级,31.887823,120.46873,地区级示意,https://ylj.suzhou.gov.cn/szsylj/zygk/202502/89d6aa2394994bb4b4579dedf4858c90.shtml,https://ylj.suzhou.gov.cn/szsylj/zygk/202502/89d6aa2394994bb4b4579dedf4858c90/files/97315108081f4d83bb479308a7c3b831.docx
张家港市-张20,张家港市,张20,银杏,Ginkgo biloba L.,225,8.5,210,6.15,凤凰镇杏市村万寿庵路口,三级,31.893841,120.471315,地区级示意,https://ylj.suzhou.gov.cn/szsylj/zygk/202502/89d6aa2394994bb4b4579dedf4858c90.shtml,https://ylj.suzhou.gov.cn/szsylj/zygk/202502/89d6aa2394994bb4b4579dedf4858c90/files/97315108081f4d83bb479308a7c3b831.docx
张家港市-张21,张家港市,张21,银杏,Ginkgo biloba L.,215,14.5,245,8.9,凤凰镇恬庄村大王堂庙,三级,31.864741,120.548284,地区级示意,https://ylj.suzhou.gov.cn/szsylj/zygk/202502/89d6aa2394994bb4b4579dedf4858c90.shtml,https://ylj.suzhou.gov.cn/szsylj/zygk/202502/89d6aa2394994bb4b4579dedf4858c90/files/97315108081f4d83bb479308a7c3b831.docx
张家港市-张22,张家港市,张22,银杏,Ginkgo biloba L.,215,9.5,180,4.6,凤凰镇恬庄村恬庄老街,三级,31.825693,120.506452,地区级示意,https://ylj.suzhou.gov.cn/szsylj/zygk/202502/89d6aa2394994bb4b4579dedf4858c90.shtml,https://ylj.suzhou.gov.cn/szsylj/zygk/202502/89d6aa2394994bb4b4579dedf4858c90/files/97315108081f4d83bb479308a7c3b831.docx
张家港市-张23,张家港市,张23,银杏,Ginkgo biloba L.,375,20.5,420,15.3,凤凰镇双塘村沪武高速凤凰出口互通,二级,31.866597,120.455209,地区级示意,https://ylj.suzhou.gov.cn/szsylj/zygk/202502/89d6aa2394994bb4b4579dedf4858c90.shtml,https://ylj.suzhou.gov.cn/szsylj/zygk/202502/89d6aa2394994bb4b4579dedf4858c90/files/97315108081f4d83bb479308a7c3b831.docx
张家港市-张25,张家港市,张25,银杏,Ginkgo biloba L.,165,15.5,210,11,凤凰镇双塘村沪武高速凤凰出口互通,三级,31.83264,120.652325,地区级示意,https://ylj.suzhou.gov.cn/szsylj/zygk/202502/89d6aa2394994bb4b4579dedf4858c90.shtml,https://ylj.suzhou.gov.cn/szsylj/zygk/202502/89d6aa2394994bb4b4579dedf4858c90/files/97315108081f4d83bb479308a7c3b831.docx
张家港市-张26,张家港市,张26,银杏,Ginkgo biloba L.,165,16.5,220,9.9,凤凰镇双塘村沪武高速凤凰出口互通,三级,31.811575,120.6361,地区级示意,https://ylj.suzhou.gov.cn/szsylj/zygk/202502/89d6aa2394994bb4b4579dedf4858c90.shtml,https://ylj.suzhou.gov.cn/szsylj/zygk/202502/89d6aa2394994bb4b4579dedf4858c90/files/97315108081f4d83bb479308a7c3b831.docx
张家港市-张31,张家港市,张31,银杏,Ginkgo biloba L.,195,12.5,245,10.75,锦丰镇向阳村锦阳河西,三级,31.91217,120.643579,地区级示意,https://ylj.suzhou.gov.cn/szsylj/zygk/202502/89d6aa2394994bb4b4579dedf4858c90.shtml,https://ylj.suzhou.gov.cn/szsylj/zygk/202502/89d6aa2394994bb4b4579dedf4858c90/files/97315108081f4d83bb479308a7c3b831.docx
张家港市-张33,张家港市,张33,银杏,Ginkgo biloba L.,145,16.5,206,11.5,经开区城东社区市一中,三级,31.800222,120.597958,地区级示意,https://ylj.suzhou.gov.cn/szsylj/zygk/202502/89d6aa2394994bb4b4579dedf4858c90.shtml,https://ylj.suzhou.gov.cn/szsylj/zygk/202502/89d6aa2394994bb4b4579dedf4858c90/files/97315108081f4d83bb479308a7c3b831.docx
张家港市-张34,张家港市,张34,银杏,Ginkgo biloba L.,375,12,356,6.1,经开区横河社区华芳金陵北古银杏园,二级,31.816157,120.555094,地区级示意,https://ylj.suzhou.gov.cn/szsylj/zygk/202502/89d6aa2394994bb4b4579dedf4858c90.shtml,https://ylj.suzhou.gov.cn/szsylj/zygk/202502/89d6aa2394994bb4b4579dedf4858c90/files/97315108081f4d83bb479308a7c3b831.docx
张家港市-张35,张家港市,张35,银杏,Ginkgo biloba L.,225,12,257,7,经开区斜桥村长安北路,三级,31.9498,120.521326,地区级示意,https://ylj.suzhou.gov.cn/szsylj/zygk/202502/89d6aa2394994bb4b4579dedf4858c90.shtml,https://ylj.suzhou.gov.cn/szsylj/zygk/202502/89d6aa2394994bb4b4579dedf4858c90/files/97315108081f4d83bb479308a7c3b831.docx
张家港市-张36,张家港市,张36,银杏,Ginkgo biloba L.,225,10,215,10.85,经开区斜桥村长安北路,三级,31.842898,120.464119,地区级示意,https://ylj.suzhou.gov.cn/szsylj/zygk/202502/89d6aa2394994bb4b4579dedf4858c90.shtml,https://ylj.suzhou.gov.cn/szsylj/zygk/202502/89d6aa2394994bb4b4579dedf4858c90/files/97315108081f4d83bb479308a7c3b831.docx
张家港市-张37,张家港市,张37,银杏,Ginkgo biloba L.,136,15,217,8.6,经开区田垛里社区金田路,三级,31.850792,120.6677,地区级示意,https://ylj.suzhou.gov.cn/szsylj/zygk/202502/89d6aa2394994bb4b4579dedf4858c90.shtml,https://ylj.suzhou.gov.cn/szsylj/zygk/202502/89d6aa2394994bb4b4579dedf4858c90/files/97315108081f4d83bb479308a7c3b831.docx
张家港市-张38,张家港市,张38,银杏,Ginkgo biloba L.,215,17,310,9.9,经开区庆安村原庆安小学,三级,31.934872,120.589138,地区级示意,https://ylj.suzhou.gov.cn/szsylj/zygk/202502/89d6aa2394994bb4b4579dedf4858c90.shtml,https://ylj.suzhou.gov.cn/szsylj/zygk/202502/89d6aa2394994bb4b4579dedf4858c90/files/97315108081f4d83bb479308a7c3b831.docx
张家港市-张41,张家港市,张41,银杏,Ginkgo biloba L.,120,17.5,248,11.15,锦丰镇西港村原小学,三级,31.906258,120.576126,地区级示意,https://ylj.suzhou.gov.cn/szsylj/zygk/202502/89d6aa2394994bb4b4579dedf4858c90.shtml,https://ylj.suzhou.gov.cn/szsylj/zygk/202502/89d6aa2394994bb4b4579dedf4858c90/files/97315108081f4d83bb479308a7c3b831.docx
张家港市-张43,张家港市,张43,黄杨,Buxus sinica (Rehder & E. H. Wilson) M. Cheng,155,6.3,77,6.55,锦丰镇星火村张家港开放大学,三级,31.910616,120.587918,地区级示意,https://ylj.suzhou.gov.cn/szsylj/zygk/202502/89d6aa2394994bb4b4579dedf4858c90.shtml,https://ylj.suzhou.gov.cn/szsylj/zygk/202502/89d6aa2394994bb4b4579dedf4858c90/files/97315108081f4d83bb479308a7c3b831.docx
张家港市-张46,张家港市,张46,银杏,Ginkgo biloba L.,165,14.5,190,11.9,锦丰镇星火村大南路,三级,31.795454,120.563209,地区级示意,https://ylj.suzhou.gov.cn/szsylj/zygk/202502/89d6aa2394994bb4b4579dedf4858c90.shtml,https://ylj.suzhou.gov.cn/szsylj/zygk/202502/89d6aa2394994bb4b4579dedf4858c90/files/97315108081f4d83bb479308a7c3b831.docx
张家港市-张47,张家港市,张47,银杏,Ginkgo biloba L.,280,20.4,410,10.55,锦丰镇光明村村委西侧,三级,31.941007,120.562707,地区级示意,https://ylj.suzhou.gov.cn/szsylj/zygk/202502/89d6aa2394994bb4b4579dedf4858c90.shtml,https://ylj.suzhou.gov.cn/szsylj/zygk/202502/89d6aa2394994bb4b4579dedf4858c90/files/97315108081f4d83bb479308a7c3b831.docx
张家港市-张48,张家港市,张48,银杏,Ginkgo biloba L.,145,16.5,230,8.8,塘桥镇牛桥村村委东侧,三级,31.904346,120.443448,地区级示意,https://ylj.suzhou.gov.cn/szsylj/zygk/202502/89d6aa2394994bb4b4579dedf4858c90.shtml,https://ylj.suzhou.gov.cn/szsylj/zygk/202502/89d6aa2394994bb4b4579dedf4858c90/files/97315108081f4d83bb479308a7c3b831.docx
张家港市-张49,张家港市,张49,银杏,Ginkgo biloba L.,145,17,250,8.4,塘桥镇牛桥村村委东侧,三级,31.909645,120.576061,地区级示意,https://ylj.suzhou.gov.cn/szsylj/zygk/202502/89d6aa2394994bb4b4579dedf4858c90.shtml,https://ylj.suzhou.gov.cn/szsylj/zygk/202502/89d6aa2394994bb4b4579dedf4858c90/files/97315108081f4d83bb479308a7c3b831.docx
张家港市-张50,张家港市,张50,银杏,Ginkgo biloba L.,135,14,184,8.25,塘桥镇牛桥村小王堂,三级,31.912344,120.569329,地区级示意,https://ylj.suzhou.gov.cn/szsylj/zygk/202502/89d6aa2394994bb4b4579dedf4858c90.shtml,https://ylj.suzhou.gov.cn/szsylj/zygk/202502/89d6aa2394994bb4b4579dedf4858c90/files/97315108081f4d83bb479308a7c3b831.docx
张家港市-张51,张家港市,张51,银杏,Ginkgo biloba L.,135,15,170,5.45,塘桥镇牛桥村小王堂,三级,31.840175,120.461483,地区级示意,https://ylj.suzhou.gov.cn/szsylj/zygk/202502/89d6aa2394994bb4b4579dedf4858c90.shtml,https://ylj.suzhou.gov.cn/szsylj/zygk/202502/89d6aa2394994bb4b4579dedf4858c90/files/97315108081f4d83bb479308a7c3b831.docx
张家港市-张52,张家港市,张52,银杏,Ginkgo biloba L.,365,11.5,285,10.1,塘桥镇牛桥村五厢,二级,31.881393,120.595498,地区级示意,https://ylj.suzhou.gov.cn/szsylj/zygk/202502/89d6aa2394994bb4b4579dedf4858c90.shtml,https://ylj.suzhou.gov.cn/szsylj/zygk/202502/89d6aa2394994bb4b4579dedf4858c90/files/97315108081f4d83bb479308a7c3b831.docx
张家港市-张53,张家港市,张53,银杏,Ginkgo biloba L.,365,18,455,14.4,塘桥镇牛桥村五厢,二级,31.955899,120.568225,地区级示意,https://ylj.suzhou.gov.cn/szsylj/zygk/202502/89d6aa2394994bb4b4579dedf4858c90.shtml,https://ylj.suzhou.gov.cn/szsylj/zygk/202502/89d6aa2394994bb4b4579dedf4858c90/files/97315108081f4d83bb479308a7c3b831.docx
张家港市-张54,张家港市,张54,香圆,Citrus grandis × junos,140,7.2,155,5.9,塘桥镇花园村黄泗浦公园,三级,31.925033,120.586985,地区级示意,https://ylj.suzhou.gov.cn/szsylj/zygk/202502/89d6aa2394994bb4b4579dedf4858c90.shtml,https://ylj.suzhou.gov.cn/szsylj/zygk/202502/89d6aa2394994bb4b4579dedf4858c90/files/97315108081f4d83bb479308a7c3b831.docx
张家港市-张56,张家港市,张56,银杏,Ginkgo biloba L.,315,15,325,10.5,金港街道东山村石头港路,二级,31.916036,120.453788,地区级示意,https://ylj.suzhou.gov.cn/szsylj/zygk/202502/89d6aa2394994bb4b4579dedf4858c90.shtml,https://ylj.suzhou.gov.cn/szsylj/zygk/202502/89d6aa2394994bb4b4579dedf4858c90/files/97315108081f4d83bb479308a7c3b831.docx
张家港市-张57,张家港市,张57,银杏,Ginkgo biloba L.,180,11,250,11.4,金港街道长山村宝灵庵内,三级,31.850172,120.486157,地区级示意,https://ylj.suzhou.gov.cn/szsylj/zygk/202502/89d6aa2394994bb4b4579dedf4858c90.shtml,https://ylj.suzhou.gov.cn/szsylj/zygk/202502/89d6aa2394994bb4b4579dedf4858c90/files/97315108081f4d83bb479308a7c3b831.docx
张家港市-张58,张家港市,张58,银杏,Ginkgo biloba L.,180,12,215,4.75,金港街道长山村宝灵庵内,三级,31.890879,120.534518,地区级示意,https://ylj.suzhou.gov.cn/szsylj/zygk/202502/89d6aa2394994bb4b4579dedf4858c90.shtml,https://ylj.suzhou.gov.cn/szsylj/zygk/202502/89d6aa2394994bb4b4579dedf4858c90/files/97315108081f4d83bb479308a7c3b831.docx
张家港市-张59,张家港市,张59,银杏,Ginkgo biloba L.,165,19,310,10.2,德积街道福民村北京东路,三级,31.906346,120.44505,地区级示意,https://ylj.suzhou.gov.cn/szsylj/zygk/202502/89d6aa2394994bb4b4579dedf4858c90.shtml,https://ylj.suzhou.gov.cn/szsylj/zygk/202502/89d6aa2394994bb4b4579dedf4858c90/files/97315108081f4d83bb479308a7c3b831.docx
张家港市-张61,张家港市,张61,银杏,Ginkgo biloba L.,385,22.5,415,17.6,大新镇长丰村双杏寺,二级,31.802942,120.538487,地区级示意,https://ylj.suzhou.gov.cn/szsylj/zygk/202502/89d6aa2394994bb4b4579dedf4858c90.shtml,https://ylj.suzhou.gov.cn/szsylj/zygk/202502/89d6aa2394994bb4b4579dedf4858c90/files/97315108081f4d83bb479308a7c3b831.docx
张家港市-张62,张家港市,张62,银杏,Ginkgo biloba L.,385,23,480,17.5,大新镇长丰村双杏寺,二级,31.791268,120.521838,地区级示意,https://ylj.suzhou.gov.cn/szsylj/zygk/202502/89d6aa2394994bb4b4579dedf4858c90.shtml,https://ylj.suzhou.gov.cn/szsylj/zygk/202502/89d6aa2394994bb4b4579dedf4858c90/files/97315108081f4d83bb479308a7c3b831.docx
张家港市-张63,张家港市,张63,银杏,Ginkgo biloba L.,375,23.5,340,16.25,大新镇长丰村双杏寺,二级,31.795067,120.617779,地区级示意,https://ylj.suzhou.gov.cn/szsylj/zygk/202502/89d6aa2394994bb4b4579dedf4858c90.shtml,https://ylj.suzhou.gov.cn/szsylj/zygk/202502/89d6aa2394994bb4b4579dedf4858c90/files/97315108081f4d83bb479308a7c3b831.docx
张家港市-张65,张家港市,张65,银杏,Ginkgo biloba L.,130,16,160,10.25,杨舍镇（经开区）河北村塘市粮库,三级,31.836649,120.600288,地区级示意,https://ylj.suzhou.gov.cn/szsylj/zygk/202502/89d6aa2394994bb4b4579dedf4858c90.shtml,https://ylj.suzhou.gov.cn/szsylj/zygk/202502/89d6aa2394994bb4b4579dedf4858c90/files/97315108081f4d83bb479308a7c3b831.docx
张家港市-张66,张家港市,张66,银杏,Ginkgo biloba L.,130,15,210,13.4,杨舍镇（经开区）河北村塘市粮库,三级,31.880639,120.683205,地区级示意,https://ylj.suzhou.gov.cn/szsylj/zygk/202502/89d6aa2394994bb4b4579dedf4858c90.shtml,https://ylj.suzhou.gov.cn/szsylj/zygk/202502/89d6aa2394994bb4b4579dedf4858c90/files/97315108081f4d83bb479308a7c3b831.docx
常熟市-常001,常熟市,常001,银杏,Ginkgo biloba L.,320,22.6,267,10,石梅园外,二级,31.571343,120.723337,地区级示意,https://ylj.suzhou.gov.cn/szsylj/zygk/202502/b942e632fd594c62ad810da5b62fe35c.shtml,https://ylj.suzhou.gov.cn/szsylj/zygk/202502/b942e632fd594c62ad810da5b62fe35c/files/17f5ab103c8e482997442593852b7abb.docx
常熟市-常002,常熟市,常002,银杏,Ginkgo biloba L.,520,7.5,198,9,山前部队,一级,31.553493,120.785181,地区级示意,https://ylj.suzhou.gov.cn/szsylj/zygk/202502/b942e632fd594c62ad810da5b62fe35c.shtml,https://ylj.suzhou.gov.cn/szsylj/zygk/202502/b942e632fd594c62ad810da5b62fe35c/files/17f5ab103c8e482997442593852b7abb.docx
常熟市-常003,常熟市,常003,银杏,Ginkgo biloba L.,520,20.5,329,10,山前部队,一级,31.600044,120.715966,地区级示意,https://ylj.suzhou.gov.cn/szsylj/zygk/202502/b942e632fd594c62ad810da5b62fe35c.shtml,https://ylj.suzhou.gov.cn/szsylj/zygk/202502/b942e632fd594c62ad810da5b62fe35c/files/17f5ab103c8e482997442593852b7abb.docx
常熟市-常004,常熟市,常004,银杏,Ginkgo biloba L.,520,10.3,17,6,山前部队东南围墙外,一级,31.582548,120.662216,地区级示意,https://ylj.suzhou.gov.cn/szsylj/zygk/202502/b942e632fd594c62ad810da5b62fe35c.shtml,https://ylj.suzhou.gov.cn/szsylj/zygk/202502/b942e632fd594c62ad810da5b62fe35c/files/17f5ab103c8e482997442593852b7abb.docx
常熟市-常005,常熟市,常005,银杏,Ginkgo biloba L.,320,16.1,295,14,常熟市石梅广场西,二级,31.661975,120.834035,地区级示意,https://ylj.suzhou.gov.cn/szsylj/zygk/202502/b942e632fd594c62ad810da5b62fe35c.shtml,https://ylj.suzhou.gov.cn/szsylj/zygk/202502/b942e632fd594c62ad810da5b62fe35c/files/17f5ab103c8e482997442593852b7abb.docx
常熟市-常006,常熟市,常006,银杏,Ginkgo biloba L.,420,18,286,19,石梅广场停车场西侧路边,二级,31.669889,120.862042,地区级示意,https://ylj.suzhou.gov.cn/szsylj/zygk/202502/b942e632fd594c62ad810da5b62fe35c.shtml,https://ylj.suzhou.gov.cn/szsylj/zygk/202502/b942e632fd594c62ad810da5b62fe35c/files/17f5ab103c8e482997442593852b7abb.docx
常熟市-常007,常熟市,常007,银杏,Ginkgo biloba L.,321,11,141,6,阁老坊,二级,31.576248,120.803337,地区级示意,https://ylj.suzhou.gov.cn/szsylj/zygk/202502/b942e632fd594c62ad810da5b62fe35c.shtml,https://ylj.suzhou.gov.cn/szsylj/zygk/202502/b942e632fd594c62ad810da5b62fe35c/files/17f5ab103c8e482997442593852b7abb.docx
常熟市-常008,常熟市,常008,银杏,Ginkgo biloba L.,321,11,151,9,阁老坊,二级,31.641512,120.661295,地区级示意,https://ylj.suzhou.gov.cn/szsylj/zygk/202502/b942e632fd594c62ad810da5b62fe35c.shtml,https://ylj.suzhou.gov.cn/szsylj/zygk/202502/b942e632fd594c62ad810da5b62fe35c/files/17f5ab103c8e482997442593852b7abb.docx
常熟市-常009,常熟市,常009,银杏,Ginkgo biloba L.,321,19,176,9,阁老坊,二级,31.658659,120.646342,地区级示意,https://ylj.suzhou.gov.cn/szsylj/zygk/202502/b942e632fd594c62ad810da5b62fe35c.shtml,https://ylj.suzhou.gov.cn/szsylj/zygk/202502/b942e632fd594c62ad810da5b62fe35c/files/17f5ab103c8e482997442593852b7abb.docx
常熟市-常010,常熟市,常010,银杏,Ginkgo biloba L.,321,19,138,7,阁老坊,二级,31.627984,120.645653,地区级示意,https://ylj.suzhou.gov.cn/szsylj/zygk/202502/b942e632fd594c62ad810da5b62fe35c.shtml,https://ylj.suzhou.gov.cn/szsylj/zygk/202502/b942e632fd594c62ad810da5b62fe35c/files/17f5ab103c8e482997442593852b7abb.docx
常熟市-常011,常熟市,常011,银杏,Ginkgo biloba L.,321,20,192,10,阁老坊,二级,31.636696,120.727213,地区级示意,https://ylj.suzhou.gov.cn/szsylj/zygk/202502/b942e632fd594c62ad810da5b62fe35c.shtml,https://ylj.suzhou.gov.cn/szsylj/zygk/202502/b942e632fd594c62ad810da5b62fe35c/files/17f5ab103c8e482997442593852b7abb.docx
常熟市-常012,常熟市,常012,银杏,Ginkgo biloba L.,321,19,226,9,阁老坊,二级,31.593569,120.835006,地区级示意,https://ylj.suzhou.gov.cn/szsylj/zygk/202502/b942e632fd594c62ad810da5b62fe35c.shtml,https://ylj.suzhou.gov.cn/szsylj/zygk/202502/b942e632fd594c62ad810da5b62fe35c/files/17f5ab103c8e482997442593852b7abb.docx
常熟市-常013,常熟市,常013,银杏,Ginkgo biloba L.,321,18.5,162,7,阁老坊,二级,31.633198,120.864576,地区级示意,https://ylj.suzhou.gov.cn/szsylj/zygk/202502/b942e632fd594c62ad810da5b62fe35c.shtml,https://ylj.suzhou.gov.cn/szsylj/zygk/202502/b942e632fd594c62ad810da5b62fe35c/files/17f5ab103c8e482997442593852b7abb.docx
常熟市-常014,常熟市,常014,银杏,Ginkgo biloba L.,820,26.5,509,15,方塔园,一级,31.58422,120.826369,地区级示意,https://ylj.suzhou.gov.cn/szsylj/zygk/202502/b942e632fd594c62ad810da5b62fe35c.shtml,https://ylj.suzhou.gov.cn/szsylj/zygk/202502/b942e632fd594c62ad810da5b62fe35c/files/17f5ab103c8e482997442593852b7abb.docx
常熟市-常015,常熟市,常015,银杏,Ginkgo biloba L.,420,26.5,279,16,石梅广场老干部活动中心后花园,二级,31.64893,120.788052,地区级示意,https://ylj.suzhou.gov.cn/szsylj/zygk/202502/b942e632fd594c62ad810da5b62fe35c.shtml,https://ylj.suzhou.gov.cn/szsylj/zygk/202502/b942e632fd594c62ad810da5b62fe35c/files/17f5ab103c8e482997442593852b7abb.docx
常熟市-常016,常熟市,常016,银杏,Ginkgo biloba L.,320,19,188,5,石梅广场老干部活动中心西侧花园,二级,31.719975,120.830105,地区级示意,https://ylj.suzhou.gov.cn/szsylj/zygk/202502/b942e632fd594c62ad810da5b62fe35c.shtml,https://ylj.suzhou.gov.cn/szsylj/zygk/202502/b942e632fd594c62ad810da5b62fe35c/files/17f5ab103c8e482997442593852b7abb.docx
常熟市-常017,常熟市,常017,银杏,Ginkgo biloba L.,320,13.2,292,7,虞山圣贤广场南侧路边,二级,31.665759,120.77605,地区级示意,https://ylj.suzhou.gov.cn/szsylj/zygk/202502/b942e632fd594c62ad810da5b62fe35c.shtml,https://ylj.suzhou.gov.cn/szsylj/zygk/202502/b942e632fd594c62ad810da5b62fe35c/files/17f5ab103c8e482997442593852b7abb.docx
常熟市-常018,常熟市,常018,银杏,Ginkgo biloba L.,320,18.5,427,15,李闸路90号九灵犀产业园,二级,31.609246,120.733056,地区级示意,https://ylj.suzhou.gov.cn/szsylj/zygk/202502/b942e632fd594c62ad810da5b62fe35c.shtml,https://ylj.suzhou.gov.cn/szsylj/zygk/202502/b942e632fd594c62ad810da5b62fe35c/files/17f5ab103c8e482997442593852b7abb.docx
常熟市-常019,常熟市,常019,银杏,Ginkgo biloba L.,320,16,286,11,琴湖一区34幢前,二级,31.591179,120.680599,地区级示意,https://ylj.suzhou.gov.cn/szsylj/zygk/202502/b942e632fd594c62ad810da5b62fe35c.shtml,https://ylj.suzhou.gov.cn/szsylj/zygk/202502/b942e632fd594c62ad810da5b62fe35c/files/17f5ab103c8e482997442593852b7abb.docx
常熟市-常020,常熟市,常020,银杏,Ginkgo biloba L.,320,16.5,229,10,海虞桥西侧,二级,31.599988,120.853439,地区级示意,https://ylj.suzhou.gov.cn/szsylj/zygk/202502/b942e632fd594c62ad810da5b62fe35c.shtml,https://ylj.suzhou.gov.cn/szsylj/zygk/202502/b942e632fd594c62ad810da5b62fe35c/files/17f5ab103c8e482997442593852b7abb.docx
常熟市-常021,常熟市,常021,黄杨,Buxus sinica (Rehder & E. H. Wilson) M. Cheng,320,7.8,55,6,石梅园内,二级,31.589677,120.826431,地区级示意,https://ylj.suzhou.gov.cn/szsylj/zygk/202502/b942e632fd594c62ad810da5b62fe35c.shtml,https://ylj.suzhou.gov.cn/szsylj/zygk/202502/b942e632fd594c62ad810da5b62fe35c/files/17f5ab103c8e482997442593852b7abb.docx
常熟市-常022,常熟市,常022,黄杨,Buxus sinica (Rehder & E. H. Wilson) M. Cheng,320,8,75,8,翁同龢纪念馆,二级,31.632776,120.654473,地区级示意,https://ylj.suzhou.gov.cn/szsylj/zygk/202502/b942e632fd594c62ad810da5b62fe35c.shtml,https://ylj.suzhou.gov.cn/szsylj/zygk/202502/b942e632fd594c62ad810da5b62fe35c/files/17f5ab103c8e482997442593852b7abb.docx
常熟市-常023,常熟市,常023,黄杨,Buxus sinica (Rehder & E. H. Wilson) M. Cheng,320,8,69,5,翁同龢纪念馆,二级,31.688796,120.669715,地区级示意,https://ylj.suzhou.gov.cn/szsylj/zygk/202502/b942e632fd594c62ad810da5b62fe35c.shtml,https://ylj.suzhou.gov.cn/szsylj/zygk/202502/b942e632fd594c62ad810da5b62fe35c/files/17f5ab103c8e482997442593852b7abb.docx
常熟市-常024,常熟市,常024,枫香,Liquidambar formosana Hance,320,26.5,264,15,常熟市书画院读书台,二级,31.587175,120.758444,地区级示意,https://ylj.suzhou.gov.cn/szsylj/zygk/202502/b942e632fd594c62ad810da5b62fe35c.shtml,https://ylj.suzhou.gov.cn/szsylj/zygk/202502/b942e632fd594c62ad810da5b62fe35c/files/17f5ab103c8e482997442593852b7abb.docx
常熟市-常025,常熟市,常025,栓皮栎,Quercus variabilis Blume,420,16,188,16,常熟市书画院读书台,二级,31.698291,120.739993,地区级示意,https://ylj.suzhou.gov.cn/szsylj/zygk/202502/b942e632fd594c62ad810da5b62fe35c.shtml,https://ylj.suzhou.gov.cn/szsylj/zygk/202502/b942e632fd594c62ad810da5b62fe35c/files/17f5ab103c8e482997442593852b7abb.docx
常熟市-常026,常熟市,常026,栓皮栎,Quercus variabilis Blume,420,20,176,9,常熟市书画院读书台,二级,31.6116,120.854728,地区级示意,https://ylj.suzhou.gov.cn/szsylj/zygk/202502/b942e632fd594c62ad810da5b62fe35c.shtml,https://ylj.suzhou.gov.cn/szsylj/zygk/202502/b942e632fd594c62ad810da5b62fe35c/files/17f5ab103c8e482997442593852b7abb.docx
常熟市-常027,常熟市,常027,大叶榉树,Zelkova schneideriana Hand.-Mazz.,420,14,141,7,常熟市书画院读书台,二级,31.568651,120.733194,地区级示意,https://ylj.suzhou.gov.cn/szsylj/zygk/202502/b942e632fd594c62ad810da5b62fe35c.shtml,https://ylj.suzhou.gov.cn/szsylj/zygk/202502/b942e632fd594c62ad810da5b62fe35c/files/17f5ab103c8e482997442593852b7abb.docx
常熟市-常028,常熟市,常028,大叶榉树,Zelkova schneideriana Hand.-Mazz.,420,5,126,2,常熟市书画院读书台,二级,31.675794,120.772133,地区级示意,https://ylj.suzhou.gov.cn/szsylj/zygk/202502/b942e632fd594c62ad810da5b62fe35c.shtml,https://ylj.suzhou.gov.cn/szsylj/zygk/202502/b942e632fd594c62ad810da5b62fe35c/files/17f5ab103c8e482997442593852b7abb.docx
常熟市-常031,常熟市,常031,大叶榉树,Zelkova schneideriana Hand.-Mazz.,420,15,295,9,常熟市书画院读书台,二级,31.656262,120.862843,地区级示意,https://ylj.suzhou.gov.cn/szsylj/zygk/202502/b942e632fd594c62ad810da5b62fe35c.shtml,https://ylj.suzhou.gov.cn/szsylj/zygk/202502/b942e632fd594c62ad810da5b62fe35c/files/17f5ab103c8e482997442593852b7abb.docx
常熟市-常032,常熟市,常032,朴树,Celtis sinensis Pers.,420,10,110,11,常熟市书画院读书台,二级,31.731875,120.733472,地区级示意,https://ylj.suzhou.gov.cn/szsylj/zygk/202502/b942e632fd594c62ad810da5b62fe35c.shtml,https://ylj.suzhou.gov.cn/szsylj/zygk/202502/b942e632fd594c62ad810da5b62fe35c/files/17f5ab103c8e482997442593852b7abb.docx
常熟市-常034,常熟市,常034,圆柏,Juniperus chinensis Roxb.,320,8.5,85,3,赵园梅泉东,二级,31.689907,120.733859,地区级示意,https://ylj.suzhou.gov.cn/szsylj/zygk/202502/b942e632fd594c62ad810da5b62fe35c.shtml,https://ylj.suzhou.gov.cn/szsylj/zygk/202502/b942e632fd594c62ad810da5b62fe35c/files/17f5ab103c8e482997442593852b7abb.docx
常熟市-常035,常熟市,常035,圆柏,Juniperus chinensis Roxb.,420,19,88,4,虞山公园1号门操场跑道内,二级,31.658278,120.751507,地区级示意,https://ylj.suzhou.gov.cn/szsylj/zygk/202502/b942e632fd594c62ad810da5b62fe35c.shtml,https://ylj.suzhou.gov.cn/szsylj/zygk/202502/b942e632fd594c62ad810da5b62fe35c/files/17f5ab103c8e482997442593852b7abb.docx
常熟市-常036,常熟市,常036,圆柏,Juniperus chinensis Roxb.,365,11.5,129,4,赵园梅泉东,二级,31.694324,120.82876,地区级示意,https://ylj.suzhou.gov.cn/szsylj/zygk/202502/b942e632fd594c62ad810da5b62fe35c.shtml,https://ylj.suzhou.gov.cn/szsylj/zygk/202502/b942e632fd594c62ad810da5b62fe35c/files/17f5ab103c8e482997442593852b7abb.docx
常熟市-常037,常熟市,常037,罗汉松,Podocarpus macrophyllus (Thunb.) Sweet,320,10.4,166,10,虞山公园西城楼阁,二级,31.675215,120.662814,地区级示意,https://ylj.suzhou.gov.cn/szsylj/zygk/202502/b942e632fd594c62ad810da5b62fe35c.shtml,https://ylj.suzhou.gov.cn/szsylj/zygk/202502/b942e632fd594c62ad810da5b62fe35c/files/17f5ab103c8e482997442593852b7abb.docx
常熟市-常038,常熟市,常038,罗汉松,Podocarpus macrophyllus (Thunb.) Sweet,320,7.5,26,7,常熟市第一中学,二级,31.621415,120.654986,地区级示意,https://ylj.suzhou.gov.cn/szsylj/zygk/202502/b942e632fd594c62ad810da5b62fe35c.shtml,https://ylj.suzhou.gov.cn/szsylj/zygk/202502/b942e632fd594c62ad810da5b62fe35c/files/17f5ab103c8e482997442593852b7abb.docx
常熟市-常039,常熟市,常039,罗汉松,Podocarpus macrophyllus (Thunb.) Sweet,320,11.7,148,9,虞山公园倚晴园内,二级,31.68899,120.749315,地区级示意,https://ylj.suzhou.gov.cn/szsylj/zygk/202502/b942e632fd594c62ad810da5b62fe35c.shtml,https://ylj.suzhou.gov.cn/szsylj/zygk/202502/b942e632fd594c62ad810da5b62fe35c/files/17f5ab103c8e482997442593852b7abb.docx
常熟市-常040,常熟市,常040,罗汉松,Podocarpus macrophyllus (Thunb.) Sweet,320,8.2,122,5,南泾堂16号,二级,31.549458,120.75143,地区级示意,https://ylj.suzhou.gov.cn/szsylj/zygk/202502/b942e632fd594c62ad810da5b62fe35c.shtml,https://ylj.suzhou.gov.cn/szsylj/zygk/202502/b942e632fd594c62ad810da5b62fe35c/files/17f5ab103c8e482997442593852b7abb.docx
常熟市-常042,常熟市,常042,红豆树,Ormosia hosiei Hemsl. & E. H. Wilson,420,15,239,13,西门大街123号,二级,31.656363,120.780467,地区级示意,https://ylj.suzhou.gov.cn/szsylj/zygk/202502/b942e632fd594c62ad810da5b62fe35c.shtml,https://ylj.suzhou.gov.cn/szsylj/zygk/202502/b942e632fd594c62ad810da5b62fe35c/files/17f5ab103c8e482997442593852b7abb.docx
常熟市-常043,常熟市,常043,红豆树,Ormosia hosiei Hemsl. & E. H. Wilson,370,20,176,11,曾园曾朴纪念馆门前,二级,31.63186,120.72711,地区级示意,https://ylj.suzhou.gov.cn/szsylj/zygk/202502/b942e632fd594c62ad810da5b62fe35c.shtml,https://ylj.suzhou.gov.cn/szsylj/zygk/202502/b942e632fd594c62ad810da5b62fe35c/files/17f5ab103c8e482997442593852b7abb.docx
常熟市-常044,常熟市,常044,香樟,Camphora officinarum Nees,370,19,468,20,曾园南入口,二级,31.598902,120.673876,地区级示意,https://ylj.suzhou.gov.cn/szsylj/zygk/202502/b942e632fd594c62ad810da5b62fe35c.shtml,https://ylj.suzhou.gov.cn/szsylj/zygk/202502/b942e632fd594c62ad810da5b62fe35c/files/17f5ab103c8e482997442593852b7abb.docx
常熟市-常045,常熟市,常045,香樟,Camphora officinarum Nees,320,20.4,248,19,虞山公园1号门操场跑道内,二级,31.685644,120.664475,地区级示意,https://ylj.suzhou.gov.cn/szsylj/zygk/202502/b942e632fd594c62ad810da5b62fe35c.shtml,https://ylj.suzhou.gov.cn/szsylj/zygk/202502/b942e632fd594c62ad810da5b62fe35c/files/17f5ab103c8e482997442593852b7abb.docx
常熟市-常046,常熟市,常046,香樟,Camphora officinarum Nees,320,22,279,21,虞山公园1号门操场跑道内,二级,31.676005,120.744071,地区级示意,https://ylj.suzhou.gov.cn/szsylj/zygk/202502/b942e632fd594c62ad810da5b62fe35c.shtml,https://ylj.suzhou.gov.cn/szsylj/zygk/202502/b942e632fd594c62ad810da5b62fe35c/files/17f5ab103c8e482997442593852b7abb.docx
常熟市-常047,常熟市,常047,香樟,Camphora officinarum Nees,420,22,333,21,虞山公园1号门操场跑道内,二级,31.62223,120.674376,地区级示意,https://ylj.suzhou.gov.cn/szsylj/zygk/202502/b942e632fd594c62ad810da5b62fe35c.shtml,https://ylj.suzhou.gov.cn/szsylj/zygk/202502/b942e632fd594c62ad810da5b62fe35c/files/17f5ab103c8e482997442593852b7abb.docx
常熟市-常048,常熟市,常048,枫杨,Pterocarya stenoptera C. DC.,320,16.7,452,12,虞山街道绣品弄8号,二级,31.700771,120.84211,地区级示意,https://ylj.suzhou.gov.cn/szsylj/zygk/202502/b942e632fd594c62ad810da5b62fe35c.shtml,https://ylj.suzhou.gov.cn/szsylj/zygk/202502/b942e632fd594c62ad810da5b62fe35c/files/17f5ab103c8e482997442593852b7abb.docx
常熟市-常049,常熟市,常049,凌霄,Campsis grandiflora (Thunb.) Schum.,320,3.5,22,2,燕园北门,二级,31.645669,120.76915,地区级示意,https://ylj.suzhou.gov.cn/szsylj/zygk/202502/b942e632fd594c62ad810da5b62fe35c.shtml,https://ylj.suzhou.gov.cn/szsylj/zygk/202502/b942e632fd594c62ad810da5b62fe35c/files/17f5ab103c8e482997442593852b7abb.docx
常熟市-常050,常熟市,常050,银杏,Ginkgo biloba L.,120,24.4,220,12,石梅园外,三级,31.70834,120.773598,地区级示意,https://ylj.suzhou.gov.cn/szsylj/zygk/202502/b942e632fd594c62ad810da5b62fe35c.shtml,https://ylj.suzhou.gov.cn/szsylj/zygk/202502/b942e632fd594c62ad810da5b62fe35c/files/17f5ab103c8e482997442593852b7abb.docx
常熟市-常051,常熟市,常051,银杏,Ginkgo biloba L.,120,10.4,116,8,石梅园外,三级,31.666614,120.855695,地区级示意,https://ylj.suzhou.gov.cn/szsylj/zygk/202502/b942e632fd594c62ad810da5b62fe35c.shtml,https://ylj.suzhou.gov.cn/szsylj/zygk/202502/b942e632fd594c62ad810da5b62fe35c/files/17f5ab103c8e482997442593852b7abb.docx
常熟市-常052,常熟市,常052,银杏,Ginkgo biloba L.,220,18.5,289,11,常熟市石梅小学,三级,31.726939,120.69041,地区级示意,https://ylj.suzhou.gov.cn/szsylj/zygk/202502/b942e632fd594c62ad810da5b62fe35c.shtml,https://ylj.suzhou.gov.cn/szsylj/zygk/202502/b942e632fd594c62ad810da5b62fe35c/files/17f5ab103c8e482997442593852b7abb.docx
常熟市-常053,常熟市,常053,银杏,Ginkgo biloba L.,220,17.7,245,11,常熟市石梅小学,三级,31.581461,120.766924,地区级示意,https://ylj.suzhou.gov.cn/szsylj/zygk/202502/b942e632fd594c62ad810da5b62fe35c.shtml,https://ylj.suzhou.gov.cn/szsylj/zygk/202502/b942e632fd594c62ad810da5b62fe35c/files/17f5ab103c8e482997442593852b7abb.docx
常熟市-常054,常熟市,常054,银杏,Ginkgo biloba L.,220,18.9,119,8,常熟市石梅小学,三级,31.704019,120.792514,地区级示意,https://ylj.suzhou.gov.cn/szsylj/zygk/202502/b942e632fd594c62ad810da5b62fe35c.shtml,https://ylj.suzhou.gov.cn/szsylj/zygk/202502/b942e632fd594c62ad810da5b62fe35c/files/17f5ab103c8e482997442593852b7abb.docx
常熟市-常055,常熟市,常055,银杏,Ginkgo biloba L.,170,19.3,248,15,常熟市第一人民医院之园,三级,31.645983,120.86283,地区级示意,https://ylj.suzhou.gov.cn/szsylj/zygk/202502/b942e632fd594c62ad810da5b62fe35c.shtml,https://ylj.suzhou.gov.cn/szsylj/zygk/202502/b942e632fd594c62ad810da5b62fe35c/files/17f5ab103c8e482997442593852b7abb.docx
常熟市-常056,常熟市,常056,银杏,Ginkgo biloba L.,220,19.5,292,12,学前街神庙弄9号,三级,31.65705,120.830414,地区级示意,https://ylj.suzhou.gov.cn/szsylj/zygk/202502/b942e632fd594c62ad810da5b62fe35c.shtml,https://ylj.suzhou.gov.cn/szsylj/zygk/202502/b942e632fd594c62ad810da5b62fe35c/files/17f5ab103c8e482997442593852b7abb.docx
常熟市-常057,常熟市,常057,银杏,Ginkgo biloba L.,170,18.3,181,10,石梅广场,三级,31.626639,120.848867,地区级示意,https://ylj.suzhou.gov.cn/szsylj/zygk/202502/b942e632fd594c62ad810da5b62fe35c.shtml,https://ylj.suzhou.gov.cn/szsylj/zygk/202502/b942e632fd594c62ad810da5b62fe35c/files/17f5ab103c8e482997442593852b7abb.docx
常熟市-常058,常熟市,常058,银杏,Ginkgo biloba L.,220,17,214,10,虞山街道六弦河小区,三级,31.733408,120.735286,地区级示意,https://ylj.suzhou.gov.cn/szsylj/zygk/202502/b942e632fd594c62ad810da5b62fe35c.shtml,https://ylj.suzhou.gov.cn/szsylj/zygk/202502/b942e632fd594c62ad810da5b62fe35c/files/17f5ab103c8e482997442593852b7abb.docx
常熟市-常059,常熟市,常059,银杏,Ginkgo biloba L.,220,8.8,179,11,杨家桥195号琴湖花园城广场,三级,31.584769,120.714654,地区级示意,https://ylj.suzhou.gov.cn/szsylj/zygk/202502/b942e632fd594c62ad810da5b62fe35c.shtml,https://ylj.suzhou.gov.cn/szsylj/zygk/202502/b942e632fd594c62ad810da5b62fe35c/files/17f5ab103c8e482997442593852b7abb.docx
常熟市-常060,常熟市,常060,银杏,Ginkgo biloba L.,220,15.3,216,10,杨家桥195号琴湖花园城广场,三级,31.677222,120.856807,地区级示意,https://ylj.suzhou.gov.cn/szsylj/zygk/202502/b942e632fd594c62ad810da5b62fe35c.shtml,https://ylj.suzhou.gov.cn/szsylj/zygk/202502/b942e632fd594c62ad810da5b62fe35c/files/17f5ab103c8e482997442593852b7abb.docx
常熟市-常061,常熟市,常061,黄杨,Buxus sinica (Rehder & E. H. Wilson) M. Cheng,120,4,48,5,常熟市书画院读书台,三级,31.582786,120.713006,地区级示意,https://ylj.suzhou.gov.cn/szsylj/zygk/202502/b942e632fd594c62ad810da5b62fe35c.shtml,https://ylj.suzhou.gov.cn/szsylj/zygk/202502/b942e632fd594c62ad810da5b62fe35c/files/17f5ab103c8e482997442593852b7abb.docx
常熟市-常062,常熟市,常062,黄杨,Buxus sinica (Rehder & E. H. Wilson) M. Cheng,120,2,31,3,常熟市书画院读书台,三级,31.605784,120.783267,地区级示意,https://ylj.suzhou.gov.cn/szsylj/zygk/202502/b942e632fd594c62ad810da5b62fe35c.shtml,https://ylj.suzhou.gov.cn/szsylj/zygk/202502/b942e632fd594c62ad810da5b62fe35c/files/17f5ab103c8e482997442593852b7abb.docx
常熟市-常063,常熟市,常063,黄杨,Buxus sinica (Rehder & E. H. Wilson) M. Cheng,120,2.5,28,4,常熟市书画院读书台,三级,31.620699,120.77381,地区级示意,https://ylj.suzhou.gov.cn/szsylj/zygk/202502/b942e632fd594c62ad810da5b62fe35c.shtml,https://ylj.suzhou.gov.cn/szsylj/zygk/202502/b942e632fd594c62ad810da5b62fe35c/files/17f5ab103c8e482997442593852b7abb.docx
常熟市-常064,常熟市,常064,黄杨,Buxus sinica (Rehder & E. H. Wilson) M. Cheng,120,4.5,76,5,山前部队,三级,31.58938,120.747762,地区级示意,https://ylj.suzhou.gov.cn/szsylj/zygk/202502/b942e632fd594c62ad810da5b62fe35c.shtml,https://ylj.suzhou.gov.cn/szsylj/zygk/202502/b942e632fd594c62ad810da5b62fe35c/files/17f5ab103c8e482997442593852b7abb.docx
常熟市-常065,常熟市,常065,黄杨,Buxus sinica (Rehder & E. H. Wilson) M. Cheng,120,6,57,5,曾园南入口,三级,31.685268,120.820139,地区级示意,https://ylj.suzhou.gov.cn/szsylj/zygk/202502/b942e632fd594c62ad810da5b62fe35c.shtml,https://ylj.suzhou.gov.cn/szsylj/zygk/202502/b942e632fd594c62ad810da5b62fe35c/files/17f5ab103c8e482997442593852b7abb.docx
常熟市-常066,常熟市,常066,黄杨,Buxus sinica (Rehder & E. H. Wilson) M. Cheng,120,5.7,52,5,赵园娱晖草堂,三级,31.720908,120.73787,地区级示意,https://ylj.suzhou.gov.cn/szsylj/zygk/202502/b942e632fd594c62ad810da5b62fe35c.shtml,https://ylj.suzhou.gov.cn/szsylj/zygk/202502/b942e632fd594c62ad810da5b62fe35c/files/17f5ab103c8e482997442593852b7abb.docx
常熟市-常067,常熟市,常067,黄杨,Buxus sinica (Rehder & E. H. Wilson) M. Cheng,120,6,50,6,赵园娱晖草堂,三级,31.599536,120.737376,地区级示意,https://ylj.suzhou.gov.cn/szsylj/zygk/202502/b942e632fd594c62ad810da5b62fe35c.shtml,https://ylj.suzhou.gov.cn/szsylj/zygk/202502/b942e632fd594c62ad810da5b62fe35c/files/17f5ab103c8e482997442593852b7abb.docx
常熟市-常068,常熟市,常068,黄杨,Buxus sinica (Rehder & E. H. Wilson) M. Cheng,120,6.3,45,7,赵园梅泉东,三级,31.652528,120.87102,地区级示意,https://ylj.suzhou.gov.cn/szsylj/zygk/202502/b942e632fd594c62ad810da5b62fe35c.shtml,https://ylj.suzhou.gov.cn/szsylj/zygk/202502/b942e632fd594c62ad810da5b62fe35c/files/17f5ab103c8e482997442593852b7abb.docx
常熟市-常069,常熟市,常069,黄杨,Buxus sinica (Rehder & E. H. Wilson) M. Cheng,220,5.5,94,6,常熟市第一人民医院之园长廊旁,三级,31.750834,120.785086,地区级示意,https://ylj.suzhou.gov.cn/szsylj/zygk/202502/b942e632fd594c62ad810da5b62fe35c.shtml,https://ylj.suzhou.gov.cn/szsylj/zygk/202502/b942e632fd594c62ad810da5b62fe35c/files/17f5ab103c8e482997442593852b7abb.docx
常熟市-常070,常熟市,常070,黄杨,Buxus sinica (Rehder & E. H. Wilson) M. Cheng,220,6.3,38,7,常熟市第一人民医院,三级,31.678719,120.818,地区级示意,https://ylj.suzhou.gov.cn/szsylj/zygk/202502/b942e632fd594c62ad810da5b62fe35c.shtml,https://ylj.suzhou.gov.cn/szsylj/zygk/202502/b942e632fd594c62ad810da5b62fe35c/files/17f5ab103c8e482997442593852b7abb.docx
常熟市-常073,常熟市,常073,黄杨,Buxus sinica (Rehder & E. H. Wilson) M. Cheng,120,7,91,6,中巷书院,三级,31.634616,120.640509,地区级示意,https://ylj.suzhou.gov.cn/szsylj/zygk/202502/b942e632fd594c62ad810da5b62fe35c.shtml,https://ylj.suzhou.gov.cn/szsylj/zygk/202502/b942e632fd594c62ad810da5b62fe35c/files/17f5ab103c8e482997442593852b7abb.docx
常熟市-常074,常熟市,常074,黄杨,Buxus sinica (Rehder & E. H. Wilson) M. Cheng,120,2.2,41,4,石梅广场西停车场,三级,31.574736,120.821243,地区级示意,https://ylj.suzhou.gov.cn/szsylj/zygk/202502/b942e632fd594c62ad810da5b62fe35c.shtml,https://ylj.suzhou.gov.cn/szsylj/zygk/202502/b942e632fd594c62ad810da5b62fe35c/files/17f5ab103c8e482997442593852b7abb.docx
常熟市-常075,常熟市,常075,黄杨,Buxus sinica (Rehder & E. H. Wilson) M. Cheng,120,4,53,6,石梅广场西停车场,三级,31.708711,120.646849,地区级示意,https://ylj.suzhou.gov.cn/szsylj/zygk/202502/b942e632fd594c62ad810da5b62fe35c.shtml,https://ylj.suzhou.gov.cn/szsylj/zygk/202502/b942e632fd594c62ad810da5b62fe35c/files/17f5ab103c8e482997442593852b7abb.docx
常熟市-常076,常熟市,常076,黄杨,Buxus sinica (Rehder & E. H. Wilson) M. Cheng,120,6.5,60,6,方塔园虹隐居,三级,31.609244,120.814125,地区级示意,https://ylj.suzhou.gov.cn/szsylj/zygk/202502/b942e632fd594c62ad810da5b62fe35c.shtml,https://ylj.suzhou.gov.cn/szsylj/zygk/202502/b942e632fd594c62ad810da5b62fe35c/files/17f5ab103c8e482997442593852b7abb.docx
常熟市-常078,常熟市,常078,黄杨,Buxus sinica (Rehder & E. H. Wilson) M. Cheng,120,8.5,53,6,方塔园门泉古井旁,三级,31.5866,120.787421,地区级示意,https://ylj.suzhou.gov.cn/szsylj/zygk/202502/b942e632fd594c62ad810da5b62fe35c.shtml,https://ylj.suzhou.gov.cn/szsylj/zygk/202502/b942e632fd594c62ad810da5b62fe35c/files/17f5ab103c8e482997442593852b7abb.docx
常熟市-常079,常熟市,常079,黄杨,Buxus sinica (Rehder & E. H. Wilson) M. Cheng,220,7.5,66,7,方塔园东侧花坛,三级,31.606386,120.769599,地区级示意,https://ylj.suzhou.gov.cn/szsylj/zygk/202502/b942e632fd594c62ad810da5b62fe35c.shtml,https://ylj.suzhou.gov.cn/szsylj/zygk/202502/b942e632fd594c62ad810da5b62fe35c/files/17f5ab103c8e482997442593852b7abb.docx
常熟市-常080,常熟市,常080,黄杨,Buxus sinica (Rehder & E. H. Wilson) M. Cheng,120,6.7,47,6,方塔园文渊亭前,三级,31.630251,120.76793,地区级示意,https://ylj.suzhou.gov.cn/szsylj/zygk/202502/b942e632fd594c62ad810da5b62fe35c.shtml,https://ylj.suzhou.gov.cn/szsylj/zygk/202502/b942e632fd594c62ad810da5b62fe35c/files/17f5ab103c8e482997442593852b7abb.docx
常熟市-常081,常熟市,常081,黄杨,Buxus sinica (Rehder & E. H. Wilson) M. Cheng,170,7,60,5,方塔园东侧花坛,三级,31.58528,120.663518,地区级示意,https://ylj.suzhou.gov.cn/szsylj/zygk/202502/b942e632fd594c62ad810da5b62fe35c.shtml,https://ylj.suzhou.gov.cn/szsylj/zygk/202502/b942e632fd594c62ad810da5b62fe35c/files/17f5ab103c8e482997442593852b7abb.docx
常熟市-常082,常熟市,常082,黄杨,Buxus sinica (Rehder & E. H. Wilson) M. Cheng,120,4.5,44,6,方塔园藏春轩绿地,三级,31.642388,120.639905,地区级示意,https://ylj.suzhou.gov.cn/szsylj/zygk/202502/b942e632fd594c62ad810da5b62fe35c.shtml,https://ylj.suzhou.gov.cn/szsylj/zygk/202502/b942e632fd594c62ad810da5b62fe35c/files/17f5ab103c8e482997442593852b7abb.docx
常熟市-常083,常熟市,常083,黄杨,Buxus sinica (Rehder & E. H. Wilson) M. Cheng,120,6,38,7,方塔园东南绿地,三级,31.676064,120.719707,地区级示意,https://ylj.suzhou.gov.cn/szsylj/zygk/202502/b942e632fd594c62ad810da5b62fe35c.shtml,https://ylj.suzhou.gov.cn/szsylj/zygk/202502/b942e632fd594c62ad810da5b62fe35c/files/17f5ab103c8e482997442593852b7abb.docx
常熟市-常084,常熟市,常084,黄杨,Buxus sinica (Rehder & E. H. Wilson) M. Cheng,120,4,44,3,虞见唐宅民宿内,三级,31.738836,120.734143,地区级示意,https://ylj.suzhou.gov.cn/szsylj/zygk/202502/b942e632fd594c62ad810da5b62fe35c.shtml,https://ylj.suzhou.gov.cn/szsylj/zygk/202502/b942e632fd594c62ad810da5b62fe35c/files/17f5ab103c8e482997442593852b7abb.docx
常熟市-常085,常熟市,常085,黄杨,Buxus sinica (Rehder & E. H. Wilson) M. Cheng,120,7,58,5,香格丽花园南门,三级,31.618243,120.700416,地区级示意,https://ylj.suzhou.gov.cn/szsylj/zygk/202502/b942e632fd594c62ad810da5b62fe35c.shtml,https://ylj.suzhou.gov.cn/szsylj/zygk/202502/b942e632fd594c62ad810da5b62fe35c/files/17f5ab103c8e482997442593852b7abb.docx
常熟市-常086,常熟市,常086,黄杨,Buxus sinica (Rehder & E. H. Wilson) M. Cheng,120,6.3,35,6,香格丽花园南门,三级,31.588952,120.698847,地区级示意,https://ylj.suzhou.gov.cn/szsylj/zygk/202502/b942e632fd594c62ad810da5b62fe35c.shtml,https://ylj.suzhou.gov.cn/szsylj/zygk/202502/b942e632fd594c62ad810da5b62fe35c/files/17f5ab103c8e482997442593852b7abb.docx
常熟市-常087,常熟市,常087,黄杨,Buxus sinica (Rehder & E. H. Wilson) M. Cheng,220,8,88,7,虞山街道东市河小区,三级,31.576262,120.823499,地区级示意,https://ylj.suzhou.gov.cn/szsylj/zygk/202502/b942e632fd594c62ad810da5b62fe35c.shtml,https://ylj.suzhou.gov.cn/szsylj/zygk/202502/b942e632fd594c62ad810da5b62fe35c/files/17f5ab103c8e482997442593852b7abb.docx
常熟市-常088,常熟市,常088,黄杨,Buxus sinica (Rehder & E. H. Wilson) M. Cheng,120,4.5,60,5,燕园五芝室门前,三级,31.62346,120.661844,地区级示意,https://ylj.suzhou.gov.cn/szsylj/zygk/202502/b942e632fd594c62ad810da5b62fe35c.shtml,https://ylj.suzhou.gov.cn/szsylj/zygk/202502/b942e632fd594c62ad810da5b62fe35c/files/17f5ab103c8e482997442593852b7abb.docx
常熟市-常089,常熟市,常089,黄杨,Buxus sinica (Rehder & E. H. Wilson) M. Cheng,120,4.1,47,4,燕园五芝室门前,三级,31.68756,120.673003,地区级示意,https://ylj.suzhou.gov.cn/szsylj/zygk/202502/b942e632fd594c62ad810da5b62fe35c.shtml,https://ylj.suzhou.gov.cn/szsylj/zygk/202502/b942e632fd594c62ad810da5b62fe35c/files/17f5ab103c8e482997442593852b7abb.docx
常熟市-常090,常熟市,常090,黄杨,Buxus sinica (Rehder & E. H. Wilson) M. Cheng,170,5.5,50,4,燕园移门前,三级,31.73274,120.800364,地区级示意,https://ylj.suzhou.gov.cn/szsylj/zygk/202502/b942e632fd594c62ad810da5b62fe35c.shtml,https://ylj.suzhou.gov.cn/szsylj/zygk/202502/b942e632fd594c62ad810da5b62fe35c/files/17f5ab103c8e482997442593852b7abb.docx
常熟市-常092,常熟市,常092,黄杨,Buxus sinica (Rehder & E. H. Wilson) M. Cheng,170,4,79,5,虞山公园栗兰茶室南绿地,三级,31.5713,120.709972,地区级示意,https://ylj.suzhou.gov.cn/szsylj/zygk/202502/b942e632fd594c62ad810da5b62fe35c.shtml,https://ylj.suzhou.gov.cn/szsylj/zygk/202502/b942e632fd594c62ad810da5b62fe35c/files/17f5ab103c8e482997442593852b7abb.docx
常熟市-常093,常熟市,常093,黄杨,Buxus sinica (Rehder & E. H. Wilson) M. Cheng,120,7.5,91,4,虞山南路7号旁山前坊创意街区,三级,31.59921,120.660539,地区级示意,https://ylj.suzhou.gov.cn/szsylj/zygk/202502/b942e632fd594c62ad810da5b62fe35c.shtml,https://ylj.suzhou.gov.cn/szsylj/zygk/202502/b942e632fd594c62ad810da5b62fe35c/files/17f5ab103c8e482997442593852b7abb.docx
常熟市-常094,常熟市,常094,黄杨,Buxus sinica (Rehder & E. H. Wilson) M. Cheng,120,4.4,50,7,尚湖风景区四景园湖边,三级,31.631367,120.865253,地区级示意,https://ylj.suzhou.gov.cn/szsylj/zygk/202502/b942e632fd594c62ad810da5b62fe35c.shtml,https://ylj.suzhou.gov.cn/szsylj/zygk/202502/b942e632fd594c62ad810da5b62fe35c/files/17f5ab103c8e482997442593852b7abb.docx
常熟市-常095,常熟市,常095,枫杨,Pterocarya stenoptera C. DC.,120,17.3,185,12,常熟市书画院读书台,三级,31.676713,120.740261,地区级示意,https://ylj.suzhou.gov.cn/szsylj/zygk/202502/b942e632fd594c62ad810da5b62fe35c.shtml,https://ylj.suzhou.gov.cn/szsylj/zygk/202502/b942e632fd594c62ad810da5b62fe35c/files/17f5ab103c8e482997442593852b7abb.docx
常熟市-常096,常熟市,常096,枫杨,Pterocarya stenoptera C. DC.,120,24.5,201,22,常熟市书画院读书台,三级,31.582405,120.747078,地区级示意,https://ylj.suzhou.gov.cn/szsylj/zygk/202502/b942e632fd594c62ad810da5b62fe35c.shtml,https://ylj.suzhou.gov.cn/szsylj/zygk/202502/b942e632fd594c62ad810da5b62fe35c/files/17f5ab103c8e482997442593852b7abb.docx
常熟市-常097,常熟市,常097,银杏,Ginkgo biloba L.,120,30,308,18,石梅广场老干部活动中心西侧花园,三级,31.562911,120.745632,地区级示意,https://ylj.suzhou.gov.cn/szsylj/zygk/202502/b942e632fd594c62ad810da5b62fe35c.shtml,https://ylj.suzhou.gov.cn/szsylj/zygk/202502/b942e632fd594c62ad810da5b62fe35c/files/17f5ab103c8e482997442593852b7abb.docx
常熟市-常098,常熟市,常098,枫杨,Pterocarya stenoptera C. DC.,120,21,232,24,石梅广场老干部活动中心门前,三级,31.629419,120.799088,地区级示意,https://ylj.suzhou.gov.cn/szsylj/zygk/202502/b942e632fd594c62ad810da5b62fe35c.shtml,https://ylj.suzhou.gov.cn/szsylj/zygk/202502/b942e632fd594c62ad810da5b62fe35c/files/17f5ab103c8e482997442593852b7abb.docx
常熟市-常099,常熟市,常099,枫杨,Pterocarya stenoptera C. DC.,120,26.1,251,17,石梅广场老干部活动中心门前,三级,31.64469,120.849533,地区级示意,https://ylj.suzhou.gov.cn/szsylj/zygk/202502/b942e632fd594c62ad810da5b62fe35c.shtml,https://ylj.suzhou.gov.cn/szsylj/zygk/202502/b942e632fd594c62ad810da5b62fe35c/files/17f5ab103c8e482997442593852b7abb.docx
常熟市-常100,常熟市,常100,枫杨,Pterocarya stenoptera C. DC.,120,22.5,182,18,石梅广场老干部活动中心门前,三级,31.667393,120.740605,地区级示意,https://ylj.suzhou.gov.cn/szsylj/zygk/202502/b942e632fd594c62ad810da5b62fe35c.shtml,https://ylj.suzhou.gov.cn/szsylj/zygk/202502/b942e632fd594c62ad810da5b62fe35c/files/17f5ab103c8e482997442593852b7abb.docx
常熟市-常101,常熟市,常101,枫杨,Pterocarya stenoptera C. DC.,120,27.6,270,19,石梅广场老干部活动中心门前,三级,31.662369,120.873882,地区级示意,https://ylj.suzhou.gov.cn/szsylj/zygk/202502/b942e632fd594c62ad810da5b62fe35c.shtml,https://ylj.suzhou.gov.cn/szsylj/zygk/202502/b942e632fd594c62ad810da5b62fe35c/files/17f5ab103c8e482997442593852b7abb.docx
常熟市-常102,常熟市,常102,枫杨,Pterocarya stenoptera C. DC.,220,10.8,365,15,戴逸美术馆小山台,三级,31.71135,120.78594,地区级示意,https://ylj.suzhou.gov.cn/szsylj/zygk/202502/b942e632fd594c62ad810da5b62fe35c.shtml,https://ylj.suzhou.gov.cn/szsylj/zygk/202502/b942e632fd594c62ad810da5b62fe35c/files/17f5ab103c8e482997442593852b7abb.docx
常熟市-常103,常熟市,常103,枫杨,Pterocarya stenoptera C. DC.,220,16,506,18,虞山言子墓广场,三级,31.701544,120.698714,地区级示意,https://ylj.suzhou.gov.cn/szsylj/zygk/202502/b942e632fd594c62ad810da5b62fe35c.shtml,https://ylj.suzhou.gov.cn/szsylj/zygk/202502/b942e632fd594c62ad810da5b62fe35c/files/17f5ab103c8e482997442593852b7abb.docx
常熟市-常104,常熟市,常104,香樟,Camphora officinarum Nees,220,17,251,11,石梅小学西假山,三级,31.684163,120.825406,地区级示意,https://ylj.suzhou.gov.cn/szsylj/zygk/202502/b942e632fd594c62ad810da5b62fe35c.shtml,https://ylj.suzhou.gov.cn/szsylj/zygk/202502/b942e632fd594c62ad810da5b62fe35c/files/17f5ab103c8e482997442593852b7abb.docx
常熟市-常105,常熟市,常105,香樟,Camphora officinarum Nees,120,16.5,198,13,山前部队,三级,31.715105,120.799802,地区级示意,https://ylj.suzhou.gov.cn/szsylj/zygk/202502/b942e632fd594c62ad810da5b62fe35c.shtml,https://ylj.suzhou.gov.cn/szsylj/zygk/202502/b942e632fd594c62ad810da5b62fe35c/files/17f5ab103c8e482997442593852b7abb.docx
常熟市-常106,常熟市,常106,香樟,Camphora officinarum Nees,120,18.5,223,13,山前部队,三级,31.606988,120.69374,地区级示意,https://ylj.suzhou.gov.cn/szsylj/zygk/202502/b942e632fd594c62ad810da5b62fe35c.shtml,https://ylj.suzhou.gov.cn/szsylj/zygk/202502/b942e632fd594c62ad810da5b62fe35c/files/17f5ab103c8e482997442593852b7abb.docx
常熟市-常107,常熟市,常107,香樟,Camphora officinarum Nees,120,18.5,239,15,山前部队,三级,31.620232,120.838232,地区级示意,https://ylj.suzhou.gov.cn/szsylj/zygk/202502/b942e632fd594c62ad810da5b62fe35c.shtml,https://ylj.suzhou.gov.cn/szsylj/zygk/202502/b942e632fd594c62ad810da5b62fe35c/files/17f5ab103c8e482997442593852b7abb.docx
常熟市-常108,常熟市,常108,香樟,Camphora officinarum Nees,120,18.5,239,14,山前部队,三级,31.658209,120.678442,地区级示意,https://ylj.suzhou.gov.cn/szsylj/zygk/202502/b942e632fd594c62ad810da5b62fe35c.shtml,https://ylj.suzhou.gov.cn/szsylj/zygk/202502/b942e632fd594c62ad810da5b62fe35c/files/17f5ab103c8e482997442593852b7abb.docx
常熟市-常109,常熟市,常109,香樟,Camphora officinarum Nees,120,17.5,173,10,山前部队,三级,31.746668,120.731503,地区级示意,https://ylj.suzhou.gov.cn/szsylj/zygk/202502/b942e632fd594c62ad810da5b62fe35c.shtml,https://ylj.suzhou.gov.cn/szsylj/zygk/202502/b942e632fd594c62ad810da5b62fe35c/files/17f5ab103c8e482997442593852b7abb.docx
常熟市-常110,常熟市,常110,香樟,Camphora officinarum Nees,220,16.5,251,22,虞景文华,三级,31.574361,120.821889,地区级示意,https://ylj.suzhou.gov.cn/szsylj/zygk/202502/b942e632fd594c62ad810da5b62fe35c.shtml,https://ylj.suzhou.gov.cn/szsylj/zygk/202502/b942e632fd594c62ad810da5b62fe35c/files/17f5ab103c8e482997442593852b7abb.docx
常熟市-常112,常熟市,常112,木樨,Osmanthus fragrans Lour.,120,5.2,72,7,山前部队,三级,31.614153,120.8287,地区级示意,https://ylj.suzhou.gov.cn/szsylj/zygk/202502/b942e632fd594c62ad810da5b62fe35c.shtml,https://ylj.suzhou.gov.cn/szsylj/zygk/202502/b942e632fd594c62ad810da5b62fe35c/files/17f5ab103c8e482997442593852b7abb.docx
常熟市-常113,常熟市,常113,木樨,Osmanthus fragrans Lour.,120,6.5,72,6,山前部队,三级,31.613544,120.68295,地区级示意,https://ylj.suzhou.gov.cn/szsylj/zygk/202502/b942e632fd594c62ad810da5b62fe35c.shtml,https://ylj.suzhou.gov.cn/szsylj/zygk/202502/b942e632fd594c62ad810da5b62fe35c/files/17f5ab103c8e482997442593852b7abb.docx
常熟市-常114,常熟市,常114,木樨,Osmanthus fragrans Lour.,120,5,82,7,山前部队,三级,31.575067,120.674811,地区级示意,https://ylj.suzhou.gov.cn/szsylj/zygk/202502/b942e632fd594c62ad810da5b62fe35c.shtml,https://ylj.suzhou.gov.cn/szsylj/zygk/202502/b942e632fd594c62ad810da5b62fe35c/files/17f5ab103c8e482997442593852b7abb.docx
常熟市-常115,常熟市,常115,木樨,Osmanthus fragrans Lour.,120,6.2,97,7,山前部队,三级,31.74735,120.760154,地区级示意,https://ylj.suzhou.gov.cn/szsylj/zygk/202502/b942e632fd594c62ad810da5b62fe35c.shtml,https://ylj.suzhou.gov.cn/szsylj/zygk/202502/b942e632fd594c62ad810da5b62fe35c/files/17f5ab103c8e482997442593852b7abb.docx
常熟市-常117,常熟市,常117,木樨,Osmanthus fragrans Lour.,220,8,47,7,常熟市第一中学,三级,31.556109,120.754091,地区级示意,https://ylj.suzhou.gov.cn/szsylj/zygk/202502/b942e632fd594c62ad810da5b62fe35c.shtml,https://ylj.suzhou.gov.cn/szsylj/zygk/202502/b942e632fd594c62ad810da5b62fe35c/files/17f5ab103c8e482997442593852b7abb.docx
常熟市-常118,常熟市,常118,木樨,Osmanthus fragrans Lour.,220,8,41,9,常熟市第一中学,三级,31.69111,120.724141,地区级示意,https://ylj.suzhou.gov.cn/szsylj/zygk/202502/b942e632fd594c62ad810da5b62fe35c.shtml,https://ylj.suzhou.gov.cn/szsylj/zygk/202502/b942e632fd594c62ad810da5b62fe35c/files/17f5ab103c8e482997442593852b7abb.docx
常熟市-常119,常熟市,常119,木樨,Osmanthus fragrans Lour.,220,9,44,8,常熟市第一中学,三级,31.626009,120.868988,地区级示意,https://ylj.suzhou.gov.cn/szsylj/zygk/202502/b942e632fd594c62ad810da5b62fe35c.shtml,https://ylj.suzhou.gov.cn/szsylj/zygk/202502/b942e632fd594c62ad810da5b62fe35c/files/17f5ab103c8e482997442593852b7abb.docx
常熟市-常123,常熟市,常123,木樨,Osmanthus fragrans Lour.,120,5,50,5,虞见唐宅民宿内,三级,31.679678,120.838667,地区级示意,https://ylj.suzhou.gov.cn/szsylj/zygk/202502/b942e632fd594c62ad810da5b62fe35c.shtml,https://ylj.suzhou.gov.cn/szsylj/zygk/202502/b942e632fd594c62ad810da5b62fe35c/files/17f5ab103c8e482997442593852b7abb.docx
常熟市-常126,常熟市,常126,木樨,Osmanthus fragrans Lour.,121,3.5,44,4,海虞园,三级,31.685709,120.728589,地区级示意,https://ylj.suzhou.gov.cn/szsylj/zygk/202502/b942e632fd594c62ad810da5b62fe35c.shtml,https://ylj.suzhou.gov.cn/szsylj/zygk/202502/b942e632fd594c62ad810da5b62fe35c/files/17f5ab103c8e482997442593852b7abb.docx
常熟市-常127,常熟市,常127,木樨,Osmanthus fragrans Lour.,121,6.5,66,4,海虞园,三级,31.5727,120.73466,地区级示意,https://ylj.suzhou.gov.cn/szsylj/zygk/202502/b942e632fd594c62ad810da5b62fe35c.shtml,https://ylj.suzhou.gov.cn/szsylj/zygk/202502/b942e632fd594c62ad810da5b62fe35c/files/17f5ab103c8e482997442593852b7abb.docx
常熟市-常128,常熟市,常128,木樨,Osmanthus fragrans Lour.,121,5.5,63,5,海虞园,三级,31.601915,120.816187,地区级示意,https://ylj.suzhou.gov.cn/szsylj/zygk/202502/b942e632fd594c62ad810da5b62fe35c.shtml,https://ylj.suzhou.gov.cn/szsylj/zygk/202502/b942e632fd594c62ad810da5b62fe35c/files/17f5ab103c8e482997442593852b7abb.docx
常熟市-常129,常熟市,常129,木樨,Osmanthus fragrans Lour.,121,2.5,44,3,海虞园,三级,31.708868,120.706348,地区级示意,https://ylj.suzhou.gov.cn/szsylj/zygk/202502/b942e632fd594c62ad810da5b62fe35c.shtml,https://ylj.suzhou.gov.cn/szsylj/zygk/202502/b942e632fd594c62ad810da5b62fe35c/files/17f5ab103c8e482997442593852b7abb.docx
常熟市-常130,常熟市,常130,木樨,Osmanthus fragrans Lour.,120,5.8,97,6,海虞园,三级,31.717918,120.825746,地区级示意,https://ylj.suzhou.gov.cn/szsylj/zygk/202502/b942e632fd594c62ad810da5b62fe35c.shtml,https://ylj.suzhou.gov.cn/szsylj/zygk/202502/b942e632fd594c62ad810da5b62fe35c/files/17f5ab103c8e482997442593852b7abb.docx
常熟市-常131,常熟市,常131,木樨,Osmanthus fragrans Lour.,121,3.6,41,5,海虞园,三级,31.72674,120.835808,地区级示意,https://ylj.suzhou.gov.cn/szsylj/zygk/202502/b942e632fd594c62ad810da5b62fe35c.shtml,https://ylj.suzhou.gov.cn/szsylj/zygk/202502/b942e632fd594c62ad810da5b62fe35c/files/17f5ab103c8e482997442593852b7abb.docx
常熟市-常133,常熟市,常133,木樨,Osmanthus fragrans Lour.,121,5,66,8,海虞园,三级,31.619782,120.723721,地区级示意,https://ylj.suzhou.gov.cn/szsylj/zygk/202502/b942e632fd594c62ad810da5b62fe35c.shtml,https://ylj.suzhou.gov.cn/szsylj/zygk/202502/b942e632fd594c62ad810da5b62fe35c/files/17f5ab103c8e482997442593852b7abb.docx
常熟市-常136,常熟市,常136,木樨,Osmanthus fragrans Lour.,120,7,91,8,尚湖牡丹园,三级,31.565457,120.70263,地区级示意,https://ylj.suzhou.gov.cn/szsylj/zygk/202502/b942e632fd594c62ad810da5b62fe35c.shtml,https://ylj.suzhou.gov.cn/szsylj/zygk/202502/b942e632fd594c62ad810da5b62fe35c/files/17f5ab103c8e482997442593852b7abb.docx
常熟市-常137,常熟市,常137,木樨,Osmanthus fragrans Lour.,120,8.2,65,10,尚湖牡丹园,三级,31.70887,120.672989,地区级示意,https://ylj.suzhou.gov.cn/szsylj/zygk/202502/b942e632fd594c62ad810da5b62fe35c.shtml,https://ylj.suzhou.gov.cn/szsylj/zygk/202502/b942e632fd594c62ad810da5b62fe35c/files/17f5ab103c8e482997442593852b7abb.docx
常熟市-常139,常熟市,常139,木樨,Osmanthus fragrans Lour.,120,5.6,50,7,尚湖牡丹园,三级,31.646029,120.665922,地区级示意,https://ylj.suzhou.gov.cn/szsylj/zygk/202502/b942e632fd594c62ad810da5b62fe35c.shtml,https://ylj.suzhou.gov.cn/szsylj/zygk/202502/b942e632fd594c62ad810da5b62fe35c/files/17f5ab103c8e482997442593852b7abb.docx
常熟市-常140,常熟市,常140,木樨,Osmanthus fragrans Lour.,120,7,57,9,尚湖牡丹园,三级,31.740138,120.725921,地区级示意,https://ylj.suzhou.gov.cn/szsylj/zygk/202502/b942e632fd594c62ad810da5b62fe35c.shtml,https://ylj.suzhou.gov.cn/szsylj/zygk/202502/b942e632fd594c62ad810da5b62fe35c/files/17f5ab103c8e482997442593852b7abb.docx
常熟市-常141,常熟市,常141,木樨,Osmanthus fragrans Lour.,120,7,66,9,尚湖牡丹园,三级,31.699407,120.67265,地区级示意,https://ylj.suzhou.gov.cn/szsylj/zygk/202502/b942e632fd594c62ad810da5b62fe35c.shtml,https://ylj.suzhou.gov.cn/szsylj/zygk/202502/b942e632fd594c62ad810da5b62fe35c/files/17f5ab103c8e482997442593852b7abb.docx
常熟市-常142,常熟市,常142,木樨,Osmanthus fragrans Lour.,120,6.5,69,9,尚湖牡丹园,三级,31.65526,120.650809,地区级示意,https://ylj.suzhou.gov.cn/szsylj/zygk/202502/b942e632fd594c62ad810da5b62fe35c.shtml,https://ylj.suzhou.gov.cn/szsylj/zygk/202502/b942e632fd594c62ad810da5b62fe35c/files/17f5ab103c8e482997442593852b7abb.docx
常熟市-常143,常熟市,常143,木樨,Osmanthus fragrans Lour.,120,8.6,75,7,常熟市石梅小学后山,三级,31.572255,120.685527,地区级示意,https://ylj.suzhou.gov.cn/szsylj/zygk/202502/b942e632fd594c62ad810da5b62fe35c.shtml,https://ylj.suzhou.gov.cn/szsylj/zygk/202502/b942e632fd594c62ad810da5b62fe35c/files/17f5ab103c8e482997442593852b7abb.docx
常熟市-常144,常熟市,常144,木樨,Osmanthus fragrans Lour.,120,7.7,100,3,常熟市石梅小学后山,三级,31.695699,120.80817,地区级示意,https://ylj.suzhou.gov.cn/szsylj/zygk/202502/b942e632fd594c62ad810da5b62fe35c.shtml,https://ylj.suzhou.gov.cn/szsylj/zygk/202502/b942e632fd594c62ad810da5b62fe35c/files/17f5ab103c8e482997442593852b7abb.docx
常熟市-常146,常熟市,常146,木樨,Osmanthus fragrans Lour.,120,8,72,7,翁馆龢纪念馆,三级,31.645953,120.699054,地区级示意,https://ylj.suzhou.gov.cn/szsylj/zygk/202502/b942e632fd594c62ad810da5b62fe35c.shtml,https://ylj.suzhou.gov.cn/szsylj/zygk/202502/b942e632fd594c62ad810da5b62fe35c/files/17f5ab103c8e482997442593852b7abb.docx
常熟市-常147,常熟市,常147,木樨,Osmanthus fragrans Lour.,120,8,75,8,翁同龢纪念馆,三级,31.672178,120.65393,地区级示意,https://ylj.suzhou.gov.cn/szsylj/zygk/202502/b942e632fd594c62ad810da5b62fe35c.shtml,https://ylj.suzhou.gov.cn/szsylj/zygk/202502/b942e632fd594c62ad810da5b62fe35c/files/17f5ab103c8e482997442593852b7abb.docx
常熟市-常148,常熟市,常148,木樨,Osmanthus fragrans Lour.,120,10,85,9,翁同龢纪念馆,三级,31.681683,120.744698,地区级示意,https://ylj.suzhou.gov.cn/szsylj/zygk/202502/b942e632fd594c62ad810da5b62fe35c.shtml,https://ylj.suzhou.gov.cn/szsylj/zygk/202502/b942e632fd594c62ad810da5b62fe35c/files/17f5ab103c8e482997442593852b7abb.docx
常熟市-常149,常熟市,常149,木樨,Osmanthus fragrans Lour.,115,9.1,57,7,方塔园门泉古井旁,三级,31.570819,120.720629,地区级示意,https://ylj.suzhou.gov.cn/szsylj/zygk/202502/b942e632fd594c62ad810da5b62fe35c.shtml,https://ylj.suzhou.gov.cn/szsylj/zygk/202502/b942e632fd594c62ad810da5b62fe35c/files/17f5ab103c8e482997442593852b7abb.docx
常熟市-常150,常熟市,常150,朴树,Celtis sinensis Pers.,120,15.5,170,14,山前部队,三级,31.705215,120.819393,地区级示意,https://ylj.suzhou.gov.cn/szsylj/zygk/202502/b942e632fd594c62ad810da5b62fe35c.shtml,https://ylj.suzhou.gov.cn/szsylj/zygk/202502/b942e632fd594c62ad810da5b62fe35c/files/17f5ab103c8e482997442593852b7abb.docx
常熟市-常151,常熟市,常151,朴树,Celtis sinensis Pers.,171,18.5,204,14,常熟市第一人民医院之园,三级,31.570809,120.758545,地区级示意,https://ylj.suzhou.gov.cn/szsylj/zygk/202502/b942e632fd594c62ad810da5b62fe35c.shtml,https://ylj.suzhou.gov.cn/szsylj/zygk/202502/b942e632fd594c62ad810da5b62fe35c/files/17f5ab103c8e482997442593852b7abb.docx
常熟市-常152,常熟市,常152,榆树,Ulmus pumila L.,121,18.2,223,16,海虞园,三级,31.560245,120.754893,地区级示意,https://ylj.suzhou.gov.cn/szsylj/zygk/202502/b942e632fd594c62ad810da5b62fe35c.shtml,https://ylj.suzhou.gov.cn/szsylj/zygk/202502/b942e632fd594c62ad810da5b62fe35c/files/17f5ab103c8e482997442593852b7abb.docx
常熟市-常153,常熟市,常153,荷花玉兰,Magnolia grandiflora L.,120,15,207,15,常熟市第一中学,三级,31.631301,120.78158,地区级示意,https://ylj.suzhou.gov.cn/szsylj/zygk/202502/b942e632fd594c62ad810da5b62fe35c.shtml,https://ylj.suzhou.gov.cn/szsylj/zygk/202502/b942e632fd594c62ad810da5b62fe35c/files/17f5ab103c8e482997442593852b7abb.docx
常熟市-常154,常熟市,常154,荷花玉兰,Magnolia grandiflora L.,120,15.5,157,10,常熟市第一人民医院之园,三级,31.716858,120.680093,地区级示意,https://ylj.suzhou.gov.cn/szsylj/zygk/202502/b942e632fd594c62ad810da5b62fe35c.shtml,https://ylj.suzhou.gov.cn/szsylj/zygk/202502/b942e632fd594c62ad810da5b62fe35c/files/17f5ab103c8e482997442593852b7abb.docx
常熟市-常156,常熟市,常156,荷花玉兰,Magnolia grandiflora L.,120,13.5,210,11,虞见唐宅民宿内,三级,31.709829,120.82683,地区级示意,https://ylj.suzhou.gov.cn/szsylj/zygk/202502/b942e632fd594c62ad810da5b62fe35c.shtml,https://ylj.suzhou.gov.cn/szsylj/zygk/202502/b942e632fd594c62ad810da5b62fe35c/files/17f5ab103c8e482997442593852b7abb.docx
常熟市-常158,常熟市,常158,荷花玉兰,Magnolia grandiflora L.,120,22,345,12,小步道巷18号,三级,31.649903,120.79842,地区级示意,https://ylj.suzhou.gov.cn/szsylj/zygk/202502/b942e632fd594c62ad810da5b62fe35c.shtml,https://ylj.suzhou.gov.cn/szsylj/zygk/202502/b942e632fd594c62ad810da5b62fe35c/files/17f5ab103c8e482997442593852b7abb.docx
常熟市-常159,常熟市,常159,荷花玉兰,Magnolia grandiflora L.,120,19.2,229,8,小步道巷18号,三级,31.715662,120.679054,地区级示意,https://ylj.suzhou.gov.cn/szsylj/zygk/202502/b942e632fd594c62ad810da5b62fe35c.shtml,https://ylj.suzhou.gov.cn/szsylj/zygk/202502/b942e632fd594c62ad810da5b62fe35c/files/17f5ab103c8e482997442593852b7abb.docx
常熟市-常162,常熟市,常162,荷花玉兰,Magnolia grandiflora L.,120,10.5,119,7,尚湖风景区竹牌楼广场,三级,31.698451,120.655282,地区级示意,https://ylj.suzhou.gov.cn/szsylj/zygk/202502/b942e632fd594c62ad810da5b62fe35c.shtml,https://ylj.suzhou.gov.cn/szsylj/zygk/202502/b942e632fd594c62ad810da5b62fe35c/files/17f5ab103c8e482997442593852b7abb.docx
常熟市-常163,常熟市,常163,荷花玉兰,Magnolia grandiflora L.,116,13.5,229,5,新世纪大道南三环交界处,三级,31.613591,120.681691,地区级示意,https://ylj.suzhou.gov.cn/szsylj/zygk/202502/b942e632fd594c62ad810da5b62fe35c.shtml,https://ylj.suzhou.gov.cn/szsylj/zygk/202502/b942e632fd594c62ad810da5b62fe35c/files/17f5ab103c8e482997442593852b7abb.docx
常熟市-常164,常熟市,常164,荷花玉兰,Magnolia grandiflora L.,120,12.5,129,7,赵园梅泉似舫旁,三级,31.719791,120.672864,地区级示意,https://ylj.suzhou.gov.cn/szsylj/zygk/202502/b942e632fd594c62ad810da5b62fe35c.shtml,https://ylj.suzhou.gov.cn/szsylj/zygk/202502/b942e632fd594c62ad810da5b62fe35c/files/17f5ab103c8e482997442593852b7abb.docx
常熟市-常165,常熟市,常165,圆柏,Juniperus chinensis Roxb.,220,11.7,122,6,常熟市第一人民医院之园,三级,31.695056,120.763838,地区级示意,https://ylj.suzhou.gov.cn/szsylj/zygk/202502/b942e632fd594c62ad810da5b62fe35c.shtml,https://ylj.suzhou.gov.cn/szsylj/zygk/202502/b942e632fd594c62ad810da5b62fe35c/files/17f5ab103c8e482997442593852b7abb.docx
常熟市-常167,常熟市,常167,圆柏,Juniperus chinensis Roxb.,120,9,119,4,言子墓广场,三级,31.670327,120.801635,地区级示意,https://ylj.suzhou.gov.cn/szsylj/zygk/202502/b942e632fd594c62ad810da5b62fe35c.shtml,https://ylj.suzhou.gov.cn/szsylj/zygk/202502/b942e632fd594c62ad810da5b62fe35c/files/17f5ab103c8e482997442593852b7abb.docx
常熟市-常168,常熟市,常168,圆柏,Juniperus chinensis Roxb.,120,13.5,110,4,言子墓广场入口台阶小桥旁,三级,31.676251,120.644174,地区级示意,https://ylj.suzhou.gov.cn/szsylj/zygk/202502/b942e632fd594c62ad810da5b62fe35c.shtml,https://ylj.suzhou.gov.cn/szsylj/zygk/202502/b942e632fd594c62ad810da5b62fe35c/files/17f5ab103c8e482997442593852b7abb.docx
常熟市-常169,常熟市,常169,圆柏,Juniperus chinensis Roxb.,120,15,110,4,常熟市石梅小学后山,三级,31.683729,120.672942,地区级示意,https://ylj.suzhou.gov.cn/szsylj/zygk/202502/b942e632fd594c62ad810da5b62fe35c.shtml,https://ylj.suzhou.gov.cn/szsylj/zygk/202502/b942e632fd594c62ad810da5b62fe35c/files/17f5ab103c8e482997442593852b7abb.docx
常熟市-常170,常熟市,常170,龙柏,Sabina chinensis cv. Kaizuca,120,12.5,135,8,虞见唐宅民宿内,三级,31.624425,120.841242,地区级示意,https://ylj.suzhou.gov.cn/szsylj/zygk/202502/b942e632fd594c62ad810da5b62fe35c.shtml,https://ylj.suzhou.gov.cn/szsylj/zygk/202502/b942e632fd594c62ad810da5b62fe35c/files/17f5ab103c8e482997442593852b7abb.docx
常熟市-常171,常熟市,常171,罗汉松,Podocarpus macrophyllus (Thunb.) Sweet,120,9,44,7,常熟市第一中学,三级,31.686984,120.706945,地区级示意,https://ylj.suzhou.gov.cn/szsylj/zygk/202502/b942e632fd594c62ad810da5b62fe35c.shtml,https://ylj.suzhou.gov.cn/szsylj/zygk/202502/b942e632fd594c62ad810da5b62fe35c/files/17f5ab103c8e482997442593852b7abb.docx
常熟市-常172,常熟市,常172,罗汉松,Podocarpus macrophyllus (Thunb.) Sweet,220,10,185,12,常熟市第一人民医院内科大楼旁,三级,31.648315,120.731314,地区级示意,https://ylj.suzhou.gov.cn/szsylj/zygk/202502/b942e632fd594c62ad810da5b62fe35c.shtml,https://ylj.suzhou.gov.cn/szsylj/zygk/202502/b942e632fd594c62ad810da5b62fe35c/files/17f5ab103c8e482997442593852b7abb.docx
常熟市-常173,常熟市,常173,罗汉松,Podocarpus macrophyllus (Thunb.) Sweet,170,10.5,79,6,常熟市第一人民医院之园,三级,31.68562,120.660037,地区级示意,https://ylj.suzhou.gov.cn/szsylj/zygk/202502/b942e632fd594c62ad810da5b62fe35c.shtml,https://ylj.suzhou.gov.cn/szsylj/zygk/202502/b942e632fd594c62ad810da5b62fe35c/files/17f5ab103c8e482997442593852b7abb.docx
常熟市-常174,常熟市,常174,罗汉松,Podocarpus macrophyllus (Thunb.) Sweet,170,11,85,9,虞见唐宅民宿内,三级,31.617451,120.814007,地区级示意,https://ylj.suzhou.gov.cn/szsylj/zygk/202502/b942e632fd594c62ad810da5b62fe35c.shtml,https://ylj.suzhou.gov.cn/szsylj/zygk/202502/b942e632fd594c62ad810da5b62fe35c/files/17f5ab103c8e482997442593852b7abb.docx
常熟市-常175,常熟市,常175,罗汉松,Podocarpus macrophyllus (Thunb.) Sweet,120,6,72,7,常熟市实验中学,三级,31.636699,120.664948,地区级示意,https://ylj.suzhou.gov.cn/szsylj/zygk/202502/b942e632fd594c62ad810da5b62fe35c.shtml,https://ylj.suzhou.gov.cn/szsylj/zygk/202502/b942e632fd594c62ad810da5b62fe35c/files/17f5ab103c8e482997442593852b7abb.docx
常熟市-常176,常熟市,常176,罗汉松,Podocarpus macrophyllus (Thunb.) Sweet,120,8,85,7,常熟市实验中学,三级,31.715217,120.728147,地区级示意,https://ylj.suzhou.gov.cn/szsylj/zygk/202502/b942e632fd594c62ad810da5b62fe35c.shtml,https://ylj.suzhou.gov.cn/szsylj/zygk/202502/b942e632fd594c62ad810da5b62fe35c/files/17f5ab103c8e482997442593852b7abb.docx
常熟市-常177,常熟市,常177,罗汉松,Podocarpus macrophyllus (Thunb.) Sweet,220,2.5,69,4,虞山公园卷云石旁,三级,31.666164,120.629822,地区级示意,https://ylj.suzhou.gov.cn/szsylj/zygk/202502/b942e632fd594c62ad810da5b62fe35c.shtml,https://ylj.suzhou.gov.cn/szsylj/zygk/202502/b942e632fd594c62ad810da5b62fe35c/files/17f5ab103c8e482997442593852b7abb.docx
常熟市-常178,常熟市,常178,罗汉松,Podocarpus macrophyllus (Thunb.) Sweet,120,7.5,85,5,小步道巷18号,三级,31.552748,120.772399,地区级示意,https://ylj.suzhou.gov.cn/szsylj/zygk/202502/b942e632fd594c62ad810da5b62fe35c.shtml,https://ylj.suzhou.gov.cn/szsylj/zygk/202502/b942e632fd594c62ad810da5b62fe35c/files/17f5ab103c8e482997442593852b7abb.docx
常熟市-常179,常熟市,常179,罗汉松,Podocarpus macrophyllus (Thunb.) Sweet,120,13,72,6,花园浜路74号,三级,31.633515,120.806106,地区级示意,https://ylj.suzhou.gov.cn/szsylj/zygk/202502/b942e632fd594c62ad810da5b62fe35c.shtml,https://ylj.suzhou.gov.cn/szsylj/zygk/202502/b942e632fd594c62ad810da5b62fe35c/files/17f5ab103c8e482997442593852b7abb.docx
常熟市-常181,常熟市,常181,鸡爪槭,Acer palmatum Thunb.,120,7.5,75,9,常熟市第一中学,三级,31.654465,120.709535,地区级示意,https://ylj.suzhou.gov.cn/szsylj/zygk/202502/b942e632fd594c62ad810da5b62fe35c.shtml,https://ylj.suzhou.gov.cn/szsylj/zygk/202502/b942e632fd594c62ad810da5b62fe35c/files/17f5ab103c8e482997442593852b7abb.docx
常熟市-常183,常熟市,常183,鸡爪槭,Acer palmatum Thunb.,120,9.6,129,9,中巷书院荷香馆,三级,31.623401,120.781201,地区级示意,https://ylj.suzhou.gov.cn/szsylj/zygk/202502/b942e632fd594c62ad810da5b62fe35c.shtml,https://ylj.suzhou.gov.cn/szsylj/zygk/202502/b942e632fd594c62ad810da5b62fe35c/files/17f5ab103c8e482997442593852b7abb.docx
常熟市-常184,常熟市,常184,三角槭,Acer buergerianum Miq,121,14.2,182,12,海虞园,三级,31.685055,120.82895,地区级示意,https://ylj.suzhou.gov.cn/szsylj/zygk/202502/b942e632fd594c62ad810da5b62fe35c.shtml,https://ylj.suzhou.gov.cn/szsylj/zygk/202502/b942e632fd594c62ad810da5b62fe35c/files/17f5ab103c8e482997442593852b7abb.docx
常熟市-常185,常熟市,常185,三角槭,Acer buergerianum Miq,121,10.2,88,10,海虞园,三级,31.602228,120.742264,地区级示意,https://ylj.suzhou.gov.cn/szsylj/zygk/202502/b942e632fd594c62ad810da5b62fe35c.shtml,https://ylj.suzhou.gov.cn/szsylj/zygk/202502/b942e632fd594c62ad810da5b62fe35c/files/17f5ab103c8e482997442593852b7abb.docx
常熟市-常186,常熟市,常186,厚萼凌霄,Campsis radicans (L.) Seem.,120,4.8,132,8,常熟市第一人民医院东南长廊旁,三级,31.610741,120.680874,地区级示意,https://ylj.suzhou.gov.cn/szsylj/zygk/202502/b942e632fd594c62ad810da5b62fe35c.shtml,https://ylj.suzhou.gov.cn/szsylj/zygk/202502/b942e632fd594c62ad810da5b62fe35c/files/17f5ab103c8e482997442593852b7abb.docx
常熟市-常187,常熟市,常187,紫薇,Lagerstroemia indica L.,120,3,66,3,虞山南路7号旁山前坊创意街区,三级,31.596971,120.713219,地区级示意,https://ylj.suzhou.gov.cn/szsylj/zygk/202502/b942e632fd594c62ad810da5b62fe35c.shtml,https://ylj.suzhou.gov.cn/szsylj/zygk/202502/b942e632fd594c62ad810da5b62fe35c/files/17f5ab103c8e482997442593852b7abb.docx
常熟市-常188,常熟市,常188,香樟,Camphora officinarum Nees,120,26.5,323,15,常熟市第一人民医院之园东侧,三级,31.661893,120.709353,地区级示意,https://ylj.suzhou.gov.cn/szsylj/zygk/202502/b942e632fd594c62ad810da5b62fe35c.shtml,https://ylj.suzhou.gov.cn/szsylj/zygk/202502/b942e632fd594c62ad810da5b62fe35c/files/17f5ab103c8e482997442593852b7abb.docx
常熟市-常189,常熟市,常189,香樟,Camphora officinarum Nees,220,17,239,19,常熟市第一人民医院之园,三级,31.660752,120.838645,地区级示意,https://ylj.suzhou.gov.cn/szsylj/zygk/202502/b942e632fd594c62ad810da5b62fe35c.shtml,https://ylj.suzhou.gov.cn/szsylj/zygk/202502/b942e632fd594c62ad810da5b62fe35c/files/17f5ab103c8e482997442593852b7abb.docx
常熟市-常190,常熟市,常190,玉兰,Yulania denudata (Desr.) D. L. Fu,120,7.8,41,6,常熟市第一人民医院之园,三级,31.632992,120.81052,地区级示意,https://ylj.suzhou.gov.cn/szsylj/zygk/202502/b942e632fd594c62ad810da5b62fe35c.shtml,https://ylj.suzhou.gov.cn/szsylj/zygk/202502/b942e632fd594c62ad810da5b62fe35c/files/17f5ab103c8e482997442593852b7abb.docx
常熟市-常191,常熟市,常191,玉兰,Yulania denudata (Desr.) D. L. Fu,120,7.9,57,4,常熟市第一人民医院之园,三级,31.748694,120.712792,地区级示意,https://ylj.suzhou.gov.cn/szsylj/zygk/202502/b942e632fd594c62ad810da5b62fe35c.shtml,https://ylj.suzhou.gov.cn/szsylj/zygk/202502/b942e632fd594c62ad810da5b62fe35c/files/17f5ab103c8e482997442593852b7abb.docx
常熟市-常193,常熟市,常193,龙爪槐,Styphnolobium japonicum 'Pendula',120,6,66,5,方塔园南门口西侧,三级,31.738643,120.775652,地区级示意,https://ylj.suzhou.gov.cn/szsylj/zygk/202502/b942e632fd594c62ad810da5b62fe35c.shtml,https://ylj.suzhou.gov.cn/szsylj/zygk/202502/b942e632fd594c62ad810da5b62fe35c/files/17f5ab103c8e482997442593852b7abb.docx
常熟市-常194,常熟市,常194,龙爪槐,Styphnolobium japonicum 'Pendula',120,4.5,66,5,方塔园南门东侧,三级,31.600637,120.648348,地区级示意,https://ylj.suzhou.gov.cn/szsylj/zygk/202502/b942e632fd594c62ad810da5b62fe35c.shtml,https://ylj.suzhou.gov.cn/szsylj/zygk/202502/b942e632fd594c62ad810da5b62fe35c/files/17f5ab103c8e482997442593852b7abb.docx
常熟市-常195,常熟市,常195,龙爪槐,Styphnolobium japonicum 'Pendula',120,3.5,66,3,常熟市税务局,三级,31.598839,120.770764,地区级示意,https://ylj.suzhou.gov.cn/szsylj/zygk/202502/b942e632fd594c62ad810da5b62fe35c.shtml,https://ylj.suzhou.gov.cn/szsylj/zygk/202502/b942e632fd594c62ad810da5b62fe35c/files/17f5ab103c8e482997442593852b7abb.docx
常熟市-常196,常熟市,常196,香圆,Citrus grandis × junos,120,8.6,66,6,虞见唐宅民宿内,三级,31.670934,120.795136,地区级示意,https://ylj.suzhou.gov.cn/szsylj/zygk/202502/b942e632fd594c62ad810da5b62fe35c.shtml,https://ylj.suzhou.gov.cn/szsylj/zygk/202502/b942e632fd594c62ad810da5b62fe35c/files/17f5ab103c8e482997442593852b7abb.docx
常熟市-常197,常熟市,常197,蜡梅,Chimonanthus praecox (L.) Link,120,4.2,173,6,虞见唐宅民宿内,三级,31.648813,120.846175,地区级示意,https://ylj.suzhou.gov.cn/szsylj/zygk/202502/b942e632fd594c62ad810da5b62fe35c.shtml,https://ylj.suzhou.gov.cn/szsylj/zygk/202502/b942e632fd594c62ad810da5b62fe35c/files/17f5ab103c8e482997442593852b7abb.docx
常熟市-常198,常熟市,常198,白皮松,Pinus bungeana Zucc. ex Endl.,120,14.8,107,9,虞见唐宅民宿内,三级,31.718737,120.720746,地区级示意,https://ylj.suzhou.gov.cn/szsylj/zygk/202502/b942e632fd594c62ad810da5b62fe35c.shtml,https://ylj.suzhou.gov.cn/szsylj/zygk/202502/b942e632fd594c62ad810da5b62fe35c/files/17f5ab103c8e482997442593852b7abb.docx
常熟市-常199,常熟市,常199,红豆树,Ormosia hosiei Hemsl. & E. H. Wilson,120,7,79,8,虞山公园1号门入口处,三级,31.654465,120.794727,地区级示意,https://ylj.suzhou.gov.cn/szsylj/zygk/202502/b942e632fd594c62ad810da5b62fe35c.shtml,https://ylj.suzhou.gov.cn/szsylj/zygk/202502/b942e632fd594c62ad810da5b62fe35c/files/17f5ab103c8e482997442593852b7abb.docx
常熟市-常200,常熟市,常200,紫藤,Wisteria sinensis (Sims) Sweet,120,4.5,204,7,尚湖风景区紫藤长廊,三级,31.659109,120.866155,地区级示意,https://ylj.suzhou.gov.cn/szsylj/zygk/202502/b942e632fd594c62ad810da5b62fe35c.shtml,https://ylj.suzhou.gov.cn/szsylj/zygk/202502/b942e632fd594c62ad810da5b62fe35c/files/17f5ab103c8e482997442593852b7abb.docx
常熟市-常201,常熟市,常201,紫藤,Wisteria sinensis (Sims) Sweet,120,3.5,110,8,尚湖风景区紫藤长廊,三级,31.69422,120.703077,地区级示意,https://ylj.suzhou.gov.cn/szsylj/zygk/202502/b942e632fd594c62ad810da5b62fe35c.shtml,https://ylj.suzhou.gov.cn/szsylj/zygk/202502/b942e632fd594c62ad810da5b62fe35c/files/17f5ab103c8e482997442593852b7abb.docx
常熟市-常202,常熟市,常202,瓶兰花,Diospyros armata Hemsl.,120,5.5,28,3,翁同龢纪念馆,三级,31.582421,120.822095,地区级示意,https://ylj.suzhou.gov.cn/szsylj/zygk/202502/b942e632fd594c62ad810da5b62fe35c.shtml,https://ylj.suzhou.gov.cn/szsylj/zygk/202502/b942e632fd594c62ad810da5b62fe35c/files/17f5ab103c8e482997442593852b7abb.docx
常熟市-常203,常熟市,常203,雀梅藤,Sageretia thea (Osbeck) M. C. Johnst.,116,3.2,28,4,虞山公园枫径与湖心亭入口处花架,三级,31.71547,120.774317,地区级示意,https://ylj.suzhou.gov.cn/szsylj/zygk/202502/b942e632fd594c62ad810da5b62fe35c.shtml,https://ylj.suzhou.gov.cn/szsylj/zygk/202502/b942e632fd594c62ad810da5b62fe35c/files/17f5ab103c8e482997442593852b7abb.docx
常熟市-常204,常熟市,常204,枫杨,Pterocarya stenoptera C. DC.,116,30.5,308,20,虞山公园小溪旁,三级,31.579029,120.731149,地区级示意,https://ylj.suzhou.gov.cn/szsylj/zygk/202502/b942e632fd594c62ad810da5b62fe35c.shtml,https://ylj.suzhou.gov.cn/szsylj/zygk/202502/b942e632fd594c62ad810da5b62fe35c/files/17f5ab103c8e482997442593852b7abb.docx
常熟市-常205,常熟市,常205,枫香,Liquidambar formosana Hance,116,23.4,242,20,虞山公园两岸书院廊旁,三级,31.570045,120.693187,地区级示意,https://ylj.suzhou.gov.cn/szsylj/zygk/202502/b942e632fd594c62ad810da5b62fe35c.shtml,https://ylj.suzhou.gov.cn/szsylj/zygk/202502/b942e632fd594c62ad810da5b62fe35c/files/17f5ab103c8e482997442593852b7abb.docx
常熟市-常206,常熟市,常206,枫香,Liquidambar formosana Hance,116,20.1,308,13,虞山公园饮绿轩茶室厨房,三级,31.731872,120.740236,地区级示意,https://ylj.suzhou.gov.cn/szsylj/zygk/202502/b942e632fd594c62ad810da5b62fe35c.shtml,https://ylj.suzhou.gov.cn/szsylj/zygk/202502/b942e632fd594c62ad810da5b62fe35c/files/17f5ab103c8e482997442593852b7abb.docx
常熟市-常207,常熟市,常207,枫香,Liquidambar formosana Hance,116,24,166,15,虞山公园栗里茶室西侧,三级,31.749882,120.740572,地区级示意,https://ylj.suzhou.gov.cn/szsylj/zygk/202502/b942e632fd594c62ad810da5b62fe35c.shtml,https://ylj.suzhou.gov.cn/szsylj/zygk/202502/b942e632fd594c62ad810da5b62fe35c/files/17f5ab103c8e482997442593852b7abb.docx
常熟市-常208,常熟市,常208,枫香,Liquidambar formosana Hance,116,28,223,18,虞山公园,三级,31.66036,120.631078,地区级示意,https://ylj.suzhou.gov.cn/szsylj/zygk/202502/b942e632fd594c62ad810da5b62fe35c.shtml,https://ylj.suzhou.gov.cn/szsylj/zygk/202502/b942e632fd594c62ad810da5b62fe35c/files/17f5ab103c8e482997442593852b7abb.docx
常熟市-常209,常熟市,常209,三角槭,Acer buergerianum Miq,116,15.3,195,9,虞山公园栗里茶室西,三级,31.580766,120.73432,地区级示意,https://ylj.suzhou.gov.cn/szsylj/zygk/202502/b942e632fd594c62ad810da5b62fe35c.shtml,https://ylj.suzhou.gov.cn/szsylj/zygk/202502/b942e632fd594c62ad810da5b62fe35c/files/17f5ab103c8e482997442593852b7abb.docx
常熟市-常210,常熟市,常210,三角槭,Acer buergerianum Miq,116,18.8,154,12,虞山公园栗里茶室南,三级,31.645941,120.807785,地区级示意,https://ylj.suzhou.gov.cn/szsylj/zygk/202502/b942e632fd594c62ad810da5b62fe35c.shtml,https://ylj.suzhou.gov.cn/szsylj/zygk/202502/b942e632fd594c62ad810da5b62fe35c/files/17f5ab103c8e482997442593852b7abb.docx
常熟市-常211,常熟市,常211,三角槭,Acer buergerianum Miq,116,16,138,15,虞山公园卷云石旁,三级,31.578427,120.692194,地区级示意,https://ylj.suzhou.gov.cn/szsylj/zygk/202502/b942e632fd594c62ad810da5b62fe35c.shtml,https://ylj.suzhou.gov.cn/szsylj/zygk/202502/b942e632fd594c62ad810da5b62fe35c/files/17f5ab103c8e482997442593852b7abb.docx
常熟市-常212,常熟市,常212,乌桕,Triadica sebifera (L.) Small,116,17.5,166,14,虞山公园湖心亭水面岸边,三级,31.645069,120.687477,地区级示意,https://ylj.suzhou.gov.cn/szsylj/zygk/202502/b942e632fd594c62ad810da5b62fe35c.shtml,https://ylj.suzhou.gov.cn/szsylj/zygk/202502/b942e632fd594c62ad810da5b62fe35c/files/17f5ab103c8e482997442593852b7abb.docx
常熟市-常213,常熟市,常213,含笑花,Michelia figo (Lour.) Spreng.,116,4.5,50,8,虞山公园饮绿轩茶室厕所旁,三级,31.622318,120.739521,地区级示意,https://ylj.suzhou.gov.cn/szsylj/zygk/202502/b942e632fd594c62ad810da5b62fe35c.shtml,https://ylj.suzhou.gov.cn/szsylj/zygk/202502/b942e632fd594c62ad810da5b62fe35c/files/17f5ab103c8e482997442593852b7abb.docx
常熟市-常214,常熟市,常214,鸡爪槭,Acer palmatum Thunb.,116,10,53,12,虞山公园两岸书院,三级,31.7553,120.716424,地区级示意,https://ylj.suzhou.gov.cn/szsylj/zygk/202502/b942e632fd594c62ad810da5b62fe35c.shtml,https://ylj.suzhou.gov.cn/szsylj/zygk/202502/b942e632fd594c62ad810da5b62fe35c/files/17f5ab103c8e482997442593852b7abb.docx
常熟市-常215,常熟市,常215,鸡爪槭,Acer palmatum Thunb.,116,8.2,94,10,虞山公园两岸书院,三级,31.716101,120.805589,地区级示意,https://ylj.suzhou.gov.cn/szsylj/zygk/202502/b942e632fd594c62ad810da5b62fe35c.shtml,https://ylj.suzhou.gov.cn/szsylj/zygk/202502/b942e632fd594c62ad810da5b62fe35c/files/17f5ab103c8e482997442593852b7abb.docx
常熟市-常216,常熟市,常216,鸡爪槭,Acer palmatum Thunb.,116,5.5,50,6,虞山公园两岸书院,三级,31.576655,120.792273,地区级示意,https://ylj.suzhou.gov.cn/szsylj/zygk/202502/b942e632fd594c62ad810da5b62fe35c.shtml,https://ylj.suzhou.gov.cn/szsylj/zygk/202502/b942e632fd594c62ad810da5b62fe35c/files/17f5ab103c8e482997442593852b7abb.docx
常熟市-常217,常熟市,常217,鸡爪槭,Acer palmatum Thunb.,116,4.5,57,8,虞山公园两岸书院,三级,31.659311,120.76715,地区级示意,https://ylj.suzhou.gov.cn/szsylj/zygk/202502/b942e632fd594c62ad810da5b62fe35c.shtml,https://ylj.suzhou.gov.cn/szsylj/zygk/202502/b942e632fd594c62ad810da5b62fe35c/files/17f5ab103c8e482997442593852b7abb.docx
常熟市-常218,常熟市,常218,日本五针松,Pinus parviflora Siebold et Zucc.,116,1.3,110,3,虞山公园盆景园,三级,31.731207,120.795522,地区级示意,https://ylj.suzhou.gov.cn/szsylj/zygk/202502/b942e632fd594c62ad810da5b62fe35c.shtml,https://ylj.suzhou.gov.cn/szsylj/zygk/202502/b942e632fd594c62ad810da5b62fe35c/files/17f5ab103c8e482997442593852b7abb.docx
常熟市-常219,常熟市,常219,白皮松,Pinus bungeana Zucc. ex Endl.,116,12,85,7,虞山公园挹秀园入口,三级,31.616508,120.651753,地区级示意,https://ylj.suzhou.gov.cn/szsylj/zygk/202502/b942e632fd594c62ad810da5b62fe35c.shtml,https://ylj.suzhou.gov.cn/szsylj/zygk/202502/b942e632fd594c62ad810da5b62fe35c/files/17f5ab103c8e482997442593852b7abb.docx
常熟市-常220,常熟市,常220,白皮松,Pinus bungeana Zucc. ex Endl.,116,9.5,82,8,虞山公园红杉树乒乓外交纪念碑,三级,31.639744,120.717648,地区级示意,https://ylj.suzhou.gov.cn/szsylj/zygk/202502/b942e632fd594c62ad810da5b62fe35c.shtml,https://ylj.suzhou.gov.cn/szsylj/zygk/202502/b942e632fd594c62ad810da5b62fe35c/files/17f5ab103c8e482997442593852b7abb.docx
常熟市-常221,常熟市,常221,栓皮栎,Quercus variabilis Blume,116,19.3,139,12,虞山公园栗里茶室门口,三级,31.635264,120.696641,地区级示意,https://ylj.suzhou.gov.cn/szsylj/zygk/202502/b942e632fd594c62ad810da5b62fe35c.shtml,https://ylj.suzhou.gov.cn/szsylj/zygk/202502/b942e632fd594c62ad810da5b62fe35c/files/17f5ab103c8e482997442593852b7abb.docx
常熟市-常222,常熟市,常222,栓皮栎,Quercus variabilis Blume,116,16.3,88,14,虞山公园栗里茶室门口,三级,31.675666,120.707223,地区级示意,https://ylj.suzhou.gov.cn/szsylj/zygk/202502/b942e632fd594c62ad810da5b62fe35c.shtml,https://ylj.suzhou.gov.cn/szsylj/zygk/202502/b942e632fd594c62ad810da5b62fe35c/files/17f5ab103c8e482997442593852b7abb.docx
常熟市-常223,常熟市,常223,栓皮栎,Quercus variabilis Blume,116,20.6,180,16,虞山公园栗里茶室门口,三级,31.626083,120.84866,地区级示意,https://ylj.suzhou.gov.cn/szsylj/zygk/202502/b942e632fd594c62ad810da5b62fe35c.shtml,https://ylj.suzhou.gov.cn/szsylj/zygk/202502/b942e632fd594c62ad810da5b62fe35c/files/17f5ab103c8e482997442593852b7abb.docx
常熟市-常224,常熟市,常224,栓皮栎,Quercus variabilis Blume,116,9.2,107,11,虞山公园栗里茶室门口,三级,31.569544,120.741129,地区级示意,https://ylj.suzhou.gov.cn/szsylj/zygk/202502/b942e632fd594c62ad810da5b62fe35c.shtml,https://ylj.suzhou.gov.cn/szsylj/zygk/202502/b942e632fd594c62ad810da5b62fe35c/files/17f5ab103c8e482997442593852b7abb.docx
常熟市-常225,常熟市,常225,荷花玉兰,Magnolia grandiflora L.,116,13.9,159,8,虞山公园1号门入口公厕旁,三级,31.669337,120.765337,地区级示意,https://ylj.suzhou.gov.cn/szsylj/zygk/202502/b942e632fd594c62ad810da5b62fe35c.shtml,https://ylj.suzhou.gov.cn/szsylj/zygk/202502/b942e632fd594c62ad810da5b62fe35c/files/17f5ab103c8e482997442593852b7abb.docx
常熟市-常226,常熟市,常226,银杏,Ginkgo biloba L.,116,21.5,158,11,虞山公园两岸书院北廊,三级,31.71184,120.707943,地区级示意,https://ylj.suzhou.gov.cn/szsylj/zygk/202502/b942e632fd594c62ad810da5b62fe35c.shtml,https://ylj.suzhou.gov.cn/szsylj/zygk/202502/b942e632fd594c62ad810da5b62fe35c/files/17f5ab103c8e482997442593852b7abb.docx
常熟市-常227,常熟市,常227,银杏,Ginkgo biloba L.,116,24,181,12,虞山公园瀛海台售票处,三级,31.593066,120.767935,地区级示意,https://ylj.suzhou.gov.cn/szsylj/zygk/202502/b942e632fd594c62ad810da5b62fe35c.shtml,https://ylj.suzhou.gov.cn/szsylj/zygk/202502/b942e632fd594c62ad810da5b62fe35c/files/17f5ab103c8e482997442593852b7abb.docx
常熟市-常228,常熟市,常228,罗汉松,Podocarpus macrophyllus (Thunb.) Sweet,116,2.8,49,3,虞山公园两岸书院,三级,31.567388,120.684234,地区级示意,https://ylj.suzhou.gov.cn/szsylj/zygk/202502/b942e632fd594c62ad810da5b62fe35c.shtml,https://ylj.suzhou.gov.cn/szsylj/zygk/202502/b942e632fd594c62ad810da5b62fe35c/files/17f5ab103c8e482997442593852b7abb.docx
常熟市-常229,常熟市,常229,三角槭,Acer buergerianum Miq.,116,2.9,50,4,虞山公园卷云石旁,三级,31.601253,120.696018,地区级示意,https://ylj.suzhou.gov.cn/szsylj/zygk/202502/b942e632fd594c62ad810da5b62fe35c.shtml,https://ylj.suzhou.gov.cn/szsylj/zygk/202502/b942e632fd594c62ad810da5b62fe35c/files/17f5ab103c8e482997442593852b7abb.docx
常熟市-常230,常熟市,常230,三角槭,Acer buergerianum Miq.,116,3.3,41,4,虞山公园卷云石旁,三级,31.65274,120.85985,地区级示意,https://ylj.suzhou.gov.cn/szsylj/zygk/202502/b942e632fd594c62ad810da5b62fe35c.shtml,https://ylj.suzhou.gov.cn/szsylj/zygk/202502/b942e632fd594c62ad810da5b62fe35c/files/17f5ab103c8e482997442593852b7abb.docx
常熟市-常231,常熟市,常231,枸骨,Ilex cornuta Lindl. & Paxton,116,2.2,20,3,虞山公园卷云石旁,三级,31.59324,120.697315,地区级示意,https://ylj.suzhou.gov.cn/szsylj/zygk/202502/b942e632fd594c62ad810da5b62fe35c.shtml,https://ylj.suzhou.gov.cn/szsylj/zygk/202502/b942e632fd594c62ad810da5b62fe35c/files/17f5ab103c8e482997442593852b7abb.docx
常熟市-常232,常熟市,常232,枸骨,Ilex cornuta Lindl. & Paxton,116,2.3,23,3,虞山公园卷云石旁,三级,31.586554,120.725978,地区级示意,https://ylj.suzhou.gov.cn/szsylj/zygk/202502/b942e632fd594c62ad810da5b62fe35c.shtml,https://ylj.suzhou.gov.cn/szsylj/zygk/202502/b942e632fd594c62ad810da5b62fe35c/files/17f5ab103c8e482997442593852b7abb.docx
常熟市-常233,常熟市,常233,枸骨,Ilex cornuta Lindl. & Paxton,116,3.4,47,4,虞山公园卷云石旁,三级,31.686853,120.714234,地区级示意,https://ylj.suzhou.gov.cn/szsylj/zygk/202502/b942e632fd594c62ad810da5b62fe35c.shtml,https://ylj.suzhou.gov.cn/szsylj/zygk/202502/b942e632fd594c62ad810da5b62fe35c/files/17f5ab103c8e482997442593852b7abb.docx
常熟市-常234,常熟市,常234,枸骨,Ilex cornuta Lindl. & Paxton,116,2.9,39,3,虞山公园两岸书院东绿地,三级,31.74044,120.693073,地区级示意,https://ylj.suzhou.gov.cn/szsylj/zygk/202502/b942e632fd594c62ad810da5b62fe35c.shtml,https://ylj.suzhou.gov.cn/szsylj/zygk/202502/b942e632fd594c62ad810da5b62fe35c/files/17f5ab103c8e482997442593852b7abb.docx
常熟市-常235,常熟市,常235,黄杨,Buxus sinica (Rehder & E. H. Wilson) M. Cheng,116,2.6,33,3,虞山公园卷云石旁,三级,31.611418,120.792218,地区级示意,https://ylj.suzhou.gov.cn/szsylj/zygk/202502/b942e632fd594c62ad810da5b62fe35c.shtml,https://ylj.suzhou.gov.cn/szsylj/zygk/202502/b942e632fd594c62ad810da5b62fe35c/files/17f5ab103c8e482997442593852b7abb.docx
常熟市-常236,常熟市,常236,黄杨,Buxus sinica (Rehder & E. H. Wilson) M. Cheng,116,3.5,42,3,虞山公园卷云石旁,三级,31.637683,120.828977,地区级示意,https://ylj.suzhou.gov.cn/szsylj/zygk/202502/b942e632fd594c62ad810da5b62fe35c.shtml,https://ylj.suzhou.gov.cn/szsylj/zygk/202502/b942e632fd594c62ad810da5b62fe35c/files/17f5ab103c8e482997442593852b7abb.docx
常熟市-常237,常熟市,常237,黄杨,Buxus sinica (Rehder & E. H. Wilson) M. Cheng,116,3.2,28,4,虞山公园卷云石旁,三级,31.612481,120.705571,地区级示意,https://ylj.suzhou.gov.cn/szsylj/zygk/202502/b942e632fd594c62ad810da5b62fe35c.shtml,https://ylj.suzhou.gov.cn/szsylj/zygk/202502/b942e632fd594c62ad810da5b62fe35c/files/17f5ab103c8e482997442593852b7abb.docx
常熟市-常238,常熟市,常238,黄杨,Buxus sinica (Rehder & E. H. Wilson) M. Cheng,116,2.5,25,3,虞山公园两岸书院北绿地,三级,31.701848,120.795524,地区级示意,https://ylj.suzhou.gov.cn/szsylj/zygk/202502/b942e632fd594c62ad810da5b62fe35c.shtml,https://ylj.suzhou.gov.cn/szsylj/zygk/202502/b942e632fd594c62ad810da5b62fe35c/files/17f5ab103c8e482997442593852b7abb.docx
常熟市-常239,常熟市,常239,黄杨,Buxus sinica (Rehder & E. H. Wilson) M. Cheng,116,2.5,26,3,虞山公园,三级,31.714755,120.715773,地区级示意,https://ylj.suzhou.gov.cn/szsylj/zygk/202502/b942e632fd594c62ad810da5b62fe35c.shtml,https://ylj.suzhou.gov.cn/szsylj/zygk/202502/b942e632fd594c62ad810da5b62fe35c/files/17f5ab103c8e482997442593852b7abb.docx
常熟市-常240,常熟市,常240,刺柏,Juniperus formosana Hayata,116,3.6,38,4,虞山公园卷云石旁,三级,31.698898,120.843569,地区级示意,https://ylj.suzhou.gov.cn/szsylj/zygk/202502/b942e632fd594c62ad810da5b62fe35c.shtml,https://ylj.suzhou.gov.cn/szsylj/zygk/202502/b942e632fd594c62ad810da5b62fe35c/files/17f5ab103c8e482997442593852b7abb.docx
常熟市-常241,常熟市,常241,圆柏,Juniperus chinensis Roxb.,116,9,88,6,虞山公园,三级,31.712244,120.727362,地区级示意,https://ylj.suzhou.gov.cn/szsylj/zygk/202502/b942e632fd594c62ad810da5b62fe35c.shtml,https://ylj.suzhou.gov.cn/szsylj/zygk/202502/b942e632fd594c62ad810da5b62fe35c/files/17f5ab103c8e482997442593852b7abb.docx
常熟市-常242,常熟市,常242,圆柏,Juniperus chinensis Roxb.,116,8.5,135,7,虞山公园,三级,31.638759,120.727331,地区级示意,https://ylj.suzhou.gov.cn/szsylj/zygk/202502/b942e632fd594c62ad810da5b62fe35c.shtml,https://ylj.suzhou.gov.cn/szsylj/zygk/202502/b942e632fd594c62ad810da5b62fe35c/files/17f5ab103c8e482997442593852b7abb.docx
常熟市-常243,常熟市,常243,圆柏,Juniperus chinensis Roxb.,116,7,77,4,虞山公园,三级,31.685439,120.836603,地区级示意,https://ylj.suzhou.gov.cn/szsylj/zygk/202502/b942e632fd594c62ad810da5b62fe35c.shtml,https://ylj.suzhou.gov.cn/szsylj/zygk/202502/b942e632fd594c62ad810da5b62fe35c/files/17f5ab103c8e482997442593852b7abb.docx
常熟市-常244,常熟市,常244,圆柏,Juniperus chinensis Roxb.,116,17,104,8,虞山公园,三级,31.576239,120.83383,地区级示意,https://ylj.suzhou.gov.cn/szsylj/zygk/202502/b942e632fd594c62ad810da5b62fe35c.shtml,https://ylj.suzhou.gov.cn/szsylj/zygk/202502/b942e632fd594c62ad810da5b62fe35c/files/17f5ab103c8e482997442593852b7abb.docx
常熟市-常245,常熟市,常245,圆柏,Juniperus chinensis Roxb.,116,7,69,5,虞山公园,三级,31.748008,120.77496,地区级示意,https://ylj.suzhou.gov.cn/szsylj/zygk/202502/b942e632fd594c62ad810da5b62fe35c.shtml,https://ylj.suzhou.gov.cn/szsylj/zygk/202502/b942e632fd594c62ad810da5b62fe35c/files/17f5ab103c8e482997442593852b7abb.docx
常熟市-常246,常熟市,常246,圆柏,Juniperus chinensis Roxb.,116,10.5,107,6,虞山公园,三级,31.71389,120.713912,地区级示意,https://ylj.suzhou.gov.cn/szsylj/zygk/202502/b942e632fd594c62ad810da5b62fe35c.shtml,https://ylj.suzhou.gov.cn/szsylj/zygk/202502/b942e632fd594c62ad810da5b62fe35c/files/17f5ab103c8e482997442593852b7abb.docx
常熟市-常247,常熟市,常247,圆柏,Juniperus chinensis Roxb.,116,11,116,8,虞山公园,三级,31.690692,120.818717,地区级示意,https://ylj.suzhou.gov.cn/szsylj/zygk/202502/b942e632fd594c62ad810da5b62fe35c.shtml,https://ylj.suzhou.gov.cn/szsylj/zygk/202502/b942e632fd594c62ad810da5b62fe35c/files/17f5ab103c8e482997442593852b7abb.docx
常熟市-常248,常熟市,常248,圆柏,Juniperus chinensis Roxb.,116,10.5,69,5,虞山公园,三级,31.702729,120.743126,地区级示意,https://ylj.suzhou.gov.cn/szsylj/zygk/202502/b942e632fd594c62ad810da5b62fe35c.shtml,https://ylj.suzhou.gov.cn/szsylj/zygk/202502/b942e632fd594c62ad810da5b62fe35c/files/17f5ab103c8e482997442593852b7abb.docx
常熟市-常249,常熟市,常249,圆柏,Juniperus chinensis Roxb.,116,10.5,82,5,虞山公园,三级,31.595116,120.747444,地区级示意,https://ylj.suzhou.gov.cn/szsylj/zygk/202502/b942e632fd594c62ad810da5b62fe35c.shtml,https://ylj.suzhou.gov.cn/szsylj/zygk/202502/b942e632fd594c62ad810da5b62fe35c/files/17f5ab103c8e482997442593852b7abb.docx
常熟市-常250,常熟市,常250,圆柏,Juniperus chinensis Roxb.,116,17,57,5,虞山公园,三级,31.585943,120.674859,地区级示意,https://ylj.suzhou.gov.cn/szsylj/zygk/202502/b942e632fd594c62ad810da5b62fe35c.shtml,https://ylj.suzhou.gov.cn/szsylj/zygk/202502/b942e632fd594c62ad810da5b62fe35c/files/17f5ab103c8e482997442593852b7abb.docx
常熟市-常251,常熟市,常251,圆柏,Juniperus chinensis Roxb.,116,8,47,2,虞山公园,三级,31.582661,120.818084,地区级示意,https://ylj.suzhou.gov.cn/szsylj/zygk/202502/b942e632fd594c62ad810da5b62fe35c.shtml,https://ylj.suzhou.gov.cn/szsylj/zygk/202502/b942e632fd594c62ad810da5b62fe35c/files/17f5ab103c8e482997442593852b7abb.docx
常熟市-常252,常熟市,常252,圆柏,Juniperus chinensis Roxb.,116,8.5,60,7,虞山公园,三级,31.631508,120.840393,地区级示意,https://ylj.suzhou.gov.cn/szsylj/zygk/202502/b942e632fd594c62ad810da5b62fe35c.shtml,https://ylj.suzhou.gov.cn/szsylj/zygk/202502/b942e632fd594c62ad810da5b62fe35c/files/17f5ab103c8e482997442593852b7abb.docx
常熟市-常253,常熟市,常253,圆柏,Juniperus chinensis Roxb.,116,11,88,8,虞山公园,三级,31.622946,120.736745,地区级示意,https://ylj.suzhou.gov.cn/szsylj/zygk/202502/b942e632fd594c62ad810da5b62fe35c.shtml,https://ylj.suzhou.gov.cn/szsylj/zygk/202502/b942e632fd594c62ad810da5b62fe35c/files/17f5ab103c8e482997442593852b7abb.docx
常熟市-常254,常熟市,常254,圆柏,Juniperus chinensis Roxb.,116,17,75,5,虞山公园,三级,31.622397,120.755967,地区级示意,https://ylj.suzhou.gov.cn/szsylj/zygk/202502/b942e632fd594c62ad810da5b62fe35c.shtml,https://ylj.suzhou.gov.cn/szsylj/zygk/202502/b942e632fd594c62ad810da5b62fe35c/files/17f5ab103c8e482997442593852b7abb.docx
常熟市-常255,常熟市,常255,圆柏,Juniperus chinensis Roxb.,116,11.5,97,4,虞山公园,三级,31.614777,120.66436,地区级示意,https://ylj.suzhou.gov.cn/szsylj/zygk/202502/b942e632fd594c62ad810da5b62fe35c.shtml,https://ylj.suzhou.gov.cn/szsylj/zygk/202502/b942e632fd594c62ad810da5b62fe35c/files/17f5ab103c8e482997442593852b7abb.docx
常熟市-常256,常熟市,常256,圆柏,Juniperus chinensis Roxb.,116,11,88,6,虞山公园,三级,31.663455,120.787533,地区级示意,https://ylj.suzhou.gov.cn/szsylj/zygk/202502/b942e632fd594c62ad810da5b62fe35c.shtml,https://ylj.suzhou.gov.cn/szsylj/zygk/202502/b942e632fd594c62ad810da5b62fe35c/files/17f5ab103c8e482997442593852b7abb.docx
常熟市-常257,常熟市,常257,圆柏,Juniperus chinensis Roxb.,116,6.5,104,7,虞山公园,三级,31.730156,120.755983,地区级示意,https://ylj.suzhou.gov.cn/szsylj/zygk/202502/b942e632fd594c62ad810da5b62fe35c.shtml,https://ylj.suzhou.gov.cn/szsylj/zygk/202502/b942e632fd594c62ad810da5b62fe35c/files/17f5ab103c8e482997442593852b7abb.docx
常熟市-常258,常熟市,常258,圆柏,Juniperus chinensis Roxb.,116,10,69,3,虞山公园,三级,31.708346,120.675106,地区级示意,https://ylj.suzhou.gov.cn/szsylj/zygk/202502/b942e632fd594c62ad810da5b62fe35c.shtml,https://ylj.suzhou.gov.cn/szsylj/zygk/202502/b942e632fd594c62ad810da5b62fe35c/files/17f5ab103c8e482997442593852b7abb.docx
常熟市-常259,常熟市,常259,圆柏,Juniperus chinensis Roxb.,116,11,88,5,虞山公园,三级,31.666381,120.86718,地区级示意,https://ylj.suzhou.gov.cn/szsylj/zygk/202502/b942e632fd594c62ad810da5b62fe35c.shtml,https://ylj.suzhou.gov.cn/szsylj/zygk/202502/b942e632fd594c62ad810da5b62fe35c/files/17f5ab103c8e482997442593852b7abb.docx
常熟市-常260,常熟市,常260,圆柏,Juniperus chinensis Roxb.,116,7.5,53,4,虞山公园,三级,31.697833,120.648469,地区级示意,https://ylj.suzhou.gov.cn/szsylj/zygk/202502/b942e632fd594c62ad810da5b62fe35c.shtml,https://ylj.suzhou.gov.cn/szsylj/zygk/202502/b942e632fd594c62ad810da5b62fe35c/files/17f5ab103c8e482997442593852b7abb.docx
常熟市-常261,常熟市,常261,圆柏,Juniperus chinensis Roxb.,116,11,79,5,虞山公园,三级,31.753327,120.77867,地区级示意,https://ylj.suzhou.gov.cn/szsylj/zygk/202502/b942e632fd594c62ad810da5b62fe35c.shtml,https://ylj.suzhou.gov.cn/szsylj/zygk/202502/b942e632fd594c62ad810da5b62fe35c/files/17f5ab103c8e482997442593852b7abb.docx
常熟市-常262,常熟市,常262,圆柏,Juniperus chinensis Roxb.,116,17,82,7,虞山公园,三级,31.615752,120.738531,地区级示意,https://ylj.suzhou.gov.cn/szsylj/zygk/202502/b942e632fd594c62ad810da5b62fe35c.shtml,https://ylj.suzhou.gov.cn/szsylj/zygk/202502/b942e632fd594c62ad810da5b62fe35c/files/17f5ab103c8e482997442593852b7abb.docx
常熟市-常263,常熟市,常263,圆柏,Juniperus chinensis Roxb.,116,7.5,82,6,虞山公园,三级,31.70943,120.738432,地区级示意,https://ylj.suzhou.gov.cn/szsylj/zygk/202502/b942e632fd594c62ad810da5b62fe35c.shtml,https://ylj.suzhou.gov.cn/szsylj/zygk/202502/b942e632fd594c62ad810da5b62fe35c/files/17f5ab103c8e482997442593852b7abb.docx
常熟市-常264,常熟市,常264,圆柏,Juniperus chinensis Roxb.,116,8,66,5,虞山公园,三级,31.721503,120.838556,地区级示意,https://ylj.suzhou.gov.cn/szsylj/zygk/202502/b942e632fd594c62ad810da5b62fe35c.shtml,https://ylj.suzhou.gov.cn/szsylj/zygk/202502/b942e632fd594c62ad810da5b62fe35c/files/17f5ab103c8e482997442593852b7abb.docx
常熟市-常265,常熟市,常265,圆柏,Juniperus chinensis Roxb.,116,8.5,79,5,虞山公园,三级,31.623233,120.727261,地区级示意,https://ylj.suzhou.gov.cn/szsylj/zygk/202502/b942e632fd594c62ad810da5b62fe35c.shtml,https://ylj.suzhou.gov.cn/szsylj/zygk/202502/b942e632fd594c62ad810da5b62fe35c/files/17f5ab103c8e482997442593852b7abb.docx
常熟市-常266,常熟市,常266,圆柏,Juniperus chinensis Roxb.,116,17,85,4,虞山公园,三级,31.594371,120.671045,地区级示意,https://ylj.suzhou.gov.cn/szsylj/zygk/202502/b942e632fd594c62ad810da5b62fe35c.shtml,https://ylj.suzhou.gov.cn/szsylj/zygk/202502/b942e632fd594c62ad810da5b62fe35c/files/17f5ab103c8e482997442593852b7abb.docx
常熟市-常267,常熟市,常267,圆柏,Juniperus chinensis Roxb.,116,10.5,66,3,虞山公园,三级,31.671623,120.755905,地区级示意,https://ylj.suzhou.gov.cn/szsylj/zygk/202502/b942e632fd594c62ad810da5b62fe35c.shtml,https://ylj.suzhou.gov.cn/szsylj/zygk/202502/b942e632fd594c62ad810da5b62fe35c/files/17f5ab103c8e482997442593852b7abb.docx
常熟市-常268,常熟市,常268,圆柏,Juniperus chinensis Roxb.,116,9.5,63,5,虞山公园,三级,31.685662,120.839765,地区级示意,https://ylj.suzhou.gov.cn/szsylj/zygk/202502/b942e632fd594c62ad810da5b62fe35c.shtml,https://ylj.suzhou.gov.cn/szsylj/zygk/202502/b942e632fd594c62ad810da5b62fe35c/files/17f5ab103c8e482997442593852b7abb.docx
常熟市-常269,常熟市,常269,圆柏,Juniperus chinensis Roxb.,116,9,88,7,虞山公园倚晴园门外,三级,31.723316,120.756177,地区级示意,https://ylj.suzhou.gov.cn/szsylj/zygk/202502/b942e632fd594c62ad810da5b62fe35c.shtml,https://ylj.suzhou.gov.cn/szsylj/zygk/202502/b942e632fd594c62ad810da5b62fe35c/files/17f5ab103c8e482997442593852b7abb.docx
常熟市-常270,常熟市,常270,圆柏,Juniperus chinensis Roxb.,116,8.5,75,7,虞山公园倚晴园内,三级,31.702677,120.654172,地区级示意,https://ylj.suzhou.gov.cn/szsylj/zygk/202502/b942e632fd594c62ad810da5b62fe35c.shtml,https://ylj.suzhou.gov.cn/szsylj/zygk/202502/b942e632fd594c62ad810da5b62fe35c/files/17f5ab103c8e482997442593852b7abb.docx
常熟市-常271,常熟市,常271,圆柏,Juniperus chinensis Roxb.,116,8.5,79,6,虞山公园倚晴园内,三级,31.729743,120.827255,地区级示意,https://ylj.suzhou.gov.cn/szsylj/zygk/202502/b942e632fd594c62ad810da5b62fe35c.shtml,https://ylj.suzhou.gov.cn/szsylj/zygk/202502/b942e632fd594c62ad810da5b62fe35c/files/17f5ab103c8e482997442593852b7abb.docx
常熟市-常272,常熟市,常272,榔榆,Ulmus parvifolia Jacq.,106,2.5,51,2,燕园,三级,31.654014,120.843494,地区级示意,https://ylj.suzhou.gov.cn/szsylj/zygk/202502/b942e632fd594c62ad810da5b62fe35c.shtml,https://ylj.suzhou.gov.cn/szsylj/zygk/202502/b942e632fd594c62ad810da5b62fe35c/files/17f5ab103c8e482997442593852b7abb.docx
常熟市-常273,常熟市,常273,鸡爪槭,Acer palmatum Thunb.,106,6.5,56,8,燕园十愿楼,三级,31.737314,120.736562,地区级示意,https://ylj.suzhou.gov.cn/szsylj/zygk/202502/b942e632fd594c62ad810da5b62fe35c.shtml,https://ylj.suzhou.gov.cn/szsylj/zygk/202502/b942e632fd594c62ad810da5b62fe35c/files/17f5ab103c8e482997442593852b7abb.docx
常熟市-常274,常熟市,常274,荷花玉兰,Magnolia grandiflora L.,106,10.5,139,7,清和坊,三级,31.617668,120.828177,地区级示意,https://ylj.suzhou.gov.cn/szsylj/zygk/202502/b942e632fd594c62ad810da5b62fe35c.shtml,https://ylj.suzhou.gov.cn/szsylj/zygk/202502/b942e632fd594c62ad810da5b62fe35c/files/17f5ab103c8e482997442593852b7abb.docx
常熟市-常275,常熟市,常275,石榴,Punica granatum L.,106,3.5,27,3,燕园三婵娟室西,三级,31.683293,120.763433,地区级示意,https://ylj.suzhou.gov.cn/szsylj/zygk/202502/b942e632fd594c62ad810da5b62fe35c.shtml,https://ylj.suzhou.gov.cn/szsylj/zygk/202502/b942e632fd594c62ad810da5b62fe35c/files/17f5ab103c8e482997442593852b7abb.docx
常熟市-常276,常熟市,常276,银杏,Ginkgo biloba L.,525,11.5,250,5,董浜镇徐市中心小学,一级,31.582142,120.813419,地区级示意,https://ylj.suzhou.gov.cn/szsylj/zygk/202502/b942e632fd594c62ad810da5b62fe35c.shtml,https://ylj.suzhou.gov.cn/szsylj/zygk/202502/b942e632fd594c62ad810da5b62fe35c/files/17f5ab103c8e482997442593852b7abb.docx
常熟市-常277,常熟市,常277,银杏,Ginkgo biloba L.,330,24,181,7,董浜镇徐市中心小学,二级,31.649024,120.772233,地区级示意,https://ylj.suzhou.gov.cn/szsylj/zygk/202502/b942e632fd594c62ad810da5b62fe35c.shtml,https://ylj.suzhou.gov.cn/szsylj/zygk/202502/b942e632fd594c62ad810da5b62fe35c/files/17f5ab103c8e482997442593852b7abb.docx
常熟市-常278,常熟市,常278,银杏,Ginkgo biloba L.,330,10,214,7,董浜镇徐市中心小学,二级,31.685353,120.801711,地区级示意,https://ylj.suzhou.gov.cn/szsylj/zygk/202502/b942e632fd594c62ad810da5b62fe35c.shtml,https://ylj.suzhou.gov.cn/szsylj/zygk/202502/b942e632fd594c62ad810da5b62fe35c/files/17f5ab103c8e482997442593852b7abb.docx
常熟市-常279,常熟市,常279,枸杞,Lycium chinense Mill.,945,1,5,1,董浜镇镇政府,一级,31.574529,120.686267,地区级示意,https://ylj.suzhou.gov.cn/szsylj/zygk/202502/b942e632fd594c62ad810da5b62fe35c.shtml,https://ylj.suzhou.gov.cn/szsylj/zygk/202502/b942e632fd594c62ad810da5b62fe35c/files/17f5ab103c8e482997442593852b7abb.docx
常熟市-常280,常熟市,常280,银杏,Ginkgo biloba L.,150,9,143,6,董浜镇徐市布厂,三级,31.676333,120.837016,地区级示意,https://ylj.suzhou.gov.cn/szsylj/zygk/202502/b942e632fd594c62ad810da5b62fe35c.shtml,https://ylj.suzhou.gov.cn/szsylj/zygk/202502/b942e632fd594c62ad810da5b62fe35c/files/17f5ab103c8e482997442593852b7abb.docx
常熟市-常284,常熟市,常284,木樨,Osmanthus fragrans Lour.,140,4.8,94,4,董浜镇老徐市小学,三级,31.612599,120.677758,地区级示意,https://ylj.suzhou.gov.cn/szsylj/zygk/202502/b942e632fd594c62ad810da5b62fe35c.shtml,https://ylj.suzhou.gov.cn/szsylj/zygk/202502/b942e632fd594c62ad810da5b62fe35c/files/17f5ab103c8e482997442593852b7abb.docx
常熟市-常285,常熟市,常285,银杏,Ginkgo biloba L.,380,19,314,14,古里镇赵庄禅寺,二级,31.637818,120.775483,地区级示意,https://ylj.suzhou.gov.cn/szsylj/zygk/202502/b942e632fd594c62ad810da5b62fe35c.shtml,https://ylj.suzhou.gov.cn/szsylj/zygk/202502/b942e632fd594c62ad810da5b62fe35c/files/17f5ab103c8e482997442593852b7abb.docx
常熟市-常286,常熟市,常286,大叶榉树,Zelkova schneideriana Hand.-Mazz.,170,10.5,141,8,古里镇赵庄禅寺,三级,31.670249,120.643673,地区级示意,https://ylj.suzhou.gov.cn/szsylj/zygk/202502/b942e632fd594c62ad810da5b62fe35c.shtml,https://ylj.suzhou.gov.cn/szsylj/zygk/202502/b942e632fd594c62ad810da5b62fe35c/files/17f5ab103c8e482997442593852b7abb.docx
常熟市-常287,常熟市,常287,银杏,Ginkgo biloba L.,430,28.5,374,12,古里镇真武禅院,二级,31.72056,120.847565,地区级示意,https://ylj.suzhou.gov.cn/szsylj/zygk/202502/b942e632fd594c62ad810da5b62fe35c.shtml,https://ylj.suzhou.gov.cn/szsylj/zygk/202502/b942e632fd594c62ad810da5b62fe35c/files/17f5ab103c8e482997442593852b7abb.docx
常熟市-常288,常熟市,常288,银杏,Ginkgo biloba L.,180,15.6,220,14,古里镇林海庄,三级,31.666171,120.831981,地区级示意,https://ylj.suzhou.gov.cn/szsylj/zygk/202502/b942e632fd594c62ad810da5b62fe35c.shtml,https://ylj.suzhou.gov.cn/szsylj/zygk/202502/b942e632fd594c62ad810da5b62fe35c/files/17f5ab103c8e482997442593852b7abb.docx
常熟市-常289,常熟市,常289,银杏,Ginkgo biloba L.,130,17.5,179,9,古里镇古墩庵,三级,31.740934,120.752098,地区级示意,https://ylj.suzhou.gov.cn/szsylj/zygk/202502/b942e632fd594c62ad810da5b62fe35c.shtml,https://ylj.suzhou.gov.cn/szsylj/zygk/202502/b942e632fd594c62ad810da5b62fe35c/files/17f5ab103c8e482997442593852b7abb.docx
常熟市-常290,常熟市,常290,红豆树,Ormosia hosiei Hemsl. & E. H. Wilson,475,13.5,243,12,古里镇红豆山庄,二级,31.564316,120.812476,地区级示意,https://ylj.suzhou.gov.cn/szsylj/zygk/202502/b942e632fd594c62ad810da5b62fe35c.shtml,https://ylj.suzhou.gov.cn/szsylj/zygk/202502/b942e632fd594c62ad810da5b62fe35c/files/17f5ab103c8e482997442593852b7abb.docx
常熟市-常291,常熟市,常291,银杏,Ginkgo biloba L.,280,13,275,9,海虞镇福海寺,三级,31.604222,120.692628,地区级示意,https://ylj.suzhou.gov.cn/szsylj/zygk/202502/b942e632fd594c62ad810da5b62fe35c.shtml,https://ylj.suzhou.gov.cn/szsylj/zygk/202502/b942e632fd594c62ad810da5b62fe35c/files/17f5ab103c8e482997442593852b7abb.docx
常熟市-常292,常熟市,常292,银杏,Ginkgo biloba L.,815,17,565,13,海虞镇南庄庙,一级,31.618573,120.847372,地区级示意,https://ylj.suzhou.gov.cn/szsylj/zygk/202502/b942e632fd594c62ad810da5b62fe35c.shtml,https://ylj.suzhou.gov.cn/szsylj/zygk/202502/b942e632fd594c62ad810da5b62fe35c/files/17f5ab103c8e482997442593852b7abb.docx
常熟市-常293,常熟市,常293,银杏,Ginkgo biloba L.,280,23.5,424,15,海虞镇邓王庙,三级,31.647639,120.675838,地区级示意,https://ylj.suzhou.gov.cn/szsylj/zygk/202502/b942e632fd594c62ad810da5b62fe35c.shtml,https://ylj.suzhou.gov.cn/szsylj/zygk/202502/b942e632fd594c62ad810da5b62fe35c/files/17f5ab103c8e482997442593852b7abb.docx
常熟市-常294,常熟市,常294,银杏,Ginkgo biloba L.,180,21,304,17,海虞镇邓王庙,三级,31.712857,120.835902,地区级示意,https://ylj.suzhou.gov.cn/szsylj/zygk/202502/b942e632fd594c62ad810da5b62fe35c.shtml,https://ylj.suzhou.gov.cn/szsylj/zygk/202502/b942e632fd594c62ad810da5b62fe35c/files/17f5ab103c8e482997442593852b7abb.docx
常熟市-常295,常熟市,常295,银杏,Ginkgo biloba L.,180,20,284,13,海虞镇邓王庙,三级,31.667886,120.781804,地区级示意,https://ylj.suzhou.gov.cn/szsylj/zygk/202502/b942e632fd594c62ad810da5b62fe35c.shtml,https://ylj.suzhou.gov.cn/szsylj/zygk/202502/b942e632fd594c62ad810da5b62fe35c/files/17f5ab103c8e482997442593852b7abb.docx
常熟市-常296,常熟市,常296,银杏,Ginkgo biloba L.,180,18,262,18,海虞镇邓王庙,三级,31.744451,120.727566,地区级示意,https://ylj.suzhou.gov.cn/szsylj/zygk/202502/b942e632fd594c62ad810da5b62fe35c.shtml,https://ylj.suzhou.gov.cn/szsylj/zygk/202502/b942e632fd594c62ad810da5b62fe35c/files/17f5ab103c8e482997442593852b7abb.docx
常熟市-常297,常熟市,常297,银杏,Ginkgo biloba L.,130,13.8,220,9,海虞镇高神庙,三级,31.564642,120.756741,地区级示意,https://ylj.suzhou.gov.cn/szsylj/zygk/202502/b942e632fd594c62ad810da5b62fe35c.shtml,https://ylj.suzhou.gov.cn/szsylj/zygk/202502/b942e632fd594c62ad810da5b62fe35c/files/17f5ab103c8e482997442593852b7abb.docx
常熟市-常298,常熟市,常298,银杏,Ginkgo biloba L.,130,9,151,5,海虞镇原特鸾小学,三级,31.745833,120.735889,地区级示意,https://ylj.suzhou.gov.cn/szsylj/zygk/202502/b942e632fd594c62ad810da5b62fe35c.shtml,https://ylj.suzhou.gov.cn/szsylj/zygk/202502/b942e632fd594c62ad810da5b62fe35c/files/17f5ab103c8e482997442593852b7abb.docx
常熟市-常299,常熟市,常299,银杏,Ginkgo biloba L.,130,7.9,100,4,海虞镇原特鸾小学,三级,31.664927,120.820447,地区级示意,https://ylj.suzhou.gov.cn/szsylj/zygk/202502/b942e632fd594c62ad810da5b62fe35c.shtml,https://ylj.suzhou.gov.cn/szsylj/zygk/202502/b942e632fd594c62ad810da5b62fe35c/files/17f5ab103c8e482997442593852b7abb.docx
常熟市-常300,常熟市,常300,银杏,Ginkgo biloba L.,380,22,388,19,海虞镇邓市小集镇,二级,31.550877,120.727389,地区级示意,https://ylj.suzhou.gov.cn/szsylj/zygk/202502/b942e632fd594c62ad810da5b62fe35c.shtml,https://ylj.suzhou.gov.cn/szsylj/zygk/202502/b942e632fd594c62ad810da5b62fe35c/files/17f5ab103c8e482997442593852b7abb.docx
常熟市-常301,常熟市,常301,银杏,Ginkgo biloba L.,330,14,339,11,海虞镇褚太尉庙,二级,31.616771,120.72496,地区级示意,https://ylj.suzhou.gov.cn/szsylj/zygk/202502/b942e632fd594c62ad810da5b62fe35c.shtml,https://ylj.suzhou.gov.cn/szsylj/zygk/202502/b942e632fd594c62ad810da5b62fe35c/files/17f5ab103c8e482997442593852b7abb.docx
常熟市-常302,常熟市,常302,银杏,Ginkgo biloba L.,330,17,339,11,海虞镇褚太尉庙,二级,31.715227,120.816008,地区级示意,https://ylj.suzhou.gov.cn/szsylj/zygk/202502/b942e632fd594c62ad810da5b62fe35c.shtml,https://ylj.suzhou.gov.cn/szsylj/zygk/202502/b942e632fd594c62ad810da5b62fe35c/files/17f5ab103c8e482997442593852b7abb.docx
常熟市-常303,常熟市,常303,银杏,Ginkgo biloba L.,230,17,243,14,海虞镇圣帝庙,三级,31.621383,120.658886,地区级示意,https://ylj.suzhou.gov.cn/szsylj/zygk/202502/b942e632fd594c62ad810da5b62fe35c.shtml,https://ylj.suzhou.gov.cn/szsylj/zygk/202502/b942e632fd594c62ad810da5b62fe35c/files/17f5ab103c8e482997442593852b7abb.docx
常熟市-常304,常熟市,常304,银杏,Ginkgo biloba L.,280,20.5,298,19,海虞镇龙王庙,三级,31.669892,120.756511,地区级示意,https://ylj.suzhou.gov.cn/szsylj/zygk/202502/b942e632fd594c62ad810da5b62fe35c.shtml,https://ylj.suzhou.gov.cn/szsylj/zygk/202502/b942e632fd594c62ad810da5b62fe35c/files/17f5ab103c8e482997442593852b7abb.docx
常熟市-常305,常熟市,常305,银杏,Ginkgo biloba L.,180,21,192,13,海虞镇黄泥塘58号,三级,31.664,120.868424,地区级示意,https://ylj.suzhou.gov.cn/szsylj/zygk/202502/b942e632fd594c62ad810da5b62fe35c.shtml,https://ylj.suzhou.gov.cn/szsylj/zygk/202502/b942e632fd594c62ad810da5b62fe35c/files/17f5ab103c8e482997442593852b7abb.docx
常熟市-常306,常熟市,常306,银杏,Ginkgo biloba L.,180,19,220,16,海虞镇黄泥塘58号,三级,31.708706,120.820217,地区级示意,https://ylj.suzhou.gov.cn/szsylj/zygk/202502/b942e632fd594c62ad810da5b62fe35c.shtml,https://ylj.suzhou.gov.cn/szsylj/zygk/202502/b942e632fd594c62ad810da5b62fe35c/files/17f5ab103c8e482997442593852b7abb.docx
常熟市-常307,常熟市,常307,银杏,Ginkgo biloba L.,230,14,198,10,海虞镇东湾街10号,三级,31.668791,120.765439,地区级示意,https://ylj.suzhou.gov.cn/szsylj/zygk/202502/b942e632fd594c62ad810da5b62fe35c.shtml,https://ylj.suzhou.gov.cn/szsylj/zygk/202502/b942e632fd594c62ad810da5b62fe35c/files/17f5ab103c8e482997442593852b7abb.docx
常熟市-常308,常熟市,常308,银杏,Ginkgo biloba L.,430,14,246,8,海虞镇双忠庙,二级,31.634514,120.638962,地区级示意,https://ylj.suzhou.gov.cn/szsylj/zygk/202502/b942e632fd594c62ad810da5b62fe35c.shtml,https://ylj.suzhou.gov.cn/szsylj/zygk/202502/b942e632fd594c62ad810da5b62fe35c/files/17f5ab103c8e482997442593852b7abb.docx
常熟市-常309,常熟市,常309,银杏,Ginkgo biloba L.,430,21,289,15,海虞镇双忠庙,二级,31.55437,120.722393,地区级示意,https://ylj.suzhou.gov.cn/szsylj/zygk/202502/b942e632fd594c62ad810da5b62fe35c.shtml,https://ylj.suzhou.gov.cn/szsylj/zygk/202502/b942e632fd594c62ad810da5b62fe35c/files/17f5ab103c8e482997442593852b7abb.docx
常熟市-常310,常熟市,常310,银杏,Ginkgo biloba L.,230,13,172,8,海虞镇双忠庙,三级,31.618521,120.793904,地区级示意,https://ylj.suzhou.gov.cn/szsylj/zygk/202502/b942e632fd594c62ad810da5b62fe35c.shtml,https://ylj.suzhou.gov.cn/szsylj/zygk/202502/b942e632fd594c62ad810da5b62fe35c/files/17f5ab103c8e482997442593852b7abb.docx
常熟市-常311,常熟市,常311,银杏,Ginkgo biloba L.,220,26,251,21,海虞镇陆真庵,三级,31.673571,120.71165,地区级示意,https://ylj.suzhou.gov.cn/szsylj/zygk/202502/b942e632fd594c62ad810da5b62fe35c.shtml,https://ylj.suzhou.gov.cn/szsylj/zygk/202502/b942e632fd594c62ad810da5b62fe35c/files/17f5ab103c8e482997442593852b7abb.docx
常熟市-常312,常熟市,常312,银杏,Ginkgo biloba L.,220,19,181,15,海虞镇陆真庵,三级,31.551929,120.75546,地区级示意,https://ylj.suzhou.gov.cn/szsylj/zygk/202502/b942e632fd594c62ad810da5b62fe35c.shtml,https://ylj.suzhou.gov.cn/szsylj/zygk/202502/b942e632fd594c62ad810da5b62fe35c/files/17f5ab103c8e482997442593852b7abb.docx
常熟市-常313,常熟市,常313,银杏,Ginkgo biloba L.,200,8,166,8,海虞镇周神庙,三级,31.670025,120.660821,地区级示意,https://ylj.suzhou.gov.cn/szsylj/zygk/202502/b942e632fd594c62ad810da5b62fe35c.shtml,https://ylj.suzhou.gov.cn/szsylj/zygk/202502/b942e632fd594c62ad810da5b62fe35c/files/17f5ab103c8e482997442593852b7abb.docx
常熟市-常314,常熟市,常314,银杏,Ginkgo biloba L.,200,10.5,188,11,海虞镇周神庙,三级,31.623992,120.783962,地区级示意,https://ylj.suzhou.gov.cn/szsylj/zygk/202502/b942e632fd594c62ad810da5b62fe35c.shtml,https://ylj.suzhou.gov.cn/szsylj/zygk/202502/b942e632fd594c62ad810da5b62fe35c/files/17f5ab103c8e482997442593852b7abb.docx
常熟市-常315,常熟市,常315,银杏,Ginkgo biloba L.,200,22.5,192,10,海虞镇周神庙,三级,31.676023,120.661303,地区级示意,https://ylj.suzhou.gov.cn/szsylj/zygk/202502/b942e632fd594c62ad810da5b62fe35c.shtml,https://ylj.suzhou.gov.cn/szsylj/zygk/202502/b942e632fd594c62ad810da5b62fe35c/files/17f5ab103c8e482997442593852b7abb.docx
常熟市-常316,常熟市,常316,银杏,Ginkgo biloba L.,625,26,432,14,梅李镇聚沙公园,一级,31.599075,120.802972,地区级示意,https://ylj.suzhou.gov.cn/szsylj/zygk/202502/b942e632fd594c62ad810da5b62fe35c.shtml,https://ylj.suzhou.gov.cn/szsylj/zygk/202502/b942e632fd594c62ad810da5b62fe35c/files/17f5ab103c8e482997442593852b7abb.docx
常熟市-常317,常熟市,常317,银杏,Ginkgo biloba L.,380,25,339,11,梅李镇高仁堂,二级,31.705061,120.706732,地区级示意,https://ylj.suzhou.gov.cn/szsylj/zygk/202502/b942e632fd594c62ad810da5b62fe35c.shtml,https://ylj.suzhou.gov.cn/szsylj/zygk/202502/b942e632fd594c62ad810da5b62fe35c/files/17f5ab103c8e482997442593852b7abb.docx
常熟市-常318,常熟市,常318,银杏,Ginkgo biloba L.,430,21.2,380,14,梅李镇雷正殿,二级,31.606069,120.754326,地区级示意,https://ylj.suzhou.gov.cn/szsylj/zygk/202502/b942e632fd594c62ad810da5b62fe35c.shtml,https://ylj.suzhou.gov.cn/szsylj/zygk/202502/b942e632fd594c62ad810da5b62fe35c/files/17f5ab103c8e482997442593852b7abb.docx
常熟市-常319,常熟市,常319,银杏,Ginkgo biloba L.,480,28.2,518,20,梅李镇东梅中,二级,31.718228,120.750974,地区级示意,https://ylj.suzhou.gov.cn/szsylj/zygk/202502/b942e632fd594c62ad810da5b62fe35c.shtml,https://ylj.suzhou.gov.cn/szsylj/zygk/202502/b942e632fd594c62ad810da5b62fe35c/files/17f5ab103c8e482997442593852b7abb.docx
常熟市-常320,常熟市,常320,银杏,Ginkgo biloba L.,130,14,160,8,梅李镇吉祥庵,三级,31.699533,120.767952,地区级示意,https://ylj.suzhou.gov.cn/szsylj/zygk/202502/b942e632fd594c62ad810da5b62fe35c.shtml,https://ylj.suzhou.gov.cn/szsylj/zygk/202502/b942e632fd594c62ad810da5b62fe35c/files/17f5ab103c8e482997442593852b7abb.docx
常熟市-常321,常熟市,常321,银杏,Ginkgo biloba L.,130,12,182,9,梅李镇吉祥庵,三级,31.731621,120.710119,地区级示意,https://ylj.suzhou.gov.cn/szsylj/zygk/202502/b942e632fd594c62ad810da5b62fe35c.shtml,https://ylj.suzhou.gov.cn/szsylj/zygk/202502/b942e632fd594c62ad810da5b62fe35c/files/17f5ab103c8e482997442593852b7abb.docx
常熟市-常322,常熟市,常322,银杏,Ginkgo biloba L.,130,10,161,5,梅李镇吉祥庵,三级,31.586143,120.83491,地区级示意,https://ylj.suzhou.gov.cn/szsylj/zygk/202502/b942e632fd594c62ad810da5b62fe35c.shtml,https://ylj.suzhou.gov.cn/szsylj/zygk/202502/b942e632fd594c62ad810da5b62fe35c/files/17f5ab103c8e482997442593852b7abb.docx
常熟市-常323,常熟市,常323,银杏,Ginkgo biloba L.,130,11,172,5,梅李镇吉祥庵,三级,31.704923,120.652561,地区级示意,https://ylj.suzhou.gov.cn/szsylj/zygk/202502/b942e632fd594c62ad810da5b62fe35c.shtml,https://ylj.suzhou.gov.cn/szsylj/zygk/202502/b942e632fd594c62ad810da5b62fe35c/files/17f5ab103c8e482997442593852b7abb.docx
常熟市-常324,常熟市,常324,蜡梅,Chimonanthus praecox (L.) Link,160,5.5,188,6,梅李镇梅李北街60号,三级,31.638984,120.813483,地区级示意,https://ylj.suzhou.gov.cn/szsylj/zygk/202502/b942e632fd594c62ad810da5b62fe35c.shtml,https://ylj.suzhou.gov.cn/szsylj/zygk/202502/b942e632fd594c62ad810da5b62fe35c/files/17f5ab103c8e482997442593852b7abb.docx
常熟市-常325,常熟市,常325,黄杨,Buxus sinica (Rehder & E. H. Wilson) M. Cheng,170,6.8,77,7,梅李镇纯阳弄8号,三级,31.590602,120.705471,地区级示意,https://ylj.suzhou.gov.cn/szsylj/zygk/202502/b942e632fd594c62ad810da5b62fe35c.shtml,https://ylj.suzhou.gov.cn/szsylj/zygk/202502/b942e632fd594c62ad810da5b62fe35c/files/17f5ab103c8e482997442593852b7abb.docx
常熟市-常326,常熟市,常326,银杏,Ginkgo biloba L.,180,20,283,16,梅李镇福缘禅寺,三级,31.724784,120.79476,地区级示意,https://ylj.suzhou.gov.cn/szsylj/zygk/202502/b942e632fd594c62ad810da5b62fe35c.shtml,https://ylj.suzhou.gov.cn/szsylj/zygk/202502/b942e632fd594c62ad810da5b62fe35c/files/17f5ab103c8e482997442593852b7abb.docx
常熟市-常327,常熟市,常327,银杏,Ginkgo biloba L.,180,19,212,11,梅李镇福缘禅寺,三级,31.616829,120.833161,地区级示意,https://ylj.suzhou.gov.cn/szsylj/zygk/202502/b942e632fd594c62ad810da5b62fe35c.shtml,https://ylj.suzhou.gov.cn/szsylj/zygk/202502/b942e632fd594c62ad810da5b62fe35c/files/17f5ab103c8e482997442593852b7abb.docx
常熟市-常328,常熟市,常328,银杏,Ginkgo biloba L.,180,19,198,11,梅李镇福缘禅寺,三级,31.645039,120.835465,地区级示意,https://ylj.suzhou.gov.cn/szsylj/zygk/202502/b942e632fd594c62ad810da5b62fe35c.shtml,https://ylj.suzhou.gov.cn/szsylj/zygk/202502/b942e632fd594c62ad810da5b62fe35c/files/17f5ab103c8e482997442593852b7abb.docx
常熟市-常329,常熟市,常329,银杏,Ginkgo biloba L.,180,18,188,12,梅李镇福缘禅寺,三级,31.720703,120.665159,地区级示意,https://ylj.suzhou.gov.cn/szsylj/zygk/202502/b942e632fd594c62ad810da5b62fe35c.shtml,https://ylj.suzhou.gov.cn/szsylj/zygk/202502/b942e632fd594c62ad810da5b62fe35c/files/17f5ab103c8e482997442593852b7abb.docx
常熟市-常330,常熟市,常330,银杏,Ginkgo biloba L.,230,16,248,12,梅李镇蔡巷庙,三级,31.586859,120.847349,地区级示意,https://ylj.suzhou.gov.cn/szsylj/zygk/202502/b942e632fd594c62ad810da5b62fe35c.shtml,https://ylj.suzhou.gov.cn/szsylj/zygk/202502/b942e632fd594c62ad810da5b62fe35c/files/17f5ab103c8e482997442593852b7abb.docx
常熟市-常331,常熟市,常331,银杏,Ginkgo biloba L.,230,14,179,12,梅李镇蔡巷庙,三级,31.645895,120.795242,地区级示意,https://ylj.suzhou.gov.cn/szsylj/zygk/202502/b942e632fd594c62ad810da5b62fe35c.shtml,https://ylj.suzhou.gov.cn/szsylj/zygk/202502/b942e632fd594c62ad810da5b62fe35c/files/17f5ab103c8e482997442593852b7abb.docx
常熟市-常332,常熟市,常332,银杏,Ginkgo biloba L.,280,10.5,190,9,梅李镇赵市中学,三级,31.669668,120.806379,地区级示意,https://ylj.suzhou.gov.cn/szsylj/zygk/202502/b942e632fd594c62ad810da5b62fe35c.shtml,https://ylj.suzhou.gov.cn/szsylj/zygk/202502/b942e632fd594c62ad810da5b62fe35c/files/17f5ab103c8e482997442593852b7abb.docx
常熟市-常333,常熟市,常333,银杏,Ginkgo biloba L.,280,18.7,218,13,梅李镇赵市中学,三级,31.591486,120.805913,地区级示意,https://ylj.suzhou.gov.cn/szsylj/zygk/202502/b942e632fd594c62ad810da5b62fe35c.shtml,https://ylj.suzhou.gov.cn/szsylj/zygk/202502/b942e632fd594c62ad810da5b62fe35c/files/17f5ab103c8e482997442593852b7abb.docx
常熟市-常334,常熟市,常334,银杏,Ginkgo biloba L.,180,21.5,330,16,梅李镇圣帝殿,三级,31.665382,120.721244,地区级示意,https://ylj.suzhou.gov.cn/szsylj/zygk/202502/b942e632fd594c62ad810da5b62fe35c.shtml,https://ylj.suzhou.gov.cn/szsylj/zygk/202502/b942e632fd594c62ad810da5b62fe35c/files/17f5ab103c8e482997442593852b7abb.docx
常熟市-常335,常熟市,常335,银杏,Ginkgo biloba L.,180,17.5,236,15,梅李镇圣帝殿,三级,31.729216,120.704319,地区级示意,https://ylj.suzhou.gov.cn/szsylj/zygk/202502/b942e632fd594c62ad810da5b62fe35c.shtml,https://ylj.suzhou.gov.cn/szsylj/zygk/202502/b942e632fd594c62ad810da5b62fe35c/files/17f5ab103c8e482997442593852b7abb.docx
常熟市-常336,常熟市,常336,银杏,Ginkgo biloba L.,130,11,132,9,梅李镇龙腾特钢厂,三级,31.654801,120.648374,地区级示意,https://ylj.suzhou.gov.cn/szsylj/zygk/202502/b942e632fd594c62ad810da5b62fe35c.shtml,https://ylj.suzhou.gov.cn/szsylj/zygk/202502/b942e632fd594c62ad810da5b62fe35c/files/17f5ab103c8e482997442593852b7abb.docx
常熟市-常337,常熟市,常337,银杏,Ginkgo biloba L.,130,13,134,9,梅李镇龙腾特钢厂,三级,31.607086,120.800394,地区级示意,https://ylj.suzhou.gov.cn/szsylj/zygk/202502/b942e632fd594c62ad810da5b62fe35c.shtml,https://ylj.suzhou.gov.cn/szsylj/zygk/202502/b942e632fd594c62ad810da5b62fe35c/files/17f5ab103c8e482997442593852b7abb.docx
常熟市-常339,常熟市,常339,银杏,Ginkgo biloba L.,330,18,276,12,梅李镇师桥街190号净度庵,二级,31.600558,120.70228,地区级示意,https://ylj.suzhou.gov.cn/szsylj/zygk/202502/b942e632fd594c62ad810da5b62fe35c.shtml,https://ylj.suzhou.gov.cn/szsylj/zygk/202502/b942e632fd594c62ad810da5b62fe35c/files/17f5ab103c8e482997442593852b7abb.docx
常熟市-常340,常熟市,常340,银杏,Ginkgo biloba L.,330,22,327,14,梅李镇师桥街190号净度庵,二级,31.65924,120.692178,地区级示意,https://ylj.suzhou.gov.cn/szsylj/zygk/202502/b942e632fd594c62ad810da5b62fe35c.shtml,https://ylj.suzhou.gov.cn/szsylj/zygk/202502/b942e632fd594c62ad810da5b62fe35c/files/17f5ab103c8e482997442593852b7abb.docx
常熟市-常342,常熟市,常342,银杏,Ginkgo biloba L.,330,16.7,284,14,梅李镇岳庙加工厂内,二级,31.640784,120.784957,地区级示意,https://ylj.suzhou.gov.cn/szsylj/zygk/202502/b942e632fd594c62ad810da5b62fe35c.shtml,https://ylj.suzhou.gov.cn/szsylj/zygk/202502/b942e632fd594c62ad810da5b62fe35c/files/17f5ab103c8e482997442593852b7abb.docx
常熟市-常343,常熟市,常343,银杏,Ginkgo biloba L.,525,8.5,210,5,梅李镇珍门幼儿园,一级,31.715594,120.777101,地区级示意,https://ylj.suzhou.gov.cn/szsylj/zygk/202502/b942e632fd594c62ad810da5b62fe35c.shtml,https://ylj.suzhou.gov.cn/szsylj/zygk/202502/b942e632fd594c62ad810da5b62fe35c/files/17f5ab103c8e482997442593852b7abb.docx
常熟市-常344,常熟市,常344,银杏,Ginkgo biloba L.,525,25.5,327,12,梅李镇珍门幼儿园,一级,31.711286,120.775164,地区级示意,https://ylj.suzhou.gov.cn/szsylj/zygk/202502/b942e632fd594c62ad810da5b62fe35c.shtml,https://ylj.suzhou.gov.cn/szsylj/zygk/202502/b942e632fd594c62ad810da5b62fe35c/files/17f5ab103c8e482997442593852b7abb.docx
常熟市-常345,常熟市,常345,银杏,Ginkgo biloba L.,150,12,239,9,梅李镇南石,三级,31.593709,120.815491,地区级示意,https://ylj.suzhou.gov.cn/szsylj/zygk/202502/b942e632fd594c62ad810da5b62fe35c.shtml,https://ylj.suzhou.gov.cn/szsylj/zygk/202502/b942e632fd594c62ad810da5b62fe35c/files/17f5ab103c8e482997442593852b7abb.docx
常熟市-常346,常熟市,常346,银杏,Ginkgo biloba L.,150,17,174,7,沙家浜镇唐市中心街235号,三级,31.654797,120.727429,地区级示意,https://ylj.suzhou.gov.cn/szsylj/zygk/202502/b942e632fd594c62ad810da5b62fe35c.shtml,https://ylj.suzhou.gov.cn/szsylj/zygk/202502/b942e632fd594c62ad810da5b62fe35c/files/17f5ab103c8e482997442593852b7abb.docx
常熟市-常347,常熟市,常347,银杏,Ginkgo biloba L.,180,15.8,210,8,沙家浜镇唐市中心桥东堍,三级,31.632748,120.864967,地区级示意,https://ylj.suzhou.gov.cn/szsylj/zygk/202502/b942e632fd594c62ad810da5b62fe35c.shtml,https://ylj.suzhou.gov.cn/szsylj/zygk/202502/b942e632fd594c62ad810da5b62fe35c/files/17f5ab103c8e482997442593852b7abb.docx
常熟市-常348,常熟市,常348,黄杨,Buxus sinica (Rehder & E. H. Wilson) M. Cheng,130,7.5,74,6,沙家浜镇飘香园,三级,31.568321,120.699713,地区级示意,https://ylj.suzhou.gov.cn/szsylj/zygk/202502/b942e632fd594c62ad810da5b62fe35c.shtml,https://ylj.suzhou.gov.cn/szsylj/zygk/202502/b942e632fd594c62ad810da5b62fe35c/files/17f5ab103c8e482997442593852b7abb.docx
常熟市-常349,常熟市,常349,黄杨,Buxus sinica (Rehder & E. H. Wilson) M. Cheng,130,5,44,3,沙家浜镇飘香园,三级,31.702576,120.834643,地区级示意,https://ylj.suzhou.gov.cn/szsylj/zygk/202502/b942e632fd594c62ad810da5b62fe35c.shtml,https://ylj.suzhou.gov.cn/szsylj/zygk/202502/b942e632fd594c62ad810da5b62fe35c/files/17f5ab103c8e482997442593852b7abb.docx
常熟市-常350,常熟市,常350,黄杨,Buxus sinica (Rehder & E. H. Wilson) M. Cheng,200,5.9,100,7,沙家浜镇横泾老街,三级,31.706819,120.747847,地区级示意,https://ylj.suzhou.gov.cn/szsylj/zygk/202502/b942e632fd594c62ad810da5b62fe35c.shtml,https://ylj.suzhou.gov.cn/szsylj/zygk/202502/b942e632fd594c62ad810da5b62fe35c/files/17f5ab103c8e482997442593852b7abb.docx
常熟市-常351,常熟市,常351,银杏,Ginkgo biloba L.,140,24.7,83.5,13,尚湖镇周神庙,三级,31.626536,120.846524,地区级示意,https://ylj.suzhou.gov.cn/szsylj/zygk/202502/b942e632fd594c62ad810da5b62fe35c.shtml,https://ylj.suzhou.gov.cn/szsylj/zygk/202502/b942e632fd594c62ad810da5b62fe35c/files/17f5ab103c8e482997442593852b7abb.docx
常熟市-常352,常熟市,常352,银杏,Ginkgo biloba L.,615,8,221,8,尚湖镇冶塘小学,一级,31.733462,120.69433,地区级示意,https://ylj.suzhou.gov.cn/szsylj/zygk/202502/b942e632fd594c62ad810da5b62fe35c.shtml,https://ylj.suzhou.gov.cn/szsylj/zygk/202502/b942e632fd594c62ad810da5b62fe35c/files/17f5ab103c8e482997442593852b7abb.docx
常熟市-常353,常熟市,常353,银杏,Ginkgo biloba L.,615,23,333,15,尚湖镇冶塘小学,一级,31.62823,120.635708,地区级示意,https://ylj.suzhou.gov.cn/szsylj/zygk/202502/b942e632fd594c62ad810da5b62fe35c.shtml,https://ylj.suzhou.gov.cn/szsylj/zygk/202502/b942e632fd594c62ad810da5b62fe35c/files/17f5ab103c8e482997442593852b7abb.docx
常熟市-常354,常熟市,常354,银杏,Ginkgo biloba L.,130,8,125,5,尚湖镇大河社区卫生服务站,三级,31.748292,120.763805,地区级示意,https://ylj.suzhou.gov.cn/szsylj/zygk/202502/b942e632fd594c62ad810da5b62fe35c.shtml,https://ylj.suzhou.gov.cn/szsylj/zygk/202502/b942e632fd594c62ad810da5b62fe35c/files/17f5ab103c8e482997442593852b7abb.docx
常熟市-常355,常熟市,常355,银杏,Ginkgo biloba L.,130,10,132,9,尚湖镇大河社区卫生服务站,三级,31.622595,120.694514,地区级示意,https://ylj.suzhou.gov.cn/szsylj/zygk/202502/b942e632fd594c62ad810da5b62fe35c.shtml,https://ylj.suzhou.gov.cn/szsylj/zygk/202502/b942e632fd594c62ad810da5b62fe35c/files/17f5ab103c8e482997442593852b7abb.docx
常熟市-常356,常熟市,常356,银杏,Ginkgo biloba L.,150,8,127,9,尚湖镇水月庵,三级,31.75381,120.710399,地区级示意,https://ylj.suzhou.gov.cn/szsylj/zygk/202502/b942e632fd594c62ad810da5b62fe35c.shtml,https://ylj.suzhou.gov.cn/szsylj/zygk/202502/b942e632fd594c62ad810da5b62fe35c/files/17f5ab103c8e482997442593852b7abb.docx
常熟市-常357,常熟市,常357,银杏,Ginkgo biloba L.,150,7.8,135,8,尚湖镇水月庵,三级,31.657706,120.797009,地区级示意,https://ylj.suzhou.gov.cn/szsylj/zygk/202502/b942e632fd594c62ad810da5b62fe35c.shtml,https://ylj.suzhou.gov.cn/szsylj/zygk/202502/b942e632fd594c62ad810da5b62fe35c/files/17f5ab103c8e482997442593852b7abb.docx
常熟市-常358,常熟市,常358,银杏,Ginkgo biloba L.,180,13,165,10,尚湖镇净善寺,三级,31.62467,120.822767,地区级示意,https://ylj.suzhou.gov.cn/szsylj/zygk/202502/b942e632fd594c62ad810da5b62fe35c.shtml,https://ylj.suzhou.gov.cn/szsylj/zygk/202502/b942e632fd594c62ad810da5b62fe35c/files/17f5ab103c8e482997442593852b7abb.docx
常熟市-常359,常熟市,常359,罗汉松,Podocarpus macrophyllus (Thunb.) Sweet,825,7.5,215,8,尚湖镇张泾浜,一级,31.566968,120.698648,地区级示意,https://ylj.suzhou.gov.cn/szsylj/zygk/202502/b942e632fd594c62ad810da5b62fe35c.shtml,https://ylj.suzhou.gov.cn/szsylj/zygk/202502/b942e632fd594c62ad810da5b62fe35c/files/17f5ab103c8e482997442593852b7abb.docx
常熟市-常360,常熟市,常360,银杏,Ginkgo biloba L.,230,22.5,239,12,尚湖镇练塘中学,三级,31.722982,120.708769,地区级示意,https://ylj.suzhou.gov.cn/szsylj/zygk/202502/b942e632fd594c62ad810da5b62fe35c.shtml,https://ylj.suzhou.gov.cn/szsylj/zygk/202502/b942e632fd594c62ad810da5b62fe35c/files/17f5ab103c8e482997442593852b7abb.docx
常熟市-常361,常熟市,常361,银杏,Ginkgo biloba L.,140,12,188,13,尚湖镇陆家巷,三级,31.698272,120.790296,地区级示意,https://ylj.suzhou.gov.cn/szsylj/zygk/202502/b942e632fd594c62ad810da5b62fe35c.shtml,https://ylj.suzhou.gov.cn/szsylj/zygk/202502/b942e632fd594c62ad810da5b62fe35c/files/17f5ab103c8e482997442593852b7abb.docx
常熟市-常362,常熟市,常362,银杏,Ginkgo biloba L.,140,12.8,144,10,尚湖镇陆家巷,三级,31.728043,120.828684,地区级示意,https://ylj.suzhou.gov.cn/szsylj/zygk/202502/b942e632fd594c62ad810da5b62fe35c.shtml,https://ylj.suzhou.gov.cn/szsylj/zygk/202502/b942e632fd594c62ad810da5b62fe35c/files/17f5ab103c8e482997442593852b7abb.docx
常熟市-常363,常熟市,常363,银杏,Ginkgo biloba L.,140,14.5,136,11,尚湖镇陆家巷,三级,31.550867,120.7311,地区级示意,https://ylj.suzhou.gov.cn/szsylj/zygk/202502/b942e632fd594c62ad810da5b62fe35c.shtml,https://ylj.suzhou.gov.cn/szsylj/zygk/202502/b942e632fd594c62ad810da5b62fe35c/files/17f5ab103c8e482997442593852b7abb.docx
常熟市-常364,常熟市,常364,银杏,Ginkgo biloba L.,140,13.5,141,10,尚湖镇陆家巷,三级,31.677238,120.68846,地区级示意,https://ylj.suzhou.gov.cn/szsylj/zygk/202502/b942e632fd594c62ad810da5b62fe35c.shtml,https://ylj.suzhou.gov.cn/szsylj/zygk/202502/b942e632fd594c62ad810da5b62fe35c/files/17f5ab103c8e482997442593852b7abb.docx
常熟市-常365,常熟市,常365,柿,Diospyros kaki Thunb.,124,6.2,75,4,尚湖镇翁家庄村查村,三级,31.666214,120.744562,地区级示意,https://ylj.suzhou.gov.cn/szsylj/zygk/202502/b942e632fd594c62ad810da5b62fe35c.shtml,https://ylj.suzhou.gov.cn/szsylj/zygk/202502/b942e632fd594c62ad810da5b62fe35c/files/17f5ab103c8e482997442593852b7abb.docx
常熟市-常366,常熟市,常366,银杏,Ginkgo biloba L.,330,18.5,268,7,辛庄真棒吕舍西桥头圆通庵,二级,31.606992,120.666787,地区级示意,https://ylj.suzhou.gov.cn/szsylj/zygk/202502/b942e632fd594c62ad810da5b62fe35c.shtml,https://ylj.suzhou.gov.cn/szsylj/zygk/202502/b942e632fd594c62ad810da5b62fe35c/files/17f5ab103c8e482997442593852b7abb.docx
常熟市-常367,常熟市,常367,牡丹,Paeonia × suffruticosa Andrews,470,1.5,300,3,辛庄镇姚家桥,二级,31.621339,120.737591,地区级示意,https://ylj.suzhou.gov.cn/szsylj/zygk/202502/b942e632fd594c62ad810da5b62fe35c.shtml,https://ylj.suzhou.gov.cn/szsylj/zygk/202502/b942e632fd594c62ad810da5b62fe35c/files/17f5ab103c8e482997442593852b7abb.docx
常熟市-常368,常熟市,常368,雀梅藤,Sageretia thea (Osbeck) M. C. Johnst.,180,3,100,6,辛庄镇沈浜沙洞路,三级,31.705317,120.674271,地区级示意,https://ylj.suzhou.gov.cn/szsylj/zygk/202502/b942e632fd594c62ad810da5b62fe35c.shtml,https://ylj.suzhou.gov.cn/szsylj/zygk/202502/b942e632fd594c62ad810da5b62fe35c/files/17f5ab103c8e482997442593852b7abb.docx
常熟市-常370,常熟市,常370,银杏,Ginkgo biloba L.,480,7.8,242,7,碧溪新区龙王庙,二级,31.657745,120.816609,地区级示意,https://ylj.suzhou.gov.cn/szsylj/zygk/202502/b942e632fd594c62ad810da5b62fe35c.shtml,https://ylj.suzhou.gov.cn/szsylj/zygk/202502/b942e632fd594c62ad810da5b62fe35c/files/17f5ab103c8e482997442593852b7abb.docx
常熟市-常371,常熟市,常371,银杏,Ginkgo biloba L.,480,9,380,8,碧溪新区龙王庙,二级,31.557737,120.746049,地区级示意,https://ylj.suzhou.gov.cn/szsylj/zygk/202502/b942e632fd594c62ad810da5b62fe35c.shtml,https://ylj.suzhou.gov.cn/szsylj/zygk/202502/b942e632fd594c62ad810da5b62fe35c/files/17f5ab103c8e482997442593852b7abb.docx
常熟市-常372,常熟市,常372,银杏,Ginkgo biloba L.,320,18.5,251,9,碧溪新区吴市中心小学,二级,31.629182,120.661204,地区级示意,https://ylj.suzhou.gov.cn/szsylj/zygk/202502/b942e632fd594c62ad810da5b62fe35c.shtml,https://ylj.suzhou.gov.cn/szsylj/zygk/202502/b942e632fd594c62ad810da5b62fe35c/files/17f5ab103c8e482997442593852b7abb.docx
常熟市-常373,常熟市,常373,大叶榉树,Zelkova schneideriana Hand.-Mazz.,130,10.8,169,12,碧溪新区吴市中心小学,三级,31.581588,120.704036,地区级示意,https://ylj.suzhou.gov.cn/szsylj/zygk/202502/b942e632fd594c62ad810da5b62fe35c.shtml,https://ylj.suzhou.gov.cn/szsylj/zygk/202502/b942e632fd594c62ad810da5b62fe35c/files/17f5ab103c8e482997442593852b7abb.docx
常熟市-常374,常熟市,常374,大叶榉树,Zelkova schneideriana Hand.-Mazz.,130,9,163,9,碧溪新区吴市中心小学,三级,31.742822,120.809859,地区级示意,https://ylj.suzhou.gov.cn/szsylj/zygk/202502/b942e632fd594c62ad810da5b62fe35c.shtml,https://ylj.suzhou.gov.cn/szsylj/zygk/202502/b942e632fd594c62ad810da5b62fe35c/files/17f5ab103c8e482997442593852b7abb.docx
常熟市-常375,常熟市,常375,银杏,Ginkgo biloba L.,230,18.6,298,11,碧溪新区寺庄塘,三级,31.586683,120.694005,地区级示意,https://ylj.suzhou.gov.cn/szsylj/zygk/202502/b942e632fd594c62ad810da5b62fe35c.shtml,https://ylj.suzhou.gov.cn/szsylj/zygk/202502/b942e632fd594c62ad810da5b62fe35c/files/17f5ab103c8e482997442593852b7abb.docx
常熟市-常376,常熟市,常376,银杏,Ginkgo biloba L.,230,19,237,8,碧溪新区静室,三级,31.667136,120.634993,地区级示意,https://ylj.suzhou.gov.cn/szsylj/zygk/202502/b942e632fd594c62ad810da5b62fe35c.shtml,https://ylj.suzhou.gov.cn/szsylj/zygk/202502/b942e632fd594c62ad810da5b62fe35c/files/17f5ab103c8e482997442593852b7abb.docx
常熟市-常377,常熟市,常377,银杏,Ginkgo biloba L.,230,20,276,11,碧溪新区静室,三级,31.629917,120.70305,地区级示意,https://ylj.suzhou.gov.cn/szsylj/zygk/202502/b942e632fd594c62ad810da5b62fe35c.shtml,https://ylj.suzhou.gov.cn/szsylj/zygk/202502/b942e632fd594c62ad810da5b62fe35c/files/17f5ab103c8e482997442593852b7abb.docx
常熟市-常378,常熟市,常378,银杏,Ginkgo biloba L.,150,15,261,20,碧溪新区观音庙,三级,31.666033,120.70688,地区级示意,https://ylj.suzhou.gov.cn/szsylj/zygk/202502/b942e632fd594c62ad810da5b62fe35c.shtml,https://ylj.suzhou.gov.cn/szsylj/zygk/202502/b942e632fd594c62ad810da5b62fe35c/files/17f5ab103c8e482997442593852b7abb.docx
常熟市-常379,常熟市,常379,银杏,Ginkgo biloba L.,220,19,226,15,碧溪新区望江禅寺,三级,31.698656,120.84404,地区级示意,https://ylj.suzhou.gov.cn/szsylj/zygk/202502/b942e632fd594c62ad810da5b62fe35c.shtml,https://ylj.suzhou.gov.cn/szsylj/zygk/202502/b942e632fd594c62ad810da5b62fe35c/files/17f5ab103c8e482997442593852b7abb.docx
常熟市-常380,常熟市,常380,银杏,Ginkgo biloba L.,230,14,251,12,碧溪新区原浒浦小学,三级,31.591906,120.82135,地区级示意,https://ylj.suzhou.gov.cn/szsylj/zygk/202502/b942e632fd594c62ad810da5b62fe35c.shtml,https://ylj.suzhou.gov.cn/szsylj/zygk/202502/b942e632fd594c62ad810da5b62fe35c/files/17f5ab103c8e482997442593852b7abb.docx
常熟市-常381,常熟市,常381,板栗,Castanea mollissima Bl.,170,4,257,1,兴福老面馆北侧路旁,三级,31.734183,120.723438,地区级示意,https://ylj.suzhou.gov.cn/szsylj/zygk/202502/b942e632fd594c62ad810da5b62fe35c.shtml,https://ylj.suzhou.gov.cn/szsylj/zygk/202502/b942e632fd594c62ad810da5b62fe35c/files/17f5ab103c8e482997442593852b7abb.docx
常熟市-常383,常熟市,常383,板栗,Castanea mollissima Bl.,320,5.8,119,3,望岳楼东20米处靠南,二级,31.706253,120.797716,地区级示意,https://ylj.suzhou.gov.cn/szsylj/zygk/202502/b942e632fd594c62ad810da5b62fe35c.shtml,https://ylj.suzhou.gov.cn/szsylj/zygk/202502/b942e632fd594c62ad810da5b62fe35c/files/17f5ab103c8e482997442593852b7abb.docx
常熟市-常385,常熟市,常385,板栗,Castanea mollissima Bl.,320,6.8,220,8,望岳楼东南10米处,二级,31.669795,120.769956,地区级示意,https://ylj.suzhou.gov.cn/szsylj/zygk/202502/b942e632fd594c62ad810da5b62fe35c.shtml,https://ylj.suzhou.gov.cn/szsylj/zygk/202502/b942e632fd594c62ad810da5b62fe35c/files/17f5ab103c8e482997442593852b7abb.docx
常熟市-常386,常熟市,常386,板栗,Castanea mollissima Bl.,320,4.5,188,6,虞山林场望岳楼东南10米处,二级,31.612345,120.757819,地区级示意,https://ylj.suzhou.gov.cn/szsylj/zygk/202502/b942e632fd594c62ad810da5b62fe35c.shtml,https://ylj.suzhou.gov.cn/szsylj/zygk/202502/b942e632fd594c62ad810da5b62fe35c/files/17f5ab103c8e482997442593852b7abb.docx
常熟市-常387,常熟市,常387,板栗,Castanea mollissima Bl.,320,7.5,239,8,望岳楼东5米处,二级,31.600747,120.774954,地区级示意,https://ylj.suzhou.gov.cn/szsylj/zygk/202502/b942e632fd594c62ad810da5b62fe35c.shtml,https://ylj.suzhou.gov.cn/szsylj/zygk/202502/b942e632fd594c62ad810da5b62fe35c/files/17f5ab103c8e482997442593852b7abb.docx
常熟市-常388,常熟市,常388,板栗,Castanea mollissima Bl.,320,4,314,11,望岳楼东南侧5米处,二级,31.681846,120.681515,地区级示意,https://ylj.suzhou.gov.cn/szsylj/zygk/202502/b942e632fd594c62ad810da5b62fe35c.shtml,https://ylj.suzhou.gov.cn/szsylj/zygk/202502/b942e632fd594c62ad810da5b62fe35c/files/17f5ab103c8e482997442593852b7abb.docx
常熟市-常389,常熟市,常389,板栗,Castanea mollissima Bl.,320,6,257,9,兴福老面馆塔林东10米,二级,31.684919,120.713989,地区级示意,https://ylj.suzhou.gov.cn/szsylj/zygk/202502/b942e632fd594c62ad810da5b62fe35c.shtml,https://ylj.suzhou.gov.cn/szsylj/zygk/202502/b942e632fd594c62ad810da5b62fe35c/files/17f5ab103c8e482997442593852b7abb.docx
常熟市-常390,常熟市,常390,板栗,Castanea mollissima Bl.,320,14.7,56,12,望岳楼南涧边,二级,31.727552,120.75052,地区级示意,https://ylj.suzhou.gov.cn/szsylj/zygk/202502/b942e632fd594c62ad810da5b62fe35c.shtml,https://ylj.suzhou.gov.cn/szsylj/zygk/202502/b942e632fd594c62ad810da5b62fe35c/files/17f5ab103c8e482997442593852b7abb.docx
常熟市-常391,常熟市,常391,板栗,Castanea mollissima Bl.,320,6.1,176,9,望岳楼东涧旁边,二级,31.656097,120.747414,地区级示意,https://ylj.suzhou.gov.cn/szsylj/zygk/202502/b942e632fd594c62ad810da5b62fe35c.shtml,https://ylj.suzhou.gov.cn/szsylj/zygk/202502/b942e632fd594c62ad810da5b62fe35c/files/17f5ab103c8e482997442593852b7abb.docx
常熟市-常392,常熟市,常392,板栗,Castanea mollissima Bl.,320,8.9,245,10,望岳楼正面涧旁边,二级,31.620888,120.80003,地区级示意,https://ylj.suzhou.gov.cn/szsylj/zygk/202502/b942e632fd594c62ad810da5b62fe35c.shtml,https://ylj.suzhou.gov.cn/szsylj/zygk/202502/b942e632fd594c62ad810da5b62fe35c/files/17f5ab103c8e482997442593852b7abb.docx
常熟市-常393,常熟市,常393,板栗,Castanea mollissima Bl.,320,8.9,170,12,望岳楼正面约50米处,二级,31.641748,120.824013,地区级示意,https://ylj.suzhou.gov.cn/szsylj/zygk/202502/b942e632fd594c62ad810da5b62fe35c.shtml,https://ylj.suzhou.gov.cn/szsylj/zygk/202502/b942e632fd594c62ad810da5b62fe35c/files/17f5ab103c8e482997442593852b7abb.docx
常熟市-常394,常熟市,常394,板栗,Castanea mollissima Bl.,520,8.6,192,13,望岳楼门前约5米处,一级,31.678209,120.834657,地区级示意,https://ylj.suzhou.gov.cn/szsylj/zygk/202502/b942e632fd594c62ad810da5b62fe35c.shtml,https://ylj.suzhou.gov.cn/szsylj/zygk/202502/b942e632fd594c62ad810da5b62fe35c/files/17f5ab103c8e482997442593852b7abb.docx
常熟市-常395,常熟市,常395,板栗,Castanea mollissima Bl.,140,5.8,160,7,望月楼西南面20米处,三级,31.593864,120.841394,地区级示意,https://ylj.suzhou.gov.cn/szsylj/zygk/202502/b942e632fd594c62ad810da5b62fe35c.shtml,https://ylj.suzhou.gov.cn/szsylj/zygk/202502/b942e632fd594c62ad810da5b62fe35c/files/17f5ab103c8e482997442593852b7abb.docx
常熟市-常398,常熟市,常398,板栗,Castanea mollissima Bl.,220,7.8,173,5,兴福老面馆北侧路旁,三级,31.702713,120.753676,地区级示意,https://ylj.suzhou.gov.cn/szsylj/zygk/202502/b942e632fd594c62ad810da5b62fe35c.shtml,https://ylj.suzhou.gov.cn/szsylj/zygk/202502/b942e632fd594c62ad810da5b62fe35c/files/17f5ab103c8e482997442593852b7abb.docx
常熟市-常401,常熟市,常401,香樟,Camphora officinarum Nees,140,15,282,13,虞山望岳楼东南约50米处,三级,31.728238,120.700443,地区级示意,https://ylj.suzhou.gov.cn/szsylj/zygk/202502/b942e632fd594c62ad810da5b62fe35c.shtml,https://ylj.suzhou.gov.cn/szsylj/zygk/202502/b942e632fd594c62ad810da5b62fe35c/files/17f5ab103c8e482997442593852b7abb.docx
常熟市-常402,常熟市,常402,大叶榉树,Zelkova schneideriana Hand.-Mazz.,190,18.5,179,12,兴福园林饭店北侧约5米靠东,三级,31.639037,120.735426,地区级示意,https://ylj.suzhou.gov.cn/szsylj/zygk/202502/b942e632fd594c62ad810da5b62fe35c.shtml,https://ylj.suzhou.gov.cn/szsylj/zygk/202502/b942e632fd594c62ad810da5b62fe35c/files/17f5ab103c8e482997442593852b7abb.docx
常熟市-常403,常熟市,常403,大叶榉树,Zelkova schneideriana Hand.-Mazz.,170,16.5,138,11,虞山兴福园林饭店北侧5米处,三级,31.683634,120.854313,地区级示意,https://ylj.suzhou.gov.cn/szsylj/zygk/202502/b942e632fd594c62ad810da5b62fe35c.shtml,https://ylj.suzhou.gov.cn/szsylj/zygk/202502/b942e632fd594c62ad810da5b62fe35c/files/17f5ab103c8e482997442593852b7abb.docx
常熟市-常404,常熟市,常404,大叶榉树,Zelkova schneideriana Hand.-Mazz.,120,16,173,10,虞山兴福园林饭店北侧5米处,三级,31.601187,120.733293,地区级示意,https://ylj.suzhou.gov.cn/szsylj/zygk/202502/b942e632fd594c62ad810da5b62fe35c.shtml,https://ylj.suzhou.gov.cn/szsylj/zygk/202502/b942e632fd594c62ad810da5b62fe35c/files/17f5ab103c8e482997442593852b7abb.docx
常熟市-常405,常熟市,常405,大叶榉树,Zelkova schneideriana Hand.-Mazz.,120,14,141,7,虞山兴福园林饭店北寺路街北边,三级,31.618028,120.835469,地区级示意,https://ylj.suzhou.gov.cn/szsylj/zygk/202502/b942e632fd594c62ad810da5b62fe35c.shtml,https://ylj.suzhou.gov.cn/szsylj/zygk/202502/b942e632fd594c62ad810da5b62fe35c/files/17f5ab103c8e482997442593852b7abb.docx
常熟市-常419,常熟市,常419,马尾松,Pinus massoniana Lamb.,170,18.3,138,7,三峰寺前林中,三级,31.57519,120.694202,地区级示意,https://ylj.suzhou.gov.cn/szsylj/zygk/202502/b942e632fd594c62ad810da5b62fe35c.shtml,https://ylj.suzhou.gov.cn/szsylj/zygk/202502/b942e632fd594c62ad810da5b62fe35c/files/17f5ab103c8e482997442593852b7abb.docx
常熟市-常424,常熟市,常424,马尾松,Pinus massoniana Lamb.,220,22,135,7,三峰寺前林中,三级,31.750511,120.787406,地区级示意,https://ylj.suzhou.gov.cn/szsylj/zygk/202502/b942e632fd594c62ad810da5b62fe35c.shtml,https://ylj.suzhou.gov.cn/szsylj/zygk/202502/b942e632fd594c62ad810da5b62fe35c/files/17f5ab103c8e482997442593852b7abb.docx
常熟市-常429,常熟市,常429,板栗,Castanea mollissima Bl.,270,10.5,76,10,兴福寺龙华说法东南侧,三级,31.569431,120.678177,地区级示意,https://ylj.suzhou.gov.cn/szsylj/zygk/202502/b942e632fd594c62ad810da5b62fe35c.shtml,https://ylj.suzhou.gov.cn/szsylj/zygk/202502/b942e632fd594c62ad810da5b62fe35c/files/17f5ab103c8e482997442593852b7abb.docx
常熟市-常431,常熟市,常431,大叶榉树,Zelkova schneideriana Hand.-Mazz.,306,20,185,12,兴福寺内阿兰若前,二级,31.66872,120.861472,地区级示意,https://ylj.suzhou.gov.cn/szsylj/zygk/202502/b942e632fd594c62ad810da5b62fe35c.shtml,https://ylj.suzhou.gov.cn/szsylj/zygk/202502/b942e632fd594c62ad810da5b62fe35c/files/17f5ab103c8e482997442593852b7abb.docx
常熟市-常432,常熟市,常432,大叶榉树,Zelkova schneideriana Hand.-Mazz.,120,20.5,163,14,兴福寺内阿兰若前,三级,31.565557,120.782462,地区级示意,https://ylj.suzhou.gov.cn/szsylj/zygk/202502/b942e632fd594c62ad810da5b62fe35c.shtml,https://ylj.suzhou.gov.cn/szsylj/zygk/202502/b942e632fd594c62ad810da5b62fe35c/files/17f5ab103c8e482997442593852b7abb.docx
常熟市-常433,常熟市,常433,大叶榉树,Zelkova schneideriana Hand.-Mazz.,120,13,119,12,兴福寺内阿兰若东南角,三级,31.617404,120.775937,地区级示意,https://ylj.suzhou.gov.cn/szsylj/zygk/202502/b942e632fd594c62ad810da5b62fe35c.shtml,https://ylj.suzhou.gov.cn/szsylj/zygk/202502/b942e632fd594c62ad810da5b62fe35c/files/17f5ab103c8e482997442593852b7abb.docx
常熟市-常434,常熟市,常434,香樟,Camphora officinarum Nees,640,28,421,20,兴福寺内正殿前,一级,31.749792,120.77603,地区级示意,https://ylj.suzhou.gov.cn/szsylj/zygk/202502/b942e632fd594c62ad810da5b62fe35c.shtml,https://ylj.suzhou.gov.cn/szsylj/zygk/202502/b942e632fd594c62ad810da5b62fe35c/files/17f5ab103c8e482997442593852b7abb.docx
常熟市-常435,常熟市,常435,鸡爪槭,Acer palmatum Thunb.,170,8.5,122,13,兴福寺内茶室,三级,31.719639,120.718389,地区级示意,https://ylj.suzhou.gov.cn/szsylj/zygk/202502/b942e632fd594c62ad810da5b62fe35c.shtml,https://ylj.suzhou.gov.cn/szsylj/zygk/202502/b942e632fd594c62ad810da5b62fe35c/files/17f5ab103c8e482997442593852b7abb.docx
常熟市-常436,常熟市,常436,木樨,Osmanthus fragrans Lour.,320,8.5,82,10,兴福寺内茶室前西小院内,二级,31.695583,120.862111,地区级示意,https://ylj.suzhou.gov.cn/szsylj/zygk/202502/b942e632fd594c62ad810da5b62fe35c.shtml,https://ylj.suzhou.gov.cn/szsylj/zygk/202502/b942e632fd594c62ad810da5b62fe35c/files/17f5ab103c8e482997442593852b7abb.docx
常熟市-常437,常熟市,常437,木樨,Osmanthus fragrans Lour.,340,10.5,157,8,兴福寺内清华揽胜院内,二级,31.659565,120.737309,地区级示意,https://ylj.suzhou.gov.cn/szsylj/zygk/202502/b942e632fd594c62ad810da5b62fe35c.shtml,https://ylj.suzhou.gov.cn/szsylj/zygk/202502/b942e632fd594c62ad810da5b62fe35c/files/17f5ab103c8e482997442593852b7abb.docx
常熟市-常439,常熟市,常439,银杏,Ginkgo biloba L.,170,16,214,12,兴福寺内白连池南,三级,31.698603,120.718818,地区级示意,https://ylj.suzhou.gov.cn/szsylj/zygk/202502/b942e632fd594c62ad810da5b62fe35c.shtml,https://ylj.suzhou.gov.cn/szsylj/zygk/202502/b942e632fd594c62ad810da5b62fe35c/files/17f5ab103c8e482997442593852b7abb.docx
常熟市-常440,常熟市,常440,银杏,Ginkgo biloba L.,320,22,323,15,兴福寺内白连池边北角廊边,二级,31.57431,120.697671,地区级示意,https://ylj.suzhou.gov.cn/szsylj/zygk/202502/b942e632fd594c62ad810da5b62fe35c.shtml,https://ylj.suzhou.gov.cn/szsylj/zygk/202502/b942e632fd594c62ad810da5b62fe35c/files/17f5ab103c8e482997442593852b7abb.docx
常熟市-常441,常熟市,常441,板栗,Castanea mollissima Bl.,270,10,223,10,兴福寺内九曲桥东空心潭边,三级,31.687461,120.768604,地区级示意,https://ylj.suzhou.gov.cn/szsylj/zygk/202502/b942e632fd594c62ad810da5b62fe35c.shtml,https://ylj.suzhou.gov.cn/szsylj/zygk/202502/b942e632fd594c62ad810da5b62fe35c/files/17f5ab103c8e482997442593852b7abb.docx
常熟市-常442,常熟市,常442,罗汉松,Podocarpus macrophyllus (Thunb.) Sweet,220,11,107,8,兴福寺内空心潭北,三级,31.667003,120.746203,地区级示意,https://ylj.suzhou.gov.cn/szsylj/zygk/202502/b942e632fd594c62ad810da5b62fe35c.shtml,https://ylj.suzhou.gov.cn/szsylj/zygk/202502/b942e632fd594c62ad810da5b62fe35c/files/17f5ab103c8e482997442593852b7abb.docx
常熟市-常443,常熟市,常443,黄杨,Buxus sinica (Rehder & E. H. Wilson) M. Cheng,120,3.6,53,5,兴福寺内空心潭北边,三级,31.660953,120.799472,地区级示意,https://ylj.suzhou.gov.cn/szsylj/zygk/202502/b942e632fd594c62ad810da5b62fe35c.shtml,https://ylj.suzhou.gov.cn/szsylj/zygk/202502/b942e632fd594c62ad810da5b62fe35c/files/17f5ab103c8e482997442593852b7abb.docx
常熟市-常444,常熟市,常444,三角槭,Acer buergerianum Miq,220,14,148,12,兴福寺内空心潭北角,三级,31.727669,120.715411,地区级示意,https://ylj.suzhou.gov.cn/szsylj/zygk/202502/b942e632fd594c62ad810da5b62fe35c.shtml,https://ylj.suzhou.gov.cn/szsylj/zygk/202502/b942e632fd594c62ad810da5b62fe35c/files/17f5ab103c8e482997442593852b7abb.docx
常熟市-常445,常熟市,常445,金钱松,Pseudolarix amabilis (J. Nelson) Rehder,120,28,182,11,兴福寺内空心潭北,三级,31.703596,120.768632,地区级示意,https://ylj.suzhou.gov.cn/szsylj/zygk/202502/b942e632fd594c62ad810da5b62fe35c.shtml,https://ylj.suzhou.gov.cn/szsylj/zygk/202502/b942e632fd594c62ad810da5b62fe35c/files/17f5ab103c8e482997442593852b7abb.docx
常熟市-常446,常熟市,常446,大叶榉树,Zelkova schneideriana Hand.-Mazz.,270,20,151,14,兴福寺内竹香泉前,三级,31.715613,120.790334,地区级示意,https://ylj.suzhou.gov.cn/szsylj/zygk/202502/b942e632fd594c62ad810da5b62fe35c.shtml,https://ylj.suzhou.gov.cn/szsylj/zygk/202502/b942e632fd594c62ad810da5b62fe35c/files/17f5ab103c8e482997442593852b7abb.docx
常熟市-常447,常熟市,常447,板栗,Castanea mollissima Bl.,121,11,157,10,烈士陵园,三级,31.680195,120.641564,地区级示意,https://ylj.suzhou.gov.cn/szsylj/zygk/202502/b942e632fd594c62ad810da5b62fe35c.shtml,https://ylj.suzhou.gov.cn/szsylj/zygk/202502/b942e632fd594c62ad810da5b62fe35c/files/17f5ab103c8e482997442593852b7abb.docx
常熟市-常448,常熟市,常448,板栗,Castanea mollissima Bl.,270,12,138,9,烈士陵园,三级,31.615165,120.854479,地区级示意,https://ylj.suzhou.gov.cn/szsylj/zygk/202502/b942e632fd594c62ad810da5b62fe35c.shtml,https://ylj.suzhou.gov.cn/szsylj/zygk/202502/b942e632fd594c62ad810da5b62fe35c/files/17f5ab103c8e482997442593852b7abb.docx
常熟市-常449,常熟市,常449,板栗,Castanea mollissima Bl.,171,12,179,17,烈士陵园,三级,31.69147,120.667574,地区级示意,https://ylj.suzhou.gov.cn/szsylj/zygk/202502/b942e632fd594c62ad810da5b62fe35c.shtml,https://ylj.suzhou.gov.cn/szsylj/zygk/202502/b942e632fd594c62ad810da5b62fe35c/files/17f5ab103c8e482997442593852b7abb.docx
常熟市-常450,常熟市,常450,板栗,Castanea mollissima Bl.,221,11,163,10,烈士陵园,三级,31.654447,120.786751,地区级示意,https://ylj.suzhou.gov.cn/szsylj/zygk/202502/b942e632fd594c62ad810da5b62fe35c.shtml,https://ylj.suzhou.gov.cn/szsylj/zygk/202502/b942e632fd594c62ad810da5b62fe35c/files/17f5ab103c8e482997442593852b7abb.docx
常熟市-常451,常熟市,常451,板栗,Castanea mollissima Bl.,121,8.3,192,12,烈士陵园,三级,31.610057,120.670268,地区级示意,https://ylj.suzhou.gov.cn/szsylj/zygk/202502/b942e632fd594c62ad810da5b62fe35c.shtml,https://ylj.suzhou.gov.cn/szsylj/zygk/202502/b942e632fd594c62ad810da5b62fe35c/files/17f5ab103c8e482997442593852b7abb.docx
常熟市-常452,常熟市,常452,红豆树,Ormosia hosiei Hemsl. & E. H. Wilson,240,11,97,14,常熟市报慈小学,三级,31.592137,120.815436,地区级示意,https://ylj.suzhou.gov.cn/szsylj/zygk/202502/b942e632fd594c62ad810da5b62fe35c.shtml,https://ylj.suzhou.gov.cn/szsylj/zygk/202502/b942e632fd594c62ad810da5b62fe35c/files/17f5ab103c8e482997442593852b7abb.docx
常熟市-常453,常熟市,常453,银杏,Ginkgo biloba L.,220,12,204,7,常熟市报慈小学,三级,31.578953,120.731007,地区级示意,https://ylj.suzhou.gov.cn/szsylj/zygk/202502/b942e632fd594c62ad810da5b62fe35c.shtml,https://ylj.suzhou.gov.cn/szsylj/zygk/202502/b942e632fd594c62ad810da5b62fe35c/files/17f5ab103c8e482997442593852b7abb.docx
常熟市-常454,常熟市,常454,香樟,Camphora officinarum Nees,120,14,292,15,常熟市报慈小学,三级,31.702653,120.689152,地区级示意,https://ylj.suzhou.gov.cn/szsylj/zygk/202502/b942e632fd594c62ad810da5b62fe35c.shtml,https://ylj.suzhou.gov.cn/szsylj/zygk/202502/b942e632fd594c62ad810da5b62fe35c/files/17f5ab103c8e482997442593852b7abb.docx
常熟市-常455,常熟市,常455,银杏,Ginkgo biloba L.,441,28.5,305,11,三峰寺天王殿东侧,二级,31.672886,120.747934,地区级示意,https://ylj.suzhou.gov.cn/szsylj/zygk/202502/b942e632fd594c62ad810da5b62fe35c.shtml,https://ylj.suzhou.gov.cn/szsylj/zygk/202502/b942e632fd594c62ad810da5b62fe35c/files/17f5ab103c8e482997442593852b7abb.docx
常熟市-常456,常熟市,常456,银杏,Ginkgo biloba L.,391,19.6,336,11,三峰寺天王殿前,二级,31.689813,120.812475,地区级示意,https://ylj.suzhou.gov.cn/szsylj/zygk/202502/b942e632fd594c62ad810da5b62fe35c.shtml,https://ylj.suzhou.gov.cn/szsylj/zygk/202502/b942e632fd594c62ad810da5b62fe35c/files/17f5ab103c8e482997442593852b7abb.docx
常熟市-常457,常熟市,常457,银杏,Ginkgo biloba L.,241,18.5,198,11,三峰寺天王殿前,三级,31.668385,120.649632,地区级示意,https://ylj.suzhou.gov.cn/szsylj/zygk/202502/b942e632fd594c62ad810da5b62fe35c.shtml,https://ylj.suzhou.gov.cn/szsylj/zygk/202502/b942e632fd594c62ad810da5b62fe35c/files/17f5ab103c8e482997442593852b7abb.docx
常熟市-常458,常熟市,常458,银杏,Ginkgo biloba L.,191,14.8,232,10,三峰寺餐厅后,三级,31.708404,120.676859,地区级示意,https://ylj.suzhou.gov.cn/szsylj/zygk/202502/b942e632fd594c62ad810da5b62fe35c.shtml,https://ylj.suzhou.gov.cn/szsylj/zygk/202502/b942e632fd594c62ad810da5b62fe35c/files/17f5ab103c8e482997442593852b7abb.docx
常熟市-常460,常熟市,常460,马尾松,Pinus massoniana Lamb.,106,19.8,94,7,三峰寺前林中,三级,31.693108,120.680735,地区级示意,https://ylj.suzhou.gov.cn/szsylj/zygk/202502/b942e632fd594c62ad810da5b62fe35c.shtml,https://ylj.suzhou.gov.cn/szsylj/zygk/202502/b942e632fd594c62ad810da5b62fe35c/files/17f5ab103c8e482997442593852b7abb.docx
常熟市-常463,常熟市,常463,马尾松,Pinus massoniana Lamb.,170,17.8,119,5,兴福寺虞山索道,三级,31.728258,120.668562,地区级示意,https://ylj.suzhou.gov.cn/szsylj/zygk/202502/b942e632fd594c62ad810da5b62fe35c.shtml,https://ylj.suzhou.gov.cn/szsylj/zygk/202502/b942e632fd594c62ad810da5b62fe35c/files/17f5ab103c8e482997442593852b7abb.docx
常熟市-常464,常熟市,常464,马尾松,Pinus massoniana Lamb.,170,18,122,7,兴福寺西上山路北,三级,31.688177,120.788756,地区级示意,https://ylj.suzhou.gov.cn/szsylj/zygk/202502/b942e632fd594c62ad810da5b62fe35c.shtml,https://ylj.suzhou.gov.cn/szsylj/zygk/202502/b942e632fd594c62ad810da5b62fe35c/files/17f5ab103c8e482997442593852b7abb.docx
常熟市-常466,常熟市,常466,板栗,Castanea mollissima Bl.,321,12.5,242,12,四高僧墓围墙内东,二级,31.714147,120.843505,地区级示意,https://ylj.suzhou.gov.cn/szsylj/zygk/202502/b942e632fd594c62ad810da5b62fe35c.shtml,https://ylj.suzhou.gov.cn/szsylj/zygk/202502/b942e632fd594c62ad810da5b62fe35c/files/17f5ab103c8e482997442593852b7abb.docx
常熟市-常467,常熟市,常467,板栗,Castanea mollissima Bl.,321,14.9,248,12,四高僧墓围墙内西,二级,31.604504,120.763367,地区级示意,https://ylj.suzhou.gov.cn/szsylj/zygk/202502/b942e632fd594c62ad810da5b62fe35c.shtml,https://ylj.suzhou.gov.cn/szsylj/zygk/202502/b942e632fd594c62ad810da5b62fe35c/files/17f5ab103c8e482997442593852b7abb.docx
常熟市-常469,常熟市,常469,板栗,Castanea mollissima Bl.,321,4.5,248,4,四高僧墓西墙外公厕旁,二级,31.613762,120.757488,地区级示意,https://ylj.suzhou.gov.cn/szsylj/zygk/202502/b942e632fd594c62ad810da5b62fe35c.shtml,https://ylj.suzhou.gov.cn/szsylj/zygk/202502/b942e632fd594c62ad810da5b62fe35c/files/17f5ab103c8e482997442593852b7abb.docx
常熟市-常470,常熟市,常470,板栗,Castanea mollissima Bl.,321,13,320,16,四高僧墓西墙外茶室旁南,二级,31.565567,120.773121,地区级示意,https://ylj.suzhou.gov.cn/szsylj/zygk/202502/b942e632fd594c62ad810da5b62fe35c.shtml,https://ylj.suzhou.gov.cn/szsylj/zygk/202502/b942e632fd594c62ad810da5b62fe35c/files/17f5ab103c8e482997442593852b7abb.docx
常熟市-常471,常熟市,常471,马尾松,Pinus massoniana Lamb.,221,14.3,154,8,四高僧墓西墙外靠南,三级,31.643718,120.636663,地区级示意,https://ylj.suzhou.gov.cn/szsylj/zygk/202502/b942e632fd594c62ad810da5b62fe35c.shtml,https://ylj.suzhou.gov.cn/szsylj/zygk/202502/b942e632fd594c62ad810da5b62fe35c/files/17f5ab103c8e482997442593852b7abb.docx
常熟市-常472,常熟市,常472,板栗,Castanea mollissima Bl.,221,16.7,239,14,四高僧墓西墙外薛和生墓边,三级,31.577799,120.759552,地区级示意,https://ylj.suzhou.gov.cn/szsylj/zygk/202502/b942e632fd594c62ad810da5b62fe35c.shtml,https://ylj.suzhou.gov.cn/szsylj/zygk/202502/b942e632fd594c62ad810da5b62fe35c/files/17f5ab103c8e482997442593852b7abb.docx
常熟市-常473,常熟市,常473,板栗,Castanea mollissima Bl.,321,12.8,214,15,四高僧墓西墙外茶室旁,二级,31.706609,120.701897,地区级示意,https://ylj.suzhou.gov.cn/szsylj/zygk/202502/b942e632fd594c62ad810da5b62fe35c.shtml,https://ylj.suzhou.gov.cn/szsylj/zygk/202502/b942e632fd594c62ad810da5b62fe35c/files/17f5ab103c8e482997442593852b7abb.docx
常熟市-常474,常熟市,常474,板栗,Castanea mollissima Bl.,221,12,236,17,四高僧墓西围墙外,三级,31.73143,120.736415,地区级示意,https://ylj.suzhou.gov.cn/szsylj/zygk/202502/b942e632fd594c62ad810da5b62fe35c.shtml,https://ylj.suzhou.gov.cn/szsylj/zygk/202502/b942e632fd594c62ad810da5b62fe35c/files/17f5ab103c8e482997442593852b7abb.docx
常熟市-常475,常熟市,常475,板栗,Castanea mollissima Bl.,221,8,242,6,四高僧墓西墙外60米茶室前,三级,31.648376,120.794127,地区级示意,https://ylj.suzhou.gov.cn/szsylj/zygk/202502/b942e632fd594c62ad810da5b62fe35c.shtml,https://ylj.suzhou.gov.cn/szsylj/zygk/202502/b942e632fd594c62ad810da5b62fe35c/files/17f5ab103c8e482997442593852b7abb.docx
常熟市-常476,常熟市,常476,板栗,Castanea mollissima Bl.,221,10,198,10,四高僧墓西北侧寺路街北,三级,31.646077,120.744503,地区级示意,https://ylj.suzhou.gov.cn/szsylj/zygk/202502/b942e632fd594c62ad810da5b62fe35c.shtml,https://ylj.suzhou.gov.cn/szsylj/zygk/202502/b942e632fd594c62ad810da5b62fe35c/files/17f5ab103c8e482997442593852b7abb.docx
常熟市-常477,常熟市,常477,银杏,Ginkgo biloba L.,120,15.8,148,9,三峰寺大雄宝殿东侧山坡,三级,31.553367,120.746006,地区级示意,https://ylj.suzhou.gov.cn/szsylj/zygk/202502/b942e632fd594c62ad810da5b62fe35c.shtml,https://ylj.suzhou.gov.cn/szsylj/zygk/202502/b942e632fd594c62ad810da5b62fe35c/files/17f5ab103c8e482997442593852b7abb.docx
常熟市-常478,常熟市,常478,银杏,Ginkgo biloba L.,170,21,204,9,三峰寺大雄宝殿东侧山上,三级,31.660225,120.711854,地区级示意,https://ylj.suzhou.gov.cn/szsylj/zygk/202502/b942e632fd594c62ad810da5b62fe35c.shtml,https://ylj.suzhou.gov.cn/szsylj/zygk/202502/b942e632fd594c62ad810da5b62fe35c/files/17f5ab103c8e482997442593852b7abb.docx
常熟市-常479,常熟市,常479,大叶榉树,Zelkova schneideriana Hand.-Mazz.,171,23,88,14,三峰寺天王殿西侧,三级,31.730595,120.7071,地区级示意,https://ylj.suzhou.gov.cn/szsylj/zygk/202502/b942e632fd594c62ad810da5b62fe35c.shtml,https://ylj.suzhou.gov.cn/szsylj/zygk/202502/b942e632fd594c62ad810da5b62fe35c/files/17f5ab103c8e482997442593852b7abb.docx
常熟市-常480,常熟市,常480,大叶榉树,Zelkova schneideriana Hand.-Mazz.,171,14.5,97,14,三峰寺餐厅东侧,三级,31.718737,120.758727,地区级示意,https://ylj.suzhou.gov.cn/szsylj/zygk/202502/b942e632fd594c62ad810da5b62fe35c.shtml,https://ylj.suzhou.gov.cn/szsylj/zygk/202502/b942e632fd594c62ad810da5b62fe35c/files/17f5ab103c8e482997442593852b7abb.docx
常熟市-常481,常熟市,常481,大叶榉树,Zelkova schneideriana Hand.-Mazz.,121,16.5,151,14,三峰寺天王殿东侧,三级,31.641996,120.750575,地区级示意,https://ylj.suzhou.gov.cn/szsylj/zygk/202502/b942e632fd594c62ad810da5b62fe35c.shtml,https://ylj.suzhou.gov.cn/szsylj/zygk/202502/b942e632fd594c62ad810da5b62fe35c/files/17f5ab103c8e482997442593852b7abb.docx
常熟市-常482,常熟市,常482,大叶榉树,Zelkova schneideriana Hand.-Mazz.,221,14,188,17,三峰寺天王殿东侧,三级,31.634921,120.703235,地区级示意,https://ylj.suzhou.gov.cn/szsylj/zygk/202502/b942e632fd594c62ad810da5b62fe35c.shtml,https://ylj.suzhou.gov.cn/szsylj/zygk/202502/b942e632fd594c62ad810da5b62fe35c/files/17f5ab103c8e482997442593852b7abb.docx
常熟市-常483,常熟市,常483,大叶榉树,Zelkova schneideriana Hand.-Mazz.,120,2,123,0,三峰寺车辆入口处,三级,31.616094,120.698485,地区级示意,https://ylj.suzhou.gov.cn/szsylj/zygk/202502/b942e632fd594c62ad810da5b62fe35c.shtml,https://ylj.suzhou.gov.cn/szsylj/zygk/202502/b942e632fd594c62ad810da5b62fe35c/files/17f5ab103c8e482997442593852b7abb.docx
常熟市-常484,常熟市,常484,大叶榉树,Zelkova schneideriana Hand.-Mazz.,121,11.5,173,13,三峰寺天王殿东侧,三级,31.549558,120.736286,地区级示意,https://ylj.suzhou.gov.cn/szsylj/zygk/202502/b942e632fd594c62ad810da5b62fe35c.shtml,https://ylj.suzhou.gov.cn/szsylj/zygk/202502/b942e632fd594c62ad810da5b62fe35c/files/17f5ab103c8e482997442593852b7abb.docx
常熟市-常485,常熟市,常485,大叶榉树,Zelkova schneideriana Hand.-Mazz.,220,15.2,148,13,三峰寺天王殿东侧,三级,31.575332,120.814233,地区级示意,https://ylj.suzhou.gov.cn/szsylj/zygk/202502/b942e632fd594c62ad810da5b62fe35c.shtml,https://ylj.suzhou.gov.cn/szsylj/zygk/202502/b942e632fd594c62ad810da5b62fe35c/files/17f5ab103c8e482997442593852b7abb.docx
常熟市-常486,常熟市,常486,大叶榉树,Zelkova schneideriana Hand.-Mazz.,121,14.5,151,14,三峰寺天王殿东侧台阶处,三级,31.586888,120.821369,地区级示意,https://ylj.suzhou.gov.cn/szsylj/zygk/202502/b942e632fd594c62ad810da5b62fe35c.shtml,https://ylj.suzhou.gov.cn/szsylj/zygk/202502/b942e632fd594c62ad810da5b62fe35c/files/17f5ab103c8e482997442593852b7abb.docx
常熟市-常487,常熟市,常487,大叶榉树,Zelkova schneideriana Hand.-Mazz.,121,15.5,129,10,三峰寺天王殿东侧,三级,31.71429,120.740256,地区级示意,https://ylj.suzhou.gov.cn/szsylj/zygk/202502/b942e632fd594c62ad810da5b62fe35c.shtml,https://ylj.suzhou.gov.cn/szsylj/zygk/202502/b942e632fd594c62ad810da5b62fe35c/files/17f5ab103c8e482997442593852b7abb.docx
常熟市-常488,常熟市,常488,大叶榉树,Zelkova schneideriana Hand.-Mazz.,121,15,154,15,三峰寺天王殿东侧,三级,31.708151,120.796511,地区级示意,https://ylj.suzhou.gov.cn/szsylj/zygk/202502/b942e632fd594c62ad810da5b62fe35c.shtml,https://ylj.suzhou.gov.cn/szsylj/zygk/202502/b942e632fd594c62ad810da5b62fe35c/files/17f5ab103c8e482997442593852b7abb.docx
常熟市-常489,常熟市,常489,大叶榉树,Zelkova schneideriana Hand.-Mazz.,121,14.5,148,11,三峰寺山门殿正门前东200米,三级,31.552587,120.728284,地区级示意,https://ylj.suzhou.gov.cn/szsylj/zygk/202502/b942e632fd594c62ad810da5b62fe35c.shtml,https://ylj.suzhou.gov.cn/szsylj/zygk/202502/b942e632fd594c62ad810da5b62fe35c/files/17f5ab103c8e482997442593852b7abb.docx
常熟市-常490,常熟市,常490,大叶榉树,Zelkova schneideriana Hand.-Mazz.,121,16,166,11,三峰寺山门殿正门西侧,三级,31.675872,120.677146,地区级示意,https://ylj.suzhou.gov.cn/szsylj/zygk/202502/b942e632fd594c62ad810da5b62fe35c.shtml,https://ylj.suzhou.gov.cn/szsylj/zygk/202502/b942e632fd594c62ad810da5b62fe35c/files/17f5ab103c8e482997442593852b7abb.docx
常熟市-常491,常熟市,常491,楸树,Catalpa bungei C.A.Mey,241,18.5,210,11,三峰寺山门殿正门前东侧,三级,31.661382,120.784307,地区级示意,https://ylj.suzhou.gov.cn/szsylj/zygk/202502/b942e632fd594c62ad810da5b62fe35c.shtml,https://ylj.suzhou.gov.cn/szsylj/zygk/202502/b942e632fd594c62ad810da5b62fe35c/files/17f5ab103c8e482997442593852b7abb.docx
常熟市-常492,常熟市,常492,楸树,Catalpa bungei C.A.Mey,241,17.5,195,9,三峰寺山门殿正前门西侧,三级,31.586005,120.814215,地区级示意,https://ylj.suzhou.gov.cn/szsylj/zygk/202502/b942e632fd594c62ad810da5b62fe35c.shtml,https://ylj.suzhou.gov.cn/szsylj/zygk/202502/b942e632fd594c62ad810da5b62fe35c/files/17f5ab103c8e482997442593852b7abb.docx
常熟市-常493,常熟市,常493,枫香,Liquidambar formosana Hance,141,15,154,14,三峰寺道口陈家坞,三级,31.679896,120.648227,地区级示意,https://ylj.suzhou.gov.cn/szsylj/zygk/202502/b942e632fd594c62ad810da5b62fe35c.shtml,https://ylj.suzhou.gov.cn/szsylj/zygk/202502/b942e632fd594c62ad810da5b62fe35c/files/17f5ab103c8e482997442593852b7abb.docx
常熟市-常494,常熟市,常494,枫香,Liquidambar formosana Hance,141,16,242,8,三峰寺山门广场西侧山坡,三级,31.71234,120.749934,地区级示意,https://ylj.suzhou.gov.cn/szsylj/zygk/202502/b942e632fd594c62ad810da5b62fe35c.shtml,https://ylj.suzhou.gov.cn/szsylj/zygk/202502/b942e632fd594c62ad810da5b62fe35c/files/17f5ab103c8e482997442593852b7abb.docx
常熟市-常495,常熟市,常495,枫香,Liquidambar formosana Hance,141,28,242,18,三峰寺道口边陈家坞,三级,31.656779,120.715381,地区级示意,https://ylj.suzhou.gov.cn/szsylj/zygk/202502/b942e632fd594c62ad810da5b62fe35c.shtml,https://ylj.suzhou.gov.cn/szsylj/zygk/202502/b942e632fd594c62ad810da5b62fe35c/files/17f5ab103c8e482997442593852b7abb.docx
常熟市-常496,常熟市,常496,枫香,Liquidambar formosana Hance,141,27.5,182,9,三峰寺登山台阶西侧树林中,三级,31.717397,120.692244,地区级示意,https://ylj.suzhou.gov.cn/szsylj/zygk/202502/b942e632fd594c62ad810da5b62fe35c.shtml,https://ylj.suzhou.gov.cn/szsylj/zygk/202502/b942e632fd594c62ad810da5b62fe35c/files/17f5ab103c8e482997442593852b7abb.docx
常熟市-常497,常熟市,常497,枫香,Liquidambar formosana Hance,140,27,195,15,三峰寺道口右侧竹林中,三级,31.605907,120.84532,地区级示意,https://ylj.suzhou.gov.cn/szsylj/zygk/202502/b942e632fd594c62ad810da5b62fe35c.shtml,https://ylj.suzhou.gov.cn/szsylj/zygk/202502/b942e632fd594c62ad810da5b62fe35c/files/17f5ab103c8e482997442593852b7abb.docx
常熟市-常498,常熟市,常498,枫香,Liquidambar formosana Hance,140,22.4,173,9,三峰寺车辆入口南侧山坡,三级,31.670731,120.863183,地区级示意,https://ylj.suzhou.gov.cn/szsylj/zygk/202502/b942e632fd594c62ad810da5b62fe35c.shtml,https://ylj.suzhou.gov.cn/szsylj/zygk/202502/b942e632fd594c62ad810da5b62fe35c/files/17f5ab103c8e482997442593852b7abb.docx
常熟市-常499,常熟市,常499,枫香,Liquidambar formosana Hance,241,21,173,8,三峰寺影壁西边,三级,31.61487,120.743446,地区级示意,https://ylj.suzhou.gov.cn/szsylj/zygk/202502/b942e632fd594c62ad810da5b62fe35c.shtml,https://ylj.suzhou.gov.cn/szsylj/zygk/202502/b942e632fd594c62ad810da5b62fe35c/files/17f5ab103c8e482997442593852b7abb.docx
常熟市-常500,常熟市,常500,板栗,Castanea mollissima Bl.,121,14,166,11,三峰寺道口南侧毛竹林,三级,31.711357,120.786311,地区级示意,https://ylj.suzhou.gov.cn/szsylj/zygk/202502/b942e632fd594c62ad810da5b62fe35c.shtml,https://ylj.suzhou.gov.cn/szsylj/zygk/202502/b942e632fd594c62ad810da5b62fe35c/files/17f5ab103c8e482997442593852b7abb.docx
常熟市-常501,常熟市,常501,板栗,Castanea mollissima Bl.,121,15,141,18,三峰寺道口南侧路边,三级,31.624583,120.744191,地区级示意,https://ylj.suzhou.gov.cn/szsylj/zygk/202502/b942e632fd594c62ad810da5b62fe35c.shtml,https://ylj.suzhou.gov.cn/szsylj/zygk/202502/b942e632fd594c62ad810da5b62fe35c/files/17f5ab103c8e482997442593852b7abb.docx
常熟市-常502,常熟市,常502,板栗,Castanea mollissima Bl.,121,14,210,12,三峰寺道口南侧路边,三级,31.608851,120.700097,地区级示意,https://ylj.suzhou.gov.cn/szsylj/zygk/202502/b942e632fd594c62ad810da5b62fe35c.shtml,https://ylj.suzhou.gov.cn/szsylj/zygk/202502/b942e632fd594c62ad810da5b62fe35c/files/17f5ab103c8e482997442593852b7abb.docx
常熟市-常503,常熟市,常503,板栗,Castanea mollissima Bl.,121,13,157,11,三峰寺道口北侧竹林边陈家坞,三级,31.599775,120.674332,地区级示意,https://ylj.suzhou.gov.cn/szsylj/zygk/202502/b942e632fd594c62ad810da5b62fe35c.shtml,https://ylj.suzhou.gov.cn/szsylj/zygk/202502/b942e632fd594c62ad810da5b62fe35c/files/17f5ab103c8e482997442593852b7abb.docx
常熟市-常505,常熟市,常505,板栗,Castanea mollissima Bl.,121,14,135,9,三峰寺道口南侧路边,三级,31.684561,120.853879,地区级示意,https://ylj.suzhou.gov.cn/szsylj/zygk/202502/b942e632fd594c62ad810da5b62fe35c.shtml,https://ylj.suzhou.gov.cn/szsylj/zygk/202502/b942e632fd594c62ad810da5b62fe35c/files/17f5ab103c8e482997442593852b7abb.docx
常熟市-常506,常熟市,常506,板栗,Castanea mollissima Bl.,121,12,176,10,三峰寺道口北侧竹林里陈家坞,三级,31.704644,120.798464,地区级示意,https://ylj.suzhou.gov.cn/szsylj/zygk/202502/b942e632fd594c62ad810da5b62fe35c.shtml,https://ylj.suzhou.gov.cn/szsylj/zygk/202502/b942e632fd594c62ad810da5b62fe35c/files/17f5ab103c8e482997442593852b7abb.docx
常熟市-常507,常熟市,常507,板栗,Castanea mollissima Bl.,121,14.5,162,14,三峰寺道口北侧路边停车场,三级,31.619174,120.862577,地区级示意,https://ylj.suzhou.gov.cn/szsylj/zygk/202502/b942e632fd594c62ad810da5b62fe35c.shtml,https://ylj.suzhou.gov.cn/szsylj/zygk/202502/b942e632fd594c62ad810da5b62fe35c/files/17f5ab103c8e482997442593852b7abb.docx
常熟市-常508,常熟市,常508,板栗,Castanea mollissima Bl.,121,14,176,13,三峰寺道口南侧路边,三级,31.591316,120.774994,地区级示意,https://ylj.suzhou.gov.cn/szsylj/zygk/202502/b942e632fd594c62ad810da5b62fe35c.shtml,https://ylj.suzhou.gov.cn/szsylj/zygk/202502/b942e632fd594c62ad810da5b62fe35c/files/17f5ab103c8e482997442593852b7abb.docx
常熟市-常509,常熟市,常509,板栗,Castanea mollissima Bl.,221,15.8,276,12,三峰寺道口北侧竹林里,三级,31.577321,120.731203,地区级示意,https://ylj.suzhou.gov.cn/szsylj/zygk/202502/b942e632fd594c62ad810da5b62fe35c.shtml,https://ylj.suzhou.gov.cn/szsylj/zygk/202502/b942e632fd594c62ad810da5b62fe35c/files/17f5ab103c8e482997442593852b7abb.docx
常熟市-常510,常熟市,常510,板栗,Castanea mollissima Bl.,121,14,163,14,三峰寺道口登山台阶东边,三级,31.667246,120.73638,地区级示意,https://ylj.suzhou.gov.cn/szsylj/zygk/202502/b942e632fd594c62ad810da5b62fe35c.shtml,https://ylj.suzhou.gov.cn/szsylj/zygk/202502/b942e632fd594c62ad810da5b62fe35c/files/17f5ab103c8e482997442593852b7abb.docx
常熟市-常512,常熟市,常512,银杏,Ginkgo biloba L.,1020,17,496,26,虞山龙殿山庄,一级,31.62648,120.813124,地区级示意,https://ylj.suzhou.gov.cn/szsylj/zygk/202502/b942e632fd594c62ad810da5b62fe35c.shtml,https://ylj.suzhou.gov.cn/szsylj/zygk/202502/b942e632fd594c62ad810da5b62fe35c/files/17f5ab103c8e482997442593852b7abb.docx
常熟市-常513,常熟市,常513,银杏,Ginkgo biloba L.,520,13.5,90,12,小云栖寺内,一级,31.597438,120.683862,地区级示意,https://ylj.suzhou.gov.cn/szsylj/zygk/202502/b942e632fd594c62ad810da5b62fe35c.shtml,https://ylj.suzhou.gov.cn/szsylj/zygk/202502/b942e632fd594c62ad810da5b62fe35c/files/17f5ab103c8e482997442593852b7abb.docx
常熟市-常514,常熟市,常514,罗汉松,Podocarpus macrophyllus (Thunb.) Sweet,320,9,171,9,小云栖寺内,二级,31.699581,120.670921,地区级示意,https://ylj.suzhou.gov.cn/szsylj/zygk/202502/b942e632fd594c62ad810da5b62fe35c.shtml,https://ylj.suzhou.gov.cn/szsylj/zygk/202502/b942e632fd594c62ad810da5b62fe35c/files/17f5ab103c8e482997442593852b7abb.docx
常熟市-常515,常熟市,常515,紫藤,Wisteria sinensis (Sims) Sweet,370,15.5,85,11,小云栖寺内,二级,31.748511,120.733537,地区级示意,https://ylj.suzhou.gov.cn/szsylj/zygk/202502/b942e632fd594c62ad810da5b62fe35c.shtml,https://ylj.suzhou.gov.cn/szsylj/zygk/202502/b942e632fd594c62ad810da5b62fe35c/files/17f5ab103c8e482997442593852b7abb.docx
常熟市-常516,常熟市,常516,枫香,Liquidambar formosana Hance,120,14.5,108,12,小云栖寺内,三级,31.588556,120.715197,地区级示意,https://ylj.suzhou.gov.cn/szsylj/zygk/202502/b942e632fd594c62ad810da5b62fe35c.shtml,https://ylj.suzhou.gov.cn/szsylj/zygk/202502/b942e632fd594c62ad810da5b62fe35c/files/17f5ab103c8e482997442593852b7abb.docx
常熟市-常517,常熟市,常517,银杏,Ginkgo biloba L.,340,20,287,9,藏海寺山门前东侧,二级,31.592265,120.672489,地区级示意,https://ylj.suzhou.gov.cn/szsylj/zygk/202502/b942e632fd594c62ad810da5b62fe35c.shtml,https://ylj.suzhou.gov.cn/szsylj/zygk/202502/b942e632fd594c62ad810da5b62fe35c/files/17f5ab103c8e482997442593852b7abb.docx
常熟市-常518,常熟市,常518,银杏,Ginkgo biloba L.,340,17.5,293,11,藏海寺山门前西侧,二级,31.560769,120.731144,地区级示意,https://ylj.suzhou.gov.cn/szsylj/zygk/202502/b942e632fd594c62ad810da5b62fe35c.shtml,https://ylj.suzhou.gov.cn/szsylj/zygk/202502/b942e632fd594c62ad810da5b62fe35c/files/17f5ab103c8e482997442593852b7abb.docx
常熟市-常519,常熟市,常519,银杏,Ginkgo biloba L.,340,18,300,13,藏海寺内,二级,31.635025,120.662374,地区级示意,https://ylj.suzhou.gov.cn/szsylj/zygk/202502/b942e632fd594c62ad810da5b62fe35c.shtml,https://ylj.suzhou.gov.cn/szsylj/zygk/202502/b942e632fd594c62ad810da5b62fe35c/files/17f5ab103c8e482997442593852b7abb.docx
常熟市-常520,常熟市,常520,银杏,Ginkgo biloba L.,340,16.5,289,15,藏海寺普光明殿园内东角,二级,31.616448,120.706077,地区级示意,https://ylj.suzhou.gov.cn/szsylj/zygk/202502/b942e632fd594c62ad810da5b62fe35c.shtml,https://ylj.suzhou.gov.cn/szsylj/zygk/202502/b942e632fd594c62ad810da5b62fe35c/files/17f5ab103c8e482997442593852b7abb.docx
常熟市-常521,常熟市,常521,银杏,Ginkgo biloba L.,340,19.5,281,15,藏海寺普光明殿两墙边,二级,31.600404,120.808605,地区级示意,https://ylj.suzhou.gov.cn/szsylj/zygk/202502/b942e632fd594c62ad810da5b62fe35c.shtml,https://ylj.suzhou.gov.cn/szsylj/zygk/202502/b942e632fd594c62ad810da5b62fe35c/files/17f5ab103c8e482997442593852b7abb.docx
常熟市-常522,常熟市,常522,圆柏,Juniperus chinensis Roxb.,440,4,81,3,藏海寺觉悟佛堂门前,二级,31.737504,120.805399,地区级示意,https://ylj.suzhou.gov.cn/szsylj/zygk/202502/b942e632fd594c62ad810da5b62fe35c.shtml,https://ylj.suzhou.gov.cn/szsylj/zygk/202502/b942e632fd594c62ad810da5b62fe35c/files/17f5ab103c8e482997442593852b7abb.docx
常熟市-常523,常熟市,常523,圆柏,Juniperus chinensis Roxb.,220,7,78,4,藏海寺觉悟佛堂门前,三级,31.706403,120.800657,地区级示意,https://ylj.suzhou.gov.cn/szsylj/zygk/202502/b942e632fd594c62ad810da5b62fe35c.shtml,https://ylj.suzhou.gov.cn/szsylj/zygk/202502/b942e632fd594c62ad810da5b62fe35c/files/17f5ab103c8e482997442593852b7abb.docx
常熟市-常524,常熟市,常524,银杏,Ginkgo biloba L.,440,18,160,11,虞山维摩茶厂园内,二级,31.67192,120.799257,地区级示意,https://ylj.suzhou.gov.cn/szsylj/zygk/202502/b942e632fd594c62ad810da5b62fe35c.shtml,https://ylj.suzhou.gov.cn/szsylj/zygk/202502/b942e632fd594c62ad810da5b62fe35c/files/17f5ab103c8e482997442593852b7abb.docx
常熟市-常525,常熟市,常525,木樨,Osmanthus fragrans Lour.,180,7,116,12,虞山维摩茶厂园内,三级,31.613833,120.81365,地区级示意,https://ylj.suzhou.gov.cn/szsylj/zygk/202502/b942e632fd594c62ad810da5b62fe35c.shtml,https://ylj.suzhou.gov.cn/szsylj/zygk/202502/b942e632fd594c62ad810da5b62fe35c/files/17f5ab103c8e482997442593852b7abb.docx
常熟市-常526,常熟市,常526,木樨,Osmanthus fragrans Lour.,120,5,60,4,虞山维摩茶厂园内,三级,31.7045,120.725555,地区级示意,https://ylj.suzhou.gov.cn/szsylj/zygk/202502/b942e632fd594c62ad810da5b62fe35c.shtml,https://ylj.suzhou.gov.cn/szsylj/zygk/202502/b942e632fd594c62ad810da5b62fe35c/files/17f5ab103c8e482997442593852b7abb.docx
常熟市-常527,常熟市,常527,银杏,Ginkgo biloba L.,180,21.5,276,6,宝岩村,三级,31.678579,120.759241,地区级示意,https://ylj.suzhou.gov.cn/szsylj/zygk/202502/b942e632fd594c62ad810da5b62fe35c.shtml,https://ylj.suzhou.gov.cn/szsylj/zygk/202502/b942e632fd594c62ad810da5b62fe35c/files/17f5ab103c8e482997442593852b7abb.docx
常熟市-常528,常熟市,常528,银杏,Ginkgo biloba L.,180,24,264,16,宝岩村,三级,31.590852,120.690276,地区级示意,https://ylj.suzhou.gov.cn/szsylj/zygk/202502/b942e632fd594c62ad810da5b62fe35c.shtml,https://ylj.suzhou.gov.cn/szsylj/zygk/202502/b942e632fd594c62ad810da5b62fe35c/files/17f5ab103c8e482997442593852b7abb.docx
常熟市-常529,常熟市,常529,枫香,Liquidambar formosana Hance,140,27.7,193,15,翁同龢墓旁边,三级,31.567057,120.819891,地区级示意,https://ylj.suzhou.gov.cn/szsylj/zygk/202502/b942e632fd594c62ad810da5b62fe35c.shtml,https://ylj.suzhou.gov.cn/szsylj/zygk/202502/b942e632fd594c62ad810da5b62fe35c/files/17f5ab103c8e482997442593852b7abb.docx
常熟市-常530,常熟市,常530,枫香,Liquidambar formosana Hance,120,28,174,14,虞山翁同龢墓林场围栏旁,三级,31.675483,120.719998,地区级示意,https://ylj.suzhou.gov.cn/szsylj/zygk/202502/b942e632fd594c62ad810da5b62fe35c.shtml,https://ylj.suzhou.gov.cn/szsylj/zygk/202502/b942e632fd594c62ad810da5b62fe35c/files/17f5ab103c8e482997442593852b7abb.docx
常熟市-常531,常熟市,常531,枫香,Liquidambar formosana Hance,120,22,147,11,虞山翁同龢墓铜像旁,三级,31.630462,120.675739,地区级示意,https://ylj.suzhou.gov.cn/szsylj/zygk/202502/b942e632fd594c62ad810da5b62fe35c.shtml,https://ylj.suzhou.gov.cn/szsylj/zygk/202502/b942e632fd594c62ad810da5b62fe35c/files/17f5ab103c8e482997442593852b7abb.docx
常熟市-常532,常熟市,常532,圆柏,Juniperus chinensis Roxb.,520,13.8,126,6,虞山翁同龢墓旁,一级,31.599951,120.652491,地区级示意,https://ylj.suzhou.gov.cn/szsylj/zygk/202502/b942e632fd594c62ad810da5b62fe35c.shtml,https://ylj.suzhou.gov.cn/szsylj/zygk/202502/b942e632fd594c62ad810da5b62fe35c/files/17f5ab103c8e482997442593852b7abb.docx
常熟市-常533,常熟市,常533,马尾松,Pinus massoniana Lamb.,220,32,123,5,虞山翁同龢墓木栈道旁,三级,31.738869,120.767302,地区级示意,https://ylj.suzhou.gov.cn/szsylj/zygk/202502/b942e632fd594c62ad810da5b62fe35c.shtml,https://ylj.suzhou.gov.cn/szsylj/zygk/202502/b942e632fd594c62ad810da5b62fe35c/files/17f5ab103c8e482997442593852b7abb.docx
常熟市-常534,常熟市,常534,香樟,Camphora officinarum Nees,120,20.5,73,18,宝岩寺门前,三级,31.745872,120.746344,地区级示意,https://ylj.suzhou.gov.cn/szsylj/zygk/202502/b942e632fd594c62ad810da5b62fe35c.shtml,https://ylj.suzhou.gov.cn/szsylj/zygk/202502/b942e632fd594c62ad810da5b62fe35c/files/17f5ab103c8e482997442593852b7abb.docx
常熟市-常535,常熟市,常535,香樟,Camphora officinarum Nees,220,20.5,247,17,宝岩寺大门内,三级,31.732226,120.820424,地区级示意,https://ylj.suzhou.gov.cn/szsylj/zygk/202502/b942e632fd594c62ad810da5b62fe35c.shtml,https://ylj.suzhou.gov.cn/szsylj/zygk/202502/b942e632fd594c62ad810da5b62fe35c/files/17f5ab103c8e482997442593852b7abb.docx
常熟市-常536,常熟市,常536,香樟,Camphora officinarum Nees,120,21.5,264,20,宝岩寺门内,三级,31.56085,120.707699,地区级示意,https://ylj.suzhou.gov.cn/szsylj/zygk/202502/b942e632fd594c62ad810da5b62fe35c.shtml,https://ylj.suzhou.gov.cn/szsylj/zygk/202502/b942e632fd594c62ad810da5b62fe35c/files/17f5ab103c8e482997442593852b7abb.docx
常熟市-常537,常熟市,常537,银杏,Ginkgo biloba L.,106,14,144,12,宝岩寺内,三级,31.707628,120.749472,地区级示意,https://ylj.suzhou.gov.cn/szsylj/zygk/202502/b942e632fd594c62ad810da5b62fe35c.shtml,https://ylj.suzhou.gov.cn/szsylj/zygk/202502/b942e632fd594c62ad810da5b62fe35c/files/17f5ab103c8e482997442593852b7abb.docx
常熟市-常538,常熟市,常538,杨梅,Morella rubra Lour.,320,7.5,64,6,宝岩观光园竹林内,二级,31.699245,120.679668,地区级示意,https://ylj.suzhou.gov.cn/szsylj/zygk/202502/b942e632fd594c62ad810da5b62fe35c.shtml,https://ylj.suzhou.gov.cn/szsylj/zygk/202502/b942e632fd594c62ad810da5b62fe35c/files/17f5ab103c8e482997442593852b7abb.docx
常熟市-常539,常熟市,常539,杨梅,Morella rubra Lour.,320,6.8,51,5,宝岩观光园竹林内,二级,31.571069,120.742295,地区级示意,https://ylj.suzhou.gov.cn/szsylj/zygk/202502/b942e632fd594c62ad810da5b62fe35c.shtml,https://ylj.suzhou.gov.cn/szsylj/zygk/202502/b942e632fd594c62ad810da5b62fe35c/files/17f5ab103c8e482997442593852b7abb.docx
常熟市-常540,常熟市,常540,杨梅,Morella rubra Lour.,320,6.3,114,9,宝岩观光园入口处,二级,31.581199,120.827435,地区级示意,https://ylj.suzhou.gov.cn/szsylj/zygk/202502/b942e632fd594c62ad810da5b62fe35c.shtml,https://ylj.suzhou.gov.cn/szsylj/zygk/202502/b942e632fd594c62ad810da5b62fe35c/files/17f5ab103c8e482997442593852b7abb.docx
常熟市-常541,常熟市,常541,香樟,Camphora officinarum Nees,170,23,272,16,宝岩观光园小凤饭店北侧水塘边,三级,31.595491,120.649228,地区级示意,https://ylj.suzhou.gov.cn/szsylj/zygk/202502/b942e632fd594c62ad810da5b62fe35c.shtml,https://ylj.suzhou.gov.cn/szsylj/zygk/202502/b942e632fd594c62ad810da5b62fe35c/files/17f5ab103c8e482997442593852b7abb.docx
常熟市-常542,常熟市,常542,香樟,Camphora officinarum Nees,120,20.5,265,24,宝岩观光园山里人家农家乐,三级,31.621921,120.720048,地区级示意,https://ylj.suzhou.gov.cn/szsylj/zygk/202502/b942e632fd594c62ad810da5b62fe35c.shtml,https://ylj.suzhou.gov.cn/szsylj/zygk/202502/b942e632fd594c62ad810da5b62fe35c/files/17f5ab103c8e482997442593852b7abb.docx
常熟市-常543,常熟市,常543,杨梅,Morella rubra Lour.,320,12.2,151,9,宝岩观光园小凤饭店北侧水塘边,二级,31.628276,120.83883,地区级示意,https://ylj.suzhou.gov.cn/szsylj/zygk/202502/b942e632fd594c62ad810da5b62fe35c.shtml,https://ylj.suzhou.gov.cn/szsylj/zygk/202502/b942e632fd594c62ad810da5b62fe35c/files/17f5ab103c8e482997442593852b7abb.docx
常熟市-常544,常熟市,常544,香樟,Camphora officinarum Nees,220,21.2,301,22,宝岩寺围墙外西北,三级,31.748055,120.699008,地区级示意,https://ylj.suzhou.gov.cn/szsylj/zygk/202502/b942e632fd594c62ad810da5b62fe35c.shtml,https://ylj.suzhou.gov.cn/szsylj/zygk/202502/b942e632fd594c62ad810da5b62fe35c/files/17f5ab103c8e482997442593852b7abb.docx
常熟市-常545,常熟市,常545,香樟,Camphora officinarum Nees,120,17.5,267,17,宝岩观光园小凤饭店内,三级,31.729243,120.775864,地区级示意,https://ylj.suzhou.gov.cn/szsylj/zygk/202502/b942e632fd594c62ad810da5b62fe35c.shtml,https://ylj.suzhou.gov.cn/szsylj/zygk/202502/b942e632fd594c62ad810da5b62fe35c/files/17f5ab103c8e482997442593852b7abb.docx
常熟市-常546,常熟市,常546,香樟,Camphora officinarum Nees,120,23,298,26,宝岩寺,三级,31.579135,120.83052,地区级示意,https://ylj.suzhou.gov.cn/szsylj/zygk/202502/b942e632fd594c62ad810da5b62fe35c.shtml,https://ylj.suzhou.gov.cn/szsylj/zygk/202502/b942e632fd594c62ad810da5b62fe35c/files/17f5ab103c8e482997442593852b7abb.docx
常熟市-常547,常熟市,常547,大叶榉树,Zelkova schneideriana Hand.-Mazz.,120,17,116,13,兴福园林饭店北寺路街北边,三级,31.721845,120.72822,地区级示意,https://ylj.suzhou.gov.cn/szsylj/zygk/202502/b942e632fd594c62ad810da5b62fe35c.shtml,https://ylj.suzhou.gov.cn/szsylj/zygk/202502/b942e632fd594c62ad810da5b62fe35c/files/17f5ab103c8e482997442593852b7abb.docx
常熟市-常548,常熟市,常548,大叶榉树,Zelkova schneideriana Hand.-Mazz.,120,24.8,151,15,兴福园林饭店北寺路街北边,三级,31.648257,120.695446,地区级示意,https://ylj.suzhou.gov.cn/szsylj/zygk/202502/b942e632fd594c62ad810da5b62fe35c.shtml,https://ylj.suzhou.gov.cn/szsylj/zygk/202502/b942e632fd594c62ad810da5b62fe35c/files/17f5ab103c8e482997442593852b7abb.docx
常熟市-常549,常熟市,常549,大叶榉树,Zelkova schneideriana Hand.-Mazz.,120,23,126,9,兴福园林饭店北寺路街北边,三级,31.708204,120.739634,地区级示意,https://ylj.suzhou.gov.cn/szsylj/zygk/202502/b942e632fd594c62ad810da5b62fe35c.shtml,https://ylj.suzhou.gov.cn/szsylj/zygk/202502/b942e632fd594c62ad810da5b62fe35c/files/17f5ab103c8e482997442593852b7abb.docx
常熟市-常550,常熟市,常550,大叶榉树,Zelkova schneideriana Hand.-Mazz.,120,17.5,132,10,兴福园林饭店北寺路街北边,三级,31.668643,120.768019,地区级示意,https://ylj.suzhou.gov.cn/szsylj/zygk/202502/b942e632fd594c62ad810da5b62fe35c.shtml,https://ylj.suzhou.gov.cn/szsylj/zygk/202502/b942e632fd594c62ad810da5b62fe35c/files/17f5ab103c8e482997442593852b7abb.docx
常熟市-常552,常熟市,常552,大叶榉树,Zelkova schneideriana Hand.-Mazz.,120,10.5,126,12,兴福园林饭店北寺路街北边,三级,31.570824,120.695907,地区级示意,https://ylj.suzhou.gov.cn/szsylj/zygk/202502/b942e632fd594c62ad810da5b62fe35c.shtml,https://ylj.suzhou.gov.cn/szsylj/zygk/202502/b942e632fd594c62ad810da5b62fe35c/files/17f5ab103c8e482997442593852b7abb.docx
常熟市-常554,常熟市,常554,大叶榉树,Zelkova schneideriana Hand.-Mazz.,120,10.6,138,5,兴福寺祈园东南面,三级,31.667864,120.781078,地区级示意,https://ylj.suzhou.gov.cn/szsylj/zygk/202502/b942e632fd594c62ad810da5b62fe35c.shtml,https://ylj.suzhou.gov.cn/szsylj/zygk/202502/b942e632fd594c62ad810da5b62fe35c/files/17f5ab103c8e482997442593852b7abb.docx
常熟市-常555,常熟市,常555,大叶榉树,Zelkova schneideriana Hand.-Mazz.,120,17,119,11,兴福老面馆南侧,三级,31.591203,120.663322,地区级示意,https://ylj.suzhou.gov.cn/szsylj/zygk/202502/b942e632fd594c62ad810da5b62fe35c.shtml,https://ylj.suzhou.gov.cn/szsylj/zygk/202502/b942e632fd594c62ad810da5b62fe35c/files/17f5ab103c8e482997442593852b7abb.docx
常熟市-常566,常熟市,常566,枫香,Liquidambar formosana Hance,320,36,317,21,兴福寺老面馆南,二级,31.70445,120.767189,地区级示意,https://ylj.suzhou.gov.cn/szsylj/zygk/202502/b942e632fd594c62ad810da5b62fe35c.shtml,https://ylj.suzhou.gov.cn/szsylj/zygk/202502/b942e632fd594c62ad810da5b62fe35c/files/17f5ab103c8e482997442593852b7abb.docx
常熟市-常556,常熟市,常556,大叶榉树,Zelkova schneideriana Hand.-Mazz.,120,24,188,16,兴福老面馆南侧,三级,31.588154,120.745428,地区级示意,https://ylj.suzhou.gov.cn/szsylj/zygk/202502/b942e632fd594c62ad810da5b62fe35c.shtml,https://ylj.suzhou.gov.cn/szsylj/zygk/202502/b942e632fd594c62ad810da5b62fe35c/files/17f5ab103c8e482997442593852b7abb.docx
常熟市-常557,常熟市,常557,大叶榉树,Zelkova schneideriana Hand.-Mazz.,120,12.5,122,11,寺路街北边老面馆台阶处,三级,31.718306,120.707651,地区级示意,https://ylj.suzhou.gov.cn/szsylj/zygk/202502/b942e632fd594c62ad810da5b62fe35c.shtml,https://ylj.suzhou.gov.cn/szsylj/zygk/202502/b942e632fd594c62ad810da5b62fe35c/files/17f5ab103c8e482997442593852b7abb.docx
常熟市-常558,常熟市,常558,大叶榉树,Zelkova schneideriana Hand.-Mazz.,120,11.5,170,8,寺路街北边老面馆台阶处,三级,31.732188,120.808686,地区级示意,https://ylj.suzhou.gov.cn/szsylj/zygk/202502/b942e632fd594c62ad810da5b62fe35c.shtml,https://ylj.suzhou.gov.cn/szsylj/zygk/202502/b942e632fd594c62ad810da5b62fe35c/files/17f5ab103c8e482997442593852b7abb.docx
常熟市-常559,常熟市,常559,大叶榉树,Zelkova schneideriana Hand.-Mazz.,120,17,151,12,兴福寺大门东山涧北边,三级,31.631909,120.802995,地区级示意,https://ylj.suzhou.gov.cn/szsylj/zygk/202502/b942e632fd594c62ad810da5b62fe35c.shtml,https://ylj.suzhou.gov.cn/szsylj/zygk/202502/b942e632fd594c62ad810da5b62fe35c/files/17f5ab103c8e482997442593852b7abb.docx
常熟市-常560,常熟市,常560,大叶榉树,Zelkova schneideriana Hand.-Mazz.,120,14.5,119,10,兴福寺大门东山涧南边,三级,31.721254,120.732796,地区级示意,https://ylj.suzhou.gov.cn/szsylj/zygk/202502/b942e632fd594c62ad810da5b62fe35c.shtml,https://ylj.suzhou.gov.cn/szsylj/zygk/202502/b942e632fd594c62ad810da5b62fe35c/files/17f5ab103c8e482997442593852b7abb.docx
常熟市-常561,常熟市,常561,大叶榉树,Zelkova schneideriana Hand.-Mazz.,120,16.8,170,12,兴福寺祗园围墙前东面沟北,三级,31.740314,120.819349,地区级示意,https://ylj.suzhou.gov.cn/szsylj/zygk/202502/b942e632fd594c62ad810da5b62fe35c.shtml,https://ylj.suzhou.gov.cn/szsylj/zygk/202502/b942e632fd594c62ad810da5b62fe35c/files/17f5ab103c8e482997442593852b7abb.docx
常熟市-常562,常熟市,常562,枫杨,Pterocarya stenoptera C. DC.,120,22.5,361,11,兴福寺祗园前,三级,31.711999,120.682373,地区级示意,https://ylj.suzhou.gov.cn/szsylj/zygk/202502/b942e632fd594c62ad810da5b62fe35c.shtml,https://ylj.suzhou.gov.cn/szsylj/zygk/202502/b942e632fd594c62ad810da5b62fe35c/files/17f5ab103c8e482997442593852b7abb.docx
常熟市-常563,常熟市,常563,枫杨,Pterocarya stenoptera C. DC.,220,17,264,14,兴福寺门前山涧南边,三级,31.615648,120.796266,地区级示意,https://ylj.suzhou.gov.cn/szsylj/zygk/202502/b942e632fd594c62ad810da5b62fe35c.shtml,https://ylj.suzhou.gov.cn/szsylj/zygk/202502/b942e632fd594c62ad810da5b62fe35c/files/17f5ab103c8e482997442593852b7abb.docx
常熟市-常564,常熟市,常564,枫香,Liquidambar formosana Hance,320,28,308,17,兴福寺入口南侧,二级,31.73249,120.783431,地区级示意,https://ylj.suzhou.gov.cn/szsylj/zygk/202502/b942e632fd594c62ad810da5b62fe35c.shtml,https://ylj.suzhou.gov.cn/szsylj/zygk/202502/b942e632fd594c62ad810da5b62fe35c/files/17f5ab103c8e482997442593852b7abb.docx
常熟市-常565,常熟市,常565,大叶榉树,Zelkova schneideriana Hand.-Mazz.,106,21,157,14,兴福寺山门前南侧,三级,31.601468,120.667221,地区级示意,https://ylj.suzhou.gov.cn/szsylj/zygk/202502/b942e632fd594c62ad810da5b62fe35c.shtml,https://ylj.suzhou.gov.cn/szsylj/zygk/202502/b942e632fd594c62ad810da5b62fe35c/files/17f5ab103c8e482997442593852b7abb.docx
常熟市-常567,常熟市,常567,大叶榉树,Zelkova schneideriana Hand.-Mazz.,120,14,110,9,兴福园林饭店北寺路街北边,三级,31.565582,120.697375,地区级示意,https://ylj.suzhou.gov.cn/szsylj/zygk/202502/b942e632fd594c62ad810da5b62fe35c.shtml,https://ylj.suzhou.gov.cn/szsylj/zygk/202502/b942e632fd594c62ad810da5b62fe35c/files/17f5ab103c8e482997442593852b7abb.docx
常熟市-常568,常熟市,常568,枫香,Liquidambar formosana Hance,270,27,408,17,兴福寺山门西侧围墙前,三级,31.622447,120.790684,地区级示意,https://ylj.suzhou.gov.cn/szsylj/zygk/202502/b942e632fd594c62ad810da5b62fe35c.shtml,https://ylj.suzhou.gov.cn/szsylj/zygk/202502/b942e632fd594c62ad810da5b62fe35c/files/17f5ab103c8e482997442593852b7abb.docx
常熟市-常569,常熟市,常569,枫香,Liquidambar formosana Hance,120,24,232,13,兴福寺山门西侧山涧南,三级,31.623936,120.72584,地区级示意,https://ylj.suzhou.gov.cn/szsylj/zygk/202502/b942e632fd594c62ad810da5b62fe35c.shtml,https://ylj.suzhou.gov.cn/szsylj/zygk/202502/b942e632fd594c62ad810da5b62fe35c/files/17f5ab103c8e482997442593852b7abb.docx
常熟市-常570,常熟市,常570,板栗,Castanea mollissima Bl.,270,18.9,210,8,虞山索道站内,三级,31.573671,120.679664,地区级示意,https://ylj.suzhou.gov.cn/szsylj/zygk/202502/b942e632fd594c62ad810da5b62fe35c.shtml,https://ylj.suzhou.gov.cn/szsylj/zygk/202502/b942e632fd594c62ad810da5b62fe35c/files/17f5ab103c8e482997442593852b7abb.docx
常熟市-常571,常熟市,常571,板栗,Castanea mollissima Bl.,270,16,377,9,兴福寺内龙华说法西侧,三级,31.639983,120.825275,地区级示意,https://ylj.suzhou.gov.cn/szsylj/zygk/202502/b942e632fd594c62ad810da5b62fe35c.shtml,https://ylj.suzhou.gov.cn/szsylj/zygk/202502/b942e632fd594c62ad810da5b62fe35c/files/17f5ab103c8e482997442593852b7abb.docx
常熟市-常572,常熟市,常572,银杏,Ginkgo biloba L.,150,14.5,197,9,五新花园南侧傅干庙,三级,31.66163,120.846192,地区级示意,https://ylj.suzhou.gov.cn/szsylj/zygk/202502/b942e632fd594c62ad810da5b62fe35c.shtml,https://ylj.suzhou.gov.cn/szsylj/zygk/202502/b942e632fd594c62ad810da5b62fe35c/files/17f5ab103c8e482997442593852b7abb.docx
常熟市-常573,常熟市,常573,银杏,Ginkgo biloba L.,150,12.5,128,9,五新花园南侧傅干庙,三级,31.586205,120.838702,地区级示意,https://ylj.suzhou.gov.cn/szsylj/zygk/202502/b942e632fd594c62ad810da5b62fe35c.shtml,https://ylj.suzhou.gov.cn/szsylj/zygk/202502/b942e632fd594c62ad810da5b62fe35c/files/17f5ab103c8e482997442593852b7abb.docx
常熟市-常574,常熟市,常574,银杏,Ginkgo biloba L.,150,8.5,156,9,五新花园南侧傅干庙,三级,31.625974,120.710032,地区级示意,https://ylj.suzhou.gov.cn/szsylj/zygk/202502/b942e632fd594c62ad810da5b62fe35c.shtml,https://ylj.suzhou.gov.cn/szsylj/zygk/202502/b942e632fd594c62ad810da5b62fe35c/files/17f5ab103c8e482997442593852b7abb.docx
常熟市-常576,常熟市,常576,大叶榉树,Zelkova schneideriana Hand.-Mazz.,180,13.5,212,15,大义粮库,三级,31.578567,120.822397,地区级示意,https://ylj.suzhou.gov.cn/szsylj/zygk/202502/b942e632fd594c62ad810da5b62fe35c.shtml,https://ylj.suzhou.gov.cn/szsylj/zygk/202502/b942e632fd594c62ad810da5b62fe35c/files/17f5ab103c8e482997442593852b7abb.docx
常熟市-常578,常熟市,常578,银杏,Ginkgo biloba L.,615,17.5,308,8,银湖路,一级,31.684217,120.714849,地区级示意,https://ylj.suzhou.gov.cn/szsylj/zygk/202502/b942e632fd594c62ad810da5b62fe35c.shtml,https://ylj.suzhou.gov.cn/szsylj/zygk/202502/b942e632fd594c62ad810da5b62fe35c/files/17f5ab103c8e482997442593852b7abb.docx
常熟市-常579,常熟市,常579,银杏,Ginkgo biloba L.,615,18,339,14,银湖路,一级,31.621705,120.716026,地区级示意,https://ylj.suzhou.gov.cn/szsylj/zygk/202502/b942e632fd594c62ad810da5b62fe35c.shtml,https://ylj.suzhou.gov.cn/szsylj/zygk/202502/b942e632fd594c62ad810da5b62fe35c/files/17f5ab103c8e482997442593852b7abb.docx
常熟市-常580,常熟市,常580,银杏,Ginkgo biloba L.,815,15,462,13,吉家桥,一级,31.579091,120.76253,地区级示意,https://ylj.suzhou.gov.cn/szsylj/zygk/202502/b942e632fd594c62ad810da5b62fe35c.shtml,https://ylj.suzhou.gov.cn/szsylj/zygk/202502/b942e632fd594c62ad810da5b62fe35c/files/17f5ab103c8e482997442593852b7abb.docx
常熟市-常581,常熟市,常581,银杏,Ginkgo biloba L.,230,22.5,272,13,关帝庙,三级,31.628114,120.770305,地区级示意,https://ylj.suzhou.gov.cn/szsylj/zygk/202502/b942e632fd594c62ad810da5b62fe35c.shtml,https://ylj.suzhou.gov.cn/szsylj/zygk/202502/b942e632fd594c62ad810da5b62fe35c/files/17f5ab103c8e482997442593852b7abb.docx
常熟市-常582,常熟市,常582,银杏,Ginkgo biloba L.,525,9.5,319,6,草庵,一级,31.620509,120.709132,地区级示意,https://ylj.suzhou.gov.cn/szsylj/zygk/202502/b942e632fd594c62ad810da5b62fe35c.shtml,https://ylj.suzhou.gov.cn/szsylj/zygk/202502/b942e632fd594c62ad810da5b62fe35c/files/17f5ab103c8e482997442593852b7abb.docx
常熟市-常583,常熟市,常583,银杏,Ginkgo biloba L.,180,19,250,10,西圣塘,三级,31.692654,120.717972,地区级示意,https://ylj.suzhou.gov.cn/szsylj/zygk/202502/b942e632fd594c62ad810da5b62fe35c.shtml,https://ylj.suzhou.gov.cn/szsylj/zygk/202502/b942e632fd594c62ad810da5b62fe35c/files/17f5ab103c8e482997442593852b7abb.docx
常熟市-常584,常熟市,常584,银杏,Ginkgo biloba L.,150,8,184,5,西圣塘,三级,31.65011,120.860946,地区级示意,https://ylj.suzhou.gov.cn/szsylj/zygk/202502/b942e632fd594c62ad810da5b62fe35c.shtml,https://ylj.suzhou.gov.cn/szsylj/zygk/202502/b942e632fd594c62ad810da5b62fe35c/files/17f5ab103c8e482997442593852b7abb.docx
常熟市-常585,常熟市,常585,银杏,Ginkgo biloba L.,220,15.5,79.5,11,观音堂,三级,31.744898,120.71262,地区级示意,https://ylj.suzhou.gov.cn/szsylj/zygk/202502/b942e632fd594c62ad810da5b62fe35c.shtml,https://ylj.suzhou.gov.cn/szsylj/zygk/202502/b942e632fd594c62ad810da5b62fe35c/files/17f5ab103c8e482997442593852b7abb.docx
常熟市-常586,常熟市,常586,银杏,Ginkgo biloba L.,1025,28,796,17,谢桥粮管所,一级,31.718699,120.761212,地区级示意,https://ylj.suzhou.gov.cn/szsylj/zygk/202502/b942e632fd594c62ad810da5b62fe35c.shtml,https://ylj.suzhou.gov.cn/szsylj/zygk/202502/b942e632fd594c62ad810da5b62fe35c/files/17f5ab103c8e482997442593852b7abb.docx
常熟市-常587,常熟市,常587,银杏,Ginkgo biloba L.,170,18,284,10,汤桥,三级,31.64861,120.71303,地区级示意,https://ylj.suzhou.gov.cn/szsylj/zygk/202502/b942e632fd594c62ad810da5b62fe35c.shtml,https://ylj.suzhou.gov.cn/szsylj/zygk/202502/b942e632fd594c62ad810da5b62fe35c/files/17f5ab103c8e482997442593852b7abb.docx
常熟市-常588,常熟市,常588,银杏,Ginkgo biloba L.,130,16.5,173,7,汤桥,三级,31.699874,120.781991,地区级示意,https://ylj.suzhou.gov.cn/szsylj/zygk/202502/b942e632fd594c62ad810da5b62fe35c.shtml,https://ylj.suzhou.gov.cn/szsylj/zygk/202502/b942e632fd594c62ad810da5b62fe35c/files/17f5ab103c8e482997442593852b7abb.docx
常熟市-常589,常熟市,常589,黄杨,Buxus sinica (Rehder & E. H. Wilson) M. Cheng,170,5,57,5,游草塘桥（张浜佳苑53号）,三级,31.729889,120.670342,地区级示意,https://ylj.suzhou.gov.cn/szsylj/zygk/202502/b942e632fd594c62ad810da5b62fe35c.shtml,https://ylj.suzhou.gov.cn/szsylj/zygk/202502/b942e632fd594c62ad810da5b62fe35c/files/17f5ab103c8e482997442593852b7abb.docx
常熟市-常590,常熟市,常590,银杏,Ginkgo biloba L.,180,13,215,10,游草塘桥,三级,31.703078,120.858806,地区级示意,https://ylj.suzhou.gov.cn/szsylj/zygk/202502/b942e632fd594c62ad810da5b62fe35c.shtml,https://ylj.suzhou.gov.cn/szsylj/zygk/202502/b942e632fd594c62ad810da5b62fe35c/files/17f5ab103c8e482997442593852b7abb.docx
常熟市-常591,常熟市,常591,银杏,Ginkgo biloba L.,330,17,265,11,邵正新红木厂,二级,31.606898,120.799821,地区级示意,https://ylj.suzhou.gov.cn/szsylj/zygk/202502/b942e632fd594c62ad810da5b62fe35c.shtml,https://ylj.suzhou.gov.cn/szsylj/zygk/202502/b942e632fd594c62ad810da5b62fe35c/files/17f5ab103c8e482997442593852b7abb.docx
常熟市-常592,常熟市,常592,银杏,Ginkgo biloba L.,330,13,182,11,邵正新红木厂,二级,31.720443,120.767833,地区级示意,https://ylj.suzhou.gov.cn/szsylj/zygk/202502/b942e632fd594c62ad810da5b62fe35c.shtml,https://ylj.suzhou.gov.cn/szsylj/zygk/202502/b942e632fd594c62ad810da5b62fe35c/files/17f5ab103c8e482997442593852b7abb.docx
常熟市-常593,常熟市,常593,银杏,Ginkgo biloba L.,330,13.8,298,15,邵正新红木厂,二级,31.638574,120.742833,地区级示意,https://ylj.suzhou.gov.cn/szsylj/zygk/202502/b942e632fd594c62ad810da5b62fe35c.shtml,https://ylj.suzhou.gov.cn/szsylj/zygk/202502/b942e632fd594c62ad810da5b62fe35c/files/17f5ab103c8e482997442593852b7abb.docx
常熟市-常594,常熟市,常594,银杏,Ginkgo biloba L.,330,21,242,12,高神堂,二级,31.732806,120.779142,地区级示意,https://ylj.suzhou.gov.cn/szsylj/zygk/202502/b942e632fd594c62ad810da5b62fe35c.shtml,https://ylj.suzhou.gov.cn/szsylj/zygk/202502/b942e632fd594c62ad810da5b62fe35c/files/17f5ab103c8e482997442593852b7abb.docx
常熟市-常595,常熟市,常595,银杏,Ginkgo biloba L.,330,24,281,15,高神堂,二级,31.710061,120.819578,地区级示意,https://ylj.suzhou.gov.cn/szsylj/zygk/202502/b942e632fd594c62ad810da5b62fe35c.shtml,https://ylj.suzhou.gov.cn/szsylj/zygk/202502/b942e632fd594c62ad810da5b62fe35c/files/17f5ab103c8e482997442593852b7abb.docx
常熟市-常596,常熟市,常596,银杏,Ginkgo biloba L.,230,14,159,14,李王堂,三级,31.629719,120.858607,地区级示意,https://ylj.suzhou.gov.cn/szsylj/zygk/202502/b942e632fd594c62ad810da5b62fe35c.shtml,https://ylj.suzhou.gov.cn/szsylj/zygk/202502/b942e632fd594c62ad810da5b62fe35c/files/17f5ab103c8e482997442593852b7abb.docx
常熟市-常597,常熟市,常597,银杏,Ginkgo biloba L.,230,8.5,251,9,李王堂,三级,31.672426,120.826403,地区级示意,https://ylj.suzhou.gov.cn/szsylj/zygk/202502/b942e632fd594c62ad810da5b62fe35c.shtml,https://ylj.suzhou.gov.cn/szsylj/zygk/202502/b942e632fd594c62ad810da5b62fe35c/files/17f5ab103c8e482997442593852b7abb.docx
常熟市-常599,常熟市,常599,银杏,Ginkgo biloba L.,380,19,311,11,支塘镇三官堂,二级,31.576246,120.720407,地区级示意,https://ylj.suzhou.gov.cn/szsylj/zygk/202502/b942e632fd594c62ad810da5b62fe35c.shtml,https://ylj.suzhou.gov.cn/szsylj/zygk/202502/b942e632fd594c62ad810da5b62fe35c/files/17f5ab103c8e482997442593852b7abb.docx
常熟市-常600,常熟市,常600,银杏,Ginkgo biloba L.,380,19.8,333,11,支塘镇三官堂,二级,31.68916,120.730371,地区级示意,https://ylj.suzhou.gov.cn/szsylj/zygk/202502/b942e632fd594c62ad810da5b62fe35c.shtml,https://ylj.suzhou.gov.cn/szsylj/zygk/202502/b942e632fd594c62ad810da5b62fe35c/files/17f5ab103c8e482997442593852b7abb.docx
常熟市-常601,常熟市,常601,黄杨,Buxus sinica (Rehder & E. H. Wilson) M. Cheng,180,2.5,55,0,支塘镇何市小学,三级,31.632835,120.666661,地区级示意,https://ylj.suzhou.gov.cn/szsylj/zygk/202502/b942e632fd594c62ad810da5b62fe35c.shtml,https://ylj.suzhou.gov.cn/szsylj/zygk/202502/b942e632fd594c62ad810da5b62fe35c/files/17f5ab103c8e482997442593852b7abb.docx
常熟市-常602,常熟市,常602,黄杨,Buxus sinica (Rehder & E. H. Wilson) M. Cheng,130,4.2,84,4,支塘镇何市小学,三级,31.685057,120.680438,地区级示意,https://ylj.suzhou.gov.cn/szsylj/zygk/202502/b942e632fd594c62ad810da5b62fe35c.shtml,https://ylj.suzhou.gov.cn/szsylj/zygk/202502/b942e632fd594c62ad810da5b62fe35c/files/17f5ab103c8e482997442593852b7abb.docx
常熟市-常603,常熟市,常603,黄杨,Buxus sinica (Rehder & E. H. Wilson) M. Cheng,130,3,55,5,支塘镇何市小学,三级,31.663969,120.643058,地区级示意,https://ylj.suzhou.gov.cn/szsylj/zygk/202502/b942e632fd594c62ad810da5b62fe35c.shtml,https://ylj.suzhou.gov.cn/szsylj/zygk/202502/b942e632fd594c62ad810da5b62fe35c/files/17f5ab103c8e482997442593852b7abb.docx
常熟市-常604,常熟市,常604,南天竹,Nandina domestica Thunb.,420,3.5,145,4,支塘镇十八湾21-23号,二级,31.616769,120.808998,地区级示意,https://ylj.suzhou.gov.cn/szsylj/zygk/202502/b942e632fd594c62ad810da5b62fe35c.shtml,https://ylj.suzhou.gov.cn/szsylj/zygk/202502/b942e632fd594c62ad810da5b62fe35c/files/17f5ab103c8e482997442593852b7abb.docx
常熟市-常605,常熟市,常605,银杏,Ginkgo biloba L.,220,16,269,11,支塘镇观音庙,三级,31.619212,120.80863,地区级示意,https://ylj.suzhou.gov.cn/szsylj/zygk/202502/b942e632fd594c62ad810da5b62fe35c.shtml,https://ylj.suzhou.gov.cn/szsylj/zygk/202502/b942e632fd594c62ad810da5b62fe35c/files/17f5ab103c8e482997442593852b7abb.docx
常熟市-常606,常熟市,常606,银杏,Ginkgo biloba L.,220,9.5,177,10,支塘镇观音庙,三级,31.700854,120.841435,地区级示意,https://ylj.suzhou.gov.cn/szsylj/zygk/202502/b942e632fd594c62ad810da5b62fe35c.shtml,https://ylj.suzhou.gov.cn/szsylj/zygk/202502/b942e632fd594c62ad810da5b62fe35c/files/17f5ab103c8e482997442593852b7abb.docx
常熟市-常607,常熟市,常607,大叶榉树,Zelkova schneideriana Hand.-Mazz.,120,9.5,125,9,支塘镇中陈泾,三级,31.643734,120.69628,地区级示意,https://ylj.suzhou.gov.cn/szsylj/zygk/202502/b942e632fd594c62ad810da5b62fe35c.shtml,https://ylj.suzhou.gov.cn/szsylj/zygk/202502/b942e632fd594c62ad810da5b62fe35c/files/17f5ab103c8e482997442593852b7abb.docx
常熟市-常608,常熟市,常608,银杏,Ginkgo biloba L.,430,16.8,414,14,支塘镇贺舍,二级,31.667397,120.852452,地区级示意,https://ylj.suzhou.gov.cn/szsylj/zygk/202502/b942e632fd594c62ad810da5b62fe35c.shtml,https://ylj.suzhou.gov.cn/szsylj/zygk/202502/b942e632fd594c62ad810da5b62fe35c/files/17f5ab103c8e482997442593852b7abb.docx
常熟市-常609,常熟市,常609,银杏,Ginkgo biloba L.,430,15,364,15,支塘镇贺舍,二级,31.689804,120.707906,地区级示意,https://ylj.suzhou.gov.cn/szsylj/zygk/202502/b942e632fd594c62ad810da5b62fe35c.shtml,https://ylj.suzhou.gov.cn/szsylj/zygk/202502/b942e632fd594c62ad810da5b62fe35c/files/17f5ab103c8e482997442593852b7abb.docx
常熟市-常610,常熟市,常610,银杏,Ginkgo biloba L.,470,24,392,9,支塘镇八赤庙,二级,31.626963,120.687567,地区级示意,https://ylj.suzhou.gov.cn/szsylj/zygk/202502/b942e632fd594c62ad810da5b62fe35c.shtml,https://ylj.suzhou.gov.cn/szsylj/zygk/202502/b942e632fd594c62ad810da5b62fe35c/files/17f5ab103c8e482997442593852b7abb.docx
常熟市-常611,常熟市,常611,银杏,Ginkgo biloba L.,470,23.5,410,10,支塘镇八赤庙,二级,31.573865,120.816917,地区级示意,https://ylj.suzhou.gov.cn/szsylj/zygk/202502/b942e632fd594c62ad810da5b62fe35c.shtml,https://ylj.suzhou.gov.cn/szsylj/zygk/202502/b942e632fd594c62ad810da5b62fe35c/files/17f5ab103c8e482997442593852b7abb.docx
常熟市-常612,常熟市,常612,银杏,Ginkgo biloba L.,170,15.5,236,11,支塘镇八赤庙,三级,31.587966,120.690999,地区级示意,https://ylj.suzhou.gov.cn/szsylj/zygk/202502/b942e632fd594c62ad810da5b62fe35c.shtml,https://ylj.suzhou.gov.cn/szsylj/zygk/202502/b942e632fd594c62ad810da5b62fe35c/files/17f5ab103c8e482997442593852b7abb.docx
常熟市-常613,常熟市,常613,银杏,Ginkgo biloba L.,120,20.8,251,12,支塘镇苏家浜村六组（朱家角）,三级,31.576393,120.670126,地区级示意,https://ylj.suzhou.gov.cn/szsylj/zygk/202502/b942e632fd594c62ad810da5b62fe35c.shtml,https://ylj.suzhou.gov.cn/szsylj/zygk/202502/b942e632fd594c62ad810da5b62fe35c/files/17f5ab103c8e482997442593852b7abb.docx
常熟市-常614,常熟市,常614,大叶榉树,Zelkova schneideriana Hand.-Mazz.,420,14.5,281,14,支塘镇庙湾18号,二级,31.603128,120.795946,地区级示意,https://ylj.suzhou.gov.cn/szsylj/zygk/202502/b942e632fd594c62ad810da5b62fe35c.shtml,https://ylj.suzhou.gov.cn/szsylj/zygk/202502/b942e632fd594c62ad810da5b62fe35c/files/17f5ab103c8e482997442593852b7abb.docx
常熟市-常615,常熟市,常615,银杏,Ginkgo biloba L.,330,23.5,320,12,常熟玖树风物美术馆酒店（东）,二级,31.630229,120.798381,地区级示意,https://ylj.suzhou.gov.cn/szsylj/zygk/202502/b942e632fd594c62ad810da5b62fe35c.shtml,https://ylj.suzhou.gov.cn/szsylj/zygk/202502/b942e632fd594c62ad810da5b62fe35c/files/17f5ab103c8e482997442593852b7abb.docx
常熟市-常616,常熟市,常616,银杏,Ginkgo biloba L.,330,15.5,236,9,常熟玖树风物美术馆酒店（西）,二级,31.747745,120.790708,地区级示意,https://ylj.suzhou.gov.cn/szsylj/zygk/202502/b942e632fd594c62ad810da5b62fe35c.shtml,https://ylj.suzhou.gov.cn/szsylj/zygk/202502/b942e632fd594c62ad810da5b62fe35c/files/17f5ab103c8e482997442593852b7abb.docx
常熟市-常617,常熟市,常617,银杏,Ginkgo biloba L.,330,23.5,308,11,常熟玖树风物美术馆酒店（中）,二级,31.601642,120.784101,地区级示意,https://ylj.suzhou.gov.cn/szsylj/zygk/202502/b942e632fd594c62ad810da5b62fe35c.shtml,https://ylj.suzhou.gov.cn/szsylj/zygk/202502/b942e632fd594c62ad810da5b62fe35c/files/17f5ab103c8e482997442593852b7abb.docx
常熟市-常618,常熟市,常618,楸树,Catalpa bungei C.A.Mey,250,16,217,8,支塘镇西门街,三级,31.688566,120.719726,地区级示意,https://ylj.suzhou.gov.cn/szsylj/zygk/202502/b942e632fd594c62ad810da5b62fe35c.shtml,https://ylj.suzhou.gov.cn/szsylj/zygk/202502/b942e632fd594c62ad810da5b62fe35c/files/17f5ab103c8e482997442593852b7abb.docx
常熟市-常619,常熟市,常619,银杏,Ginkgo biloba L.,220,16,179,10,支塘镇朱家文,三级,31.600001,120.747884,地区级示意,https://ylj.suzhou.gov.cn/szsylj/zygk/202502/b942e632fd594c62ad810da5b62fe35c.shtml,https://ylj.suzhou.gov.cn/szsylj/zygk/202502/b942e632fd594c62ad810da5b62fe35c/files/17f5ab103c8e482997442593852b7abb.docx
常熟市-常620,常熟市,常620,银杏,Ginkgo biloba L.,220,17,214,10,支塘镇朱家文,三级,31.718101,120.813665,地区级示意,https://ylj.suzhou.gov.cn/szsylj/zygk/202502/b942e632fd594c62ad810da5b62fe35c.shtml,https://ylj.suzhou.gov.cn/szsylj/zygk/202502/b942e632fd594c62ad810da5b62fe35c/files/17f5ab103c8e482997442593852b7abb.docx
常熟市-常622,常熟市,常622,银杏,Ginkgo biloba L.,180,10.5,196,10,延福禅寺,三级,31.688369,120.657,地区级示意,https://ylj.suzhou.gov.cn/szsylj/zygk/202502/b942e632fd594c62ad810da5b62fe35c.shtml,https://ylj.suzhou.gov.cn/szsylj/zygk/202502/b942e632fd594c62ad810da5b62fe35c/files/17f5ab103c8e482997442593852b7abb.docx
常熟市-常623,常熟市,常623,银杏,Ginkgo biloba L.,180,12,194,11,延福禅寺,三级,31.735562,120.790771,地区级示意,https://ylj.suzhou.gov.cn/szsylj/zygk/202502/b942e632fd594c62ad810da5b62fe35c.shtml,https://ylj.suzhou.gov.cn/szsylj/zygk/202502/b942e632fd594c62ad810da5b62fe35c/files/17f5ab103c8e482997442593852b7abb.docx
常熟市-常624,常熟市,常624,银杏,Ginkgo biloba L.,130,8.5,114,5,支塘镇七浦塘生态公园（西1）,三级,31.581412,120.780894,地区级示意,https://ylj.suzhou.gov.cn/szsylj/zygk/202502/b942e632fd594c62ad810da5b62fe35c.shtml,https://ylj.suzhou.gov.cn/szsylj/zygk/202502/b942e632fd594c62ad810da5b62fe35c/files/17f5ab103c8e482997442593852b7abb.docx
常熟市-常625,常熟市,常625,银杏,Ginkgo biloba L.,130,9.2,118,6,支塘镇七浦塘生态公园（西2）,三级,31.650293,120.655372,地区级示意,https://ylj.suzhou.gov.cn/szsylj/zygk/202502/b942e632fd594c62ad810da5b62fe35c.shtml,https://ylj.suzhou.gov.cn/szsylj/zygk/202502/b942e632fd594c62ad810da5b62fe35c/files/17f5ab103c8e482997442593852b7abb.docx
常熟市-常626,常熟市,常626,银杏,Ginkgo biloba L.,130,9.5,130,5,支塘镇七浦塘生态公园（西3）,三级,31.664001,120.854379,地区级示意,https://ylj.suzhou.gov.cn/szsylj/zygk/202502/b942e632fd594c62ad810da5b62fe35c.shtml,https://ylj.suzhou.gov.cn/szsylj/zygk/202502/b942e632fd594c62ad810da5b62fe35c/files/17f5ab103c8e482997442593852b7abb.docx
常熟市-常627,常熟市,常627,银杏,Ginkgo biloba L.,130,9.5,132,5,支塘镇七浦塘生态公园（西4）,三级,31.582715,120.77651,地区级示意,https://ylj.suzhou.gov.cn/szsylj/zygk/202502/b942e632fd594c62ad810da5b62fe35c.shtml,https://ylj.suzhou.gov.cn/szsylj/zygk/202502/b942e632fd594c62ad810da5b62fe35c/files/17f5ab103c8e482997442593852b7abb.docx
常熟市-常628,常熟市,常628,罗汉松,Podocarpus macrophyllus (Thunb.) Sweet,106,9.7,129,6,中巷书院荷香馆,三级,31.678337,120.729131,地区级示意,https://ylj.suzhou.gov.cn/szsylj/zygk/202502/b942e632fd594c62ad810da5b62fe35c.shtml,https://ylj.suzhou.gov.cn/szsylj/zygk/202502/b942e632fd594c62ad810da5b62fe35c/files/17f5ab103c8e482997442593852b7abb.docx
常熟市-常629,常熟市,常629,银杏,Ginkgo biloba L.,320,8.2,240,6,朗城村（法华庵）,二级,31.745419,120.797362,地区级示意,https://ylj.suzhou.gov.cn/szsylj/zygk/202502/b942e632fd594c62ad810da5b62fe35c.shtml,https://ylj.suzhou.gov.cn/szsylj/zygk/202502/b942e632fd594c62ad810da5b62fe35c/files/17f5ab103c8e482997442593852b7abb.docx
常熟市-常630,常熟市,常630,银杏,Ginkgo biloba L.,320,8.8,217,5,朗城村（法华庵）,二级,31.679943,120.813429,地区级示意,https://ylj.suzhou.gov.cn/szsylj/zygk/202502/b942e632fd594c62ad810da5b62fe35c.shtml,https://ylj.suzhou.gov.cn/szsylj/zygk/202502/b942e632fd594c62ad810da5b62fe35c/files/17f5ab103c8e482997442593852b7abb.docx
常熟市-常631,常熟市,常631,银杏,Ginkgo biloba L.,400,16.5,518,13,大湖甸村李王庙,二级,31.724024,120.809071,地区级示意,https://ylj.suzhou.gov.cn/szsylj/zygk/202502/b942e632fd594c62ad810da5b62fe35c.shtml,https://ylj.suzhou.gov.cn/szsylj/zygk/202502/b942e632fd594c62ad810da5b62fe35c/files/17f5ab103c8e482997442593852b7abb.docx
常熟市-常632,常熟市,常632,银杏,Ginkgo biloba L.,200,14.5,352,8,文庙大成殿门前西侧,三级,31.595215,120.795772,地区级示意,https://ylj.suzhou.gov.cn/szsylj/zygk/202502/b942e632fd594c62ad810da5b62fe35c.shtml,https://ylj.suzhou.gov.cn/szsylj/zygk/202502/b942e632fd594c62ad810da5b62fe35c/files/17f5ab103c8e482997442593852b7abb.docx
常熟市-常633,常熟市,常633,银杏,Ginkgo biloba L.,200,26.5,352,16,虞山街道李桥社区总官庙,三级,31.709853,120.822514,地区级示意,https://ylj.suzhou.gov.cn/szsylj/zygk/202502/b942e632fd594c62ad810da5b62fe35c.shtml,https://ylj.suzhou.gov.cn/szsylj/zygk/202502/b942e632fd594c62ad810da5b62fe35c/files/17f5ab103c8e482997442593852b7abb.docx
常熟市-常634,常熟市,常634,银杏,Ginkgo biloba L.,200,22.8,323,11,虞山街道李桥社区总官庙,三级,31.593658,120.710547,地区级示意,https://ylj.suzhou.gov.cn/szsylj/zygk/202502/b942e632fd594c62ad810da5b62fe35c.shtml,https://ylj.suzhou.gov.cn/szsylj/zygk/202502/b942e632fd594c62ad810da5b62fe35c/files/17f5ab103c8e482997442593852b7abb.docx
常熟市-常635,常熟市,常635,银杏,Ginkgo biloba L.,100,10.2,232,7,虞山街道李桥社区总官庙,三级,31.721742,120.707942,地区级示意,https://ylj.suzhou.gov.cn/szsylj/zygk/202502/b942e632fd594c62ad810da5b62fe35c.shtml,https://ylj.suzhou.gov.cn/szsylj/zygk/202502/b942e632fd594c62ad810da5b62fe35c/files/17f5ab103c8e482997442593852b7abb.docx
常熟市-常636,常熟市,常636,银杏,Ginkgo biloba L.,100,10,226,7,虞山街道李桥社区总官庙,三级,31.581442,120.812474,地区级示意,https://ylj.suzhou.gov.cn/szsylj/zygk/202502/b942e632fd594c62ad810da5b62fe35c.shtml,https://ylj.suzhou.gov.cn/szsylj/zygk/202502/b942e632fd594c62ad810da5b62fe35c/files/17f5ab103c8e482997442593852b7abb.docx
常熟市-常637,常熟市,常637,银杏,Ginkgo biloba L.,200,18,311,13,虞山街道甸桥村程家桥东泾塘,三级,31.568057,120.796968,地区级示意,https://ylj.suzhou.gov.cn/szsylj/zygk/202502/b942e632fd594c62ad810da5b62fe35c.shtml,https://ylj.suzhou.gov.cn/szsylj/zygk/202502/b942e632fd594c62ad810da5b62fe35c/files/17f5ab103c8e482997442593852b7abb.docx
常熟市-常638,常熟市,常638,银杏,Ginkgo biloba L.,200,15.9,176,10,虞山街道甸桥村程家桥东泾塘,三级,31.664619,120.784729,地区级示意,https://ylj.suzhou.gov.cn/szsylj/zygk/202502/b942e632fd594c62ad810da5b62fe35c.shtml,https://ylj.suzhou.gov.cn/szsylj/zygk/202502/b942e632fd594c62ad810da5b62fe35c/files/17f5ab103c8e482997442593852b7abb.docx
常熟市-常639,常熟市,常639,银杏,Ginkgo biloba L.,200,16,279,14,虞山街道李桥社区南头城金童庙,三级,31.665299,120.68675,地区级示意,https://ylj.suzhou.gov.cn/szsylj/zygk/202502/b942e632fd594c62ad810da5b62fe35c.shtml,https://ylj.suzhou.gov.cn/szsylj/zygk/202502/b942e632fd594c62ad810da5b62fe35c/files/17f5ab103c8e482997442593852b7abb.docx
常熟市-常640,常熟市,常640,银杏,Ginkgo biloba L.,100,14.8,267,12,琴川街道渠中村西浜斗,三级,31.611941,120.830864,地区级示意,https://ylj.suzhou.gov.cn/szsylj/zygk/202502/b942e632fd594c62ad810da5b62fe35c.shtml,https://ylj.suzhou.gov.cn/szsylj/zygk/202502/b942e632fd594c62ad810da5b62fe35c/files/17f5ab103c8e482997442593852b7abb.docx
常熟市-常641,常熟市,常641,银杏,Ginkgo biloba L.,100,15,232,10,琴川街道渠中村西浜斗,三级,31.699747,120.656536,地区级示意,https://ylj.suzhou.gov.cn/szsylj/zygk/202502/b942e632fd594c62ad810da5b62fe35c.shtml,https://ylj.suzhou.gov.cn/szsylj/zygk/202502/b942e632fd594c62ad810da5b62fe35c/files/17f5ab103c8e482997442593852b7abb.docx
常熟市-常642,常熟市,常642,黄杨,Buxus sinica (Rehder & E. H. Wilson) M. Cheng,120,6.8,144,10,琴川街道花溪村,三级,31.580815,120.785102,地区级示意,https://ylj.suzhou.gov.cn/szsylj/zygk/202502/b942e632fd594c62ad810da5b62fe35c.shtml,https://ylj.suzhou.gov.cn/szsylj/zygk/202502/b942e632fd594c62ad810da5b62fe35c/files/17f5ab103c8e482997442593852b7abb.docx
常熟市-常643,常熟市,常643,银杏,Ginkgo biloba L.,300,17.5,402,18,董浜镇东盾村环龙桥,二级,31.751198,120.768223,地区级示意,https://ylj.suzhou.gov.cn/szsylj/zygk/202502/b942e632fd594c62ad810da5b62fe35c.shtml,https://ylj.suzhou.gov.cn/szsylj/zygk/202502/b942e632fd594c62ad810da5b62fe35c/files/17f5ab103c8e482997442593852b7abb.docx
常熟市-常644,常熟市,常644,银杏,Ginkgo biloba L.,100,22,306,17,海虞镇鱼尾狮公园,三级,31.671382,120.685355,地区级示意,https://ylj.suzhou.gov.cn/szsylj/zygk/202502/b942e632fd594c62ad810da5b62fe35c.shtml,https://ylj.suzhou.gov.cn/szsylj/zygk/202502/b942e632fd594c62ad810da5b62fe35c/files/17f5ab103c8e482997442593852b7abb.docx
常熟市-常645,常熟市,常645,银杏,Ginkgo biloba L.,100,22,285,17,海虞镇鱼尾狮公园,三级,31.733835,120.726348,地区级示意,https://ylj.suzhou.gov.cn/szsylj/zygk/202502/b942e632fd594c62ad810da5b62fe35c.shtml,https://ylj.suzhou.gov.cn/szsylj/zygk/202502/b942e632fd594c62ad810da5b62fe35c/files/17f5ab103c8e482997442593852b7abb.docx
太仓市-太2,太仓市,太2,罗汉松,Podocarpus macrophyllus (Thunb.) Sweet,526,9.5,323,10,东园,一级,31.460347,121.122302,地区级示意,https://ylj.suzhou.gov.cn/szsylj/zygk/202502/d5bc941f6d9d4dbc9dd4c404c71e190e.shtml,https://ylj.suzhou.gov.cn/szsylj/zygk/202502/d5bc941f6d9d4dbc9dd4c404c71e190e/files/71bb89e5f00b4854af65ec5c400d9c8b.docx
太仓市-太3,太仓市,太3,紫藤,Wisteria sinensis (Sims) Sweet,626,4,129,12,洞庭分秀雅苑,一级,31.425188,121.078967,地区级示意,https://ylj.suzhou.gov.cn/szsylj/zygk/202502/d5bc941f6d9d4dbc9dd4c404c71e190e.shtml,https://ylj.suzhou.gov.cn/szsylj/zygk/202502/d5bc941f6d9d4dbc9dd4c404c71e190e/files/71bb89e5f00b4854af65ec5c400d9c8b.docx
太仓市-太4,太仓市,太4,银杏,Ginkgo biloba L.,206,17,153,5,华旭曼度广场,三级,31.433607,121.17769,地区级示意,https://ylj.suzhou.gov.cn/szsylj/zygk/202502/d5bc941f6d9d4dbc9dd4c404c71e190e.shtml,https://ylj.suzhou.gov.cn/szsylj/zygk/202502/d5bc941f6d9d4dbc9dd4c404c71e190e/files/71bb89e5f00b4854af65ec5c400d9c8b.docx
太仓市-太6,太仓市,太6,木樨,Osmanthus fragrans Lour.,326,6.6,126,6,南园,二级,31.452363,121.168918,地区级示意,https://ylj.suzhou.gov.cn/szsylj/zygk/202502/d5bc941f6d9d4dbc9dd4c404c71e190e.shtml,https://ylj.suzhou.gov.cn/szsylj/zygk/202502/d5bc941f6d9d4dbc9dd4c404c71e190e/files/71bb89e5f00b4854af65ec5c400d9c8b.docx
太仓市-太7,太仓市,太7,圆柏,Juniperus chinensis Roxb.,426,11.9,91,2,洞庭分秀雅苑,二级,31.505561,121.167593,地区级示意,https://ylj.suzhou.gov.cn/szsylj/zygk/202502/d5bc941f6d9d4dbc9dd4c404c71e190e.shtml,https://ylj.suzhou.gov.cn/szsylj/zygk/202502/d5bc941f6d9d4dbc9dd4c404c71e190e/files/71bb89e5f00b4854af65ec5c400d9c8b.docx
太仓市-太8,太仓市,太8,圆柏,Juniperus chinensis Roxb.,426,16.1,159,8,洞庭分秀雅苑,二级,31.451455,121.196612,地区级示意,https://ylj.suzhou.gov.cn/szsylj/zygk/202502/d5bc941f6d9d4dbc9dd4c404c71e190e.shtml,https://ylj.suzhou.gov.cn/szsylj/zygk/202502/d5bc941f6d9d4dbc9dd4c404c71e190e/files/71bb89e5f00b4854af65ec5c400d9c8b.docx
太仓市-太9,太仓市,太9,黄杨,Buxus sinica (Rehder & E. H. Wilson) M. Cheng,176,6.5,119,4,南园,三级,31.476703,121.091364,地区级示意,https://ylj.suzhou.gov.cn/szsylj/zygk/202502/d5bc941f6d9d4dbc9dd4c404c71e190e.shtml,https://ylj.suzhou.gov.cn/szsylj/zygk/202502/d5bc941f6d9d4dbc9dd4c404c71e190e/files/71bb89e5f00b4854af65ec5c400d9c8b.docx
太仓市-太10,太仓市,太10,黄杨,Buxus sinica (Rehder & E. H. Wilson) M. Cheng,226,5,75,3,南园,三级,31.441434,121.1372,地区级示意,https://ylj.suzhou.gov.cn/szsylj/zygk/202502/d5bc941f6d9d4dbc9dd4c404c71e190e.shtml,https://ylj.suzhou.gov.cn/szsylj/zygk/202502/d5bc941f6d9d4dbc9dd4c404c71e190e/files/71bb89e5f00b4854af65ec5c400d9c8b.docx
太仓市-太13,太仓市,太13,木樨,Osmanthus fragrans Lour.,126,7,115,7,南园,三级,31.431195,121.100075,地区级示意,https://ylj.suzhou.gov.cn/szsylj/zygk/202502/d5bc941f6d9d4dbc9dd4c404c71e190e.shtml,https://ylj.suzhou.gov.cn/szsylj/zygk/202502/d5bc941f6d9d4dbc9dd4c404c71e190e/files/71bb89e5f00b4854af65ec5c400d9c8b.docx
太仓市-太14,太仓市,太14,木樨,Osmanthus fragrans Lour.,126,6.9,75,7,南园,三级,31.485745,121.118473,地区级示意,https://ylj.suzhou.gov.cn/szsylj/zygk/202502/d5bc941f6d9d4dbc9dd4c404c71e190e.shtml,https://ylj.suzhou.gov.cn/szsylj/zygk/202502/d5bc941f6d9d4dbc9dd4c404c71e190e/files/71bb89e5f00b4854af65ec5c400d9c8b.docx
太仓市-太15,太仓市,太15,大叶榉树,Zelkova schneideriana Hand.-Mazz.,226,17.3,148,13,南园,三级,31.45733,121.146684,地区级示意,https://ylj.suzhou.gov.cn/szsylj/zygk/202502/d5bc941f6d9d4dbc9dd4c404c71e190e.shtml,https://ylj.suzhou.gov.cn/szsylj/zygk/202502/d5bc941f6d9d4dbc9dd4c404c71e190e/files/71bb89e5f00b4854af65ec5c400d9c8b.docx
太仓市-太16,太仓市,太16,朴树,Celtis sinensis Pers.,126,11.7,164,11,南园,三级,31.4346,121.066511,地区级示意,https://ylj.suzhou.gov.cn/szsylj/zygk/202502/d5bc941f6d9d4dbc9dd4c404c71e190e.shtml,https://ylj.suzhou.gov.cn/szsylj/zygk/202502/d5bc941f6d9d4dbc9dd4c404c71e190e/files/71bb89e5f00b4854af65ec5c400d9c8b.docx
太仓市-太17,太仓市,太17,枸骨,Ilex cornuta Lindl. & Paxton,126,5.5,72,6,南园,三级,31.528238,121.123025,地区级示意,https://ylj.suzhou.gov.cn/szsylj/zygk/202502/d5bc941f6d9d4dbc9dd4c404c71e190e.shtml,https://ylj.suzhou.gov.cn/szsylj/zygk/202502/d5bc941f6d9d4dbc9dd4c404c71e190e/files/71bb89e5f00b4854af65ec5c400d9c8b.docx
太仓市-太18,太仓市,太18,梅,Prunus mume Siebold & Zucc.,126,4.2,82,5,南园,三级,31.509565,121.080227,地区级示意,https://ylj.suzhou.gov.cn/szsylj/zygk/202502/d5bc941f6d9d4dbc9dd4c404c71e190e.shtml,https://ylj.suzhou.gov.cn/szsylj/zygk/202502/d5bc941f6d9d4dbc9dd4c404c71e190e/files/71bb89e5f00b4854af65ec5c400d9c8b.docx
太仓市-太20,太仓市,太20,梅,Prunus mume Siebold & Zucc.,126,3.5,100,5,南园,三级,31.40681,121.146895,地区级示意,https://ylj.suzhou.gov.cn/szsylj/zygk/202502/d5bc941f6d9d4dbc9dd4c404c71e190e.shtml,https://ylj.suzhou.gov.cn/szsylj/zygk/202502/d5bc941f6d9d4dbc9dd4c404c71e190e/files/71bb89e5f00b4854af65ec5c400d9c8b.docx
太仓市-太21,太仓市,太21,黄杨,Buxus sinica (Rehder & E. H. Wilson) M. Cheng,126,6.4,82,6,南园,三级,31.411802,121.161401,地区级示意,https://ylj.suzhou.gov.cn/szsylj/zygk/202502/d5bc941f6d9d4dbc9dd4c404c71e190e.shtml,https://ylj.suzhou.gov.cn/szsylj/zygk/202502/d5bc941f6d9d4dbc9dd4c404c71e190e/files/71bb89e5f00b4854af65ec5c400d9c8b.docx
太仓市-太22,太仓市,太22,罗汉松,Podocarpus macrophyllus (Thunb.) Sweet,226,14,242,9,古松弄1号,三级,31.395166,121.124911,地区级示意,https://ylj.suzhou.gov.cn/szsylj/zygk/202502/d5bc941f6d9d4dbc9dd4c404c71e190e.shtml,https://ylj.suzhou.gov.cn/szsylj/zygk/202502/d5bc941f6d9d4dbc9dd4c404c71e190e/files/71bb89e5f00b4854af65ec5c400d9c8b.docx
太仓市-太23,太仓市,太23,龙爪槐,Styphnolobium japonicum ‘Pendula’,226,2.7,75,4,洞庭分秀雅苑,三级,31.396477,121.110208,地区级示意,https://ylj.suzhou.gov.cn/szsylj/zygk/202502/d5bc941f6d9d4dbc9dd4c404c71e190e.shtml,https://ylj.suzhou.gov.cn/szsylj/zygk/202502/d5bc941f6d9d4dbc9dd4c404c71e190e/files/71bb89e5f00b4854af65ec5c400d9c8b.docx
太仓市-太24,太仓市,太24,银杏,Ginkgo biloba L.,226,11.3,157,10,洞庭分秀雅苑,三级,31.540592,121.114179,地区级示意,https://ylj.suzhou.gov.cn/szsylj/zygk/202502/d5bc941f6d9d4dbc9dd4c404c71e190e.shtml,https://ylj.suzhou.gov.cn/szsylj/zygk/202502/d5bc941f6d9d4dbc9dd4c404c71e190e/files/71bb89e5f00b4854af65ec5c400d9c8b.docx
太仓市-太25,太仓市,太25,银杏,Ginkgo biloba L.,176,8.1,119,5,洞庭分秀雅苑,三级,31.425332,121.073724,地区级示意,https://ylj.suzhou.gov.cn/szsylj/zygk/202502/d5bc941f6d9d4dbc9dd4c404c71e190e.shtml,https://ylj.suzhou.gov.cn/szsylj/zygk/202502/d5bc941f6d9d4dbc9dd4c404c71e190e/files/71bb89e5f00b4854af65ec5c400d9c8b.docx
太仓市-太27,太仓市,太27,朴树,Celtis sinensis Pers.,276,11.5,148,14,洞庭分秀雅苑,三级,31.50722,121.139872,地区级示意,https://ylj.suzhou.gov.cn/szsylj/zygk/202502/d5bc941f6d9d4dbc9dd4c404c71e190e.shtml,https://ylj.suzhou.gov.cn/szsylj/zygk/202502/d5bc941f6d9d4dbc9dd4c404c71e190e/files/71bb89e5f00b4854af65ec5c400d9c8b.docx
太仓市-太28,太仓市,太28,大叶榉树,Zelkova schneideriana Hand.-Mazz.,276,16.8,176,14,洞庭分秀雅苑,三级,31.526601,121.169568,地区级示意,https://ylj.suzhou.gov.cn/szsylj/zygk/202502/d5bc941f6d9d4dbc9dd4c404c71e190e.shtml,https://ylj.suzhou.gov.cn/szsylj/zygk/202502/d5bc941f6d9d4dbc9dd4c404c71e190e/files/71bb89e5f00b4854af65ec5c400d9c8b.docx
太仓市-太29,太仓市,太29,木樨,Osmanthus fragrans Lour.,126,4.6,82,4,洞庭分秀雅苑,三级,31.483387,121.181602,地区级示意,https://ylj.suzhou.gov.cn/szsylj/zygk/202502/d5bc941f6d9d4dbc9dd4c404c71e190e.shtml,https://ylj.suzhou.gov.cn/szsylj/zygk/202502/d5bc941f6d9d4dbc9dd4c404c71e190e/files/71bb89e5f00b4854af65ec5c400d9c8b.docx
太仓市-太30,太仓市,太30,木樨,Osmanthus fragrans Lour.,126,3.1,69,2,洞庭分秀雅苑,三级,31.515359,121.183902,地区级示意,https://ylj.suzhou.gov.cn/szsylj/zygk/202502/d5bc941f6d9d4dbc9dd4c404c71e190e.shtml,https://ylj.suzhou.gov.cn/szsylj/zygk/202502/d5bc941f6d9d4dbc9dd4c404c71e190e/files/71bb89e5f00b4854af65ec5c400d9c8b.docx
太仓市-太35,太仓市,太35,木樨,Osmanthus fragrans Lour.,126,3,63,3,洞庭分秀雅苑,三级,31.458031,121.151869,地区级示意,https://ylj.suzhou.gov.cn/szsylj/zygk/202502/d5bc941f6d9d4dbc9dd4c404c71e190e.shtml,https://ylj.suzhou.gov.cn/szsylj/zygk/202502/d5bc941f6d9d4dbc9dd4c404c71e190e/files/71bb89e5f00b4854af65ec5c400d9c8b.docx
太仓市-太36,太仓市,太36,木樨,Osmanthus fragrans Lour.,126,8,62,7,洞庭分秀雅苑,三级,31.529593,121.085218,地区级示意,https://ylj.suzhou.gov.cn/szsylj/zygk/202502/d5bc941f6d9d4dbc9dd4c404c71e190e.shtml,https://ylj.suzhou.gov.cn/szsylj/zygk/202502/d5bc941f6d9d4dbc9dd4c404c71e190e/files/71bb89e5f00b4854af65ec5c400d9c8b.docx
太仓市-太37,太仓市,太37,蜡梅,Chimonanthus praecox (L.) Link,126,2,47,3,洞庭分秀雅苑,三级,31.405431,121.094172,地区级示意,https://ylj.suzhou.gov.cn/szsylj/zygk/202502/d5bc941f6d9d4dbc9dd4c404c71e190e.shtml,https://ylj.suzhou.gov.cn/szsylj/zygk/202502/d5bc941f6d9d4dbc9dd4c404c71e190e/files/71bb89e5f00b4854af65ec5c400d9c8b.docx
太仓市-太38,太仓市,太38,蜡梅,Chimonanthus praecox (L.) Link,126,2,38,3,洞庭分秀雅苑,三级,31.419281,121.157873,地区级示意,https://ylj.suzhou.gov.cn/szsylj/zygk/202502/d5bc941f6d9d4dbc9dd4c404c71e190e.shtml,https://ylj.suzhou.gov.cn/szsylj/zygk/202502/d5bc941f6d9d4dbc9dd4c404c71e190e/files/71bb89e5f00b4854af65ec5c400d9c8b.docx
太仓市-太39,太仓市,太39,蜡梅,Chimonanthus praecox (L.) Link,126,2,63,3,洞庭分秀雅苑,三级,31.464795,121.108732,地区级示意,https://ylj.suzhou.gov.cn/szsylj/zygk/202502/d5bc941f6d9d4dbc9dd4c404c71e190e.shtml,https://ylj.suzhou.gov.cn/szsylj/zygk/202502/d5bc941f6d9d4dbc9dd4c404c71e190e/files/71bb89e5f00b4854af65ec5c400d9c8b.docx
太仓市-太40,太仓市,太40,蜡梅,Chimonanthus praecox (L.) Link,126,5,79,5,洞庭分秀雅苑,三级,31.521227,121.088324,地区级示意,https://ylj.suzhou.gov.cn/szsylj/zygk/202502/d5bc941f6d9d4dbc9dd4c404c71e190e.shtml,https://ylj.suzhou.gov.cn/szsylj/zygk/202502/d5bc941f6d9d4dbc9dd4c404c71e190e/files/71bb89e5f00b4854af65ec5c400d9c8b.docx
太仓市-太45,太仓市,太45,银杏,Ginkgo biloba L.,126,15.5,182,6,城厢镇第一小学,三级,31.383422,121.105441,地区级示意,https://ylj.suzhou.gov.cn/szsylj/zygk/202502/d5bc941f6d9d4dbc9dd4c404c71e190e.shtml,https://ylj.suzhou.gov.cn/szsylj/zygk/202502/d5bc941f6d9d4dbc9dd4c404c71e190e/files/71bb89e5f00b4854af65ec5c400d9c8b.docx
太仓市-太46,太仓市,太46,雪松,Cedrus deodara (Roxb.) G. Don,126,15.5,185,9,颐悦园,三级,31.485106,121.113142,地区级示意,https://ylj.suzhou.gov.cn/szsylj/zygk/202502/d5bc941f6d9d4dbc9dd4c404c71e190e.shtml,https://ylj.suzhou.gov.cn/szsylj/zygk/202502/d5bc941f6d9d4dbc9dd4c404c71e190e/files/71bb89e5f00b4854af65ec5c400d9c8b.docx
太仓市-太47,太仓市,太47,榔榆,Ulmus parvifolia Jacq.,176,20,141,9,弇山园小岛,三级,31.513197,121.080069,地区级示意,https://ylj.suzhou.gov.cn/szsylj/zygk/202502/d5bc941f6d9d4dbc9dd4c404c71e190e.shtml,https://ylj.suzhou.gov.cn/szsylj/zygk/202502/d5bc941f6d9d4dbc9dd4c404c71e190e/files/71bb89e5f00b4854af65ec5c400d9c8b.docx
太仓市-太48,太仓市,太48,朴树,Celtis sinensis Pers.,176,11,185,11,弇山园临池亭,三级,31.419074,121.082065,地区级示意,https://ylj.suzhou.gov.cn/szsylj/zygk/202502/d5bc941f6d9d4dbc9dd4c404c71e190e.shtml,https://ylj.suzhou.gov.cn/szsylj/zygk/202502/d5bc941f6d9d4dbc9dd4c404c71e190e/files/71bb89e5f00b4854af65ec5c400d9c8b.docx
太仓市-太49,太仓市,太49,二球悬铃木,Platanus acerifolia (Aiton) Willd.,126,21,306,10,弇山园回廊亭,三级,31.462058,121.126865,地区级示意,https://ylj.suzhou.gov.cn/szsylj/zygk/202502/d5bc941f6d9d4dbc9dd4c404c71e190e.shtml,https://ylj.suzhou.gov.cn/szsylj/zygk/202502/d5bc941f6d9d4dbc9dd4c404c71e190e/files/71bb89e5f00b4854af65ec5c400d9c8b.docx
太仓市-太50,太仓市,太50,二球悬铃木,Platanus acerifolia (Aiton) Willd.,126,23,261,14,弇山园东南门,三级,31.456776,121.174428,地区级示意,https://ylj.suzhou.gov.cn/szsylj/zygk/202502/d5bc941f6d9d4dbc9dd4c404c71e190e.shtml,https://ylj.suzhou.gov.cn/szsylj/zygk/202502/d5bc941f6d9d4dbc9dd4c404c71e190e/files/71bb89e5f00b4854af65ec5c400d9c8b.docx
太仓市-太51,太仓市,太51,黄杨,Buxus sinica (Rehder & E. H. Wilson) M. Cheng,126,4.7,100,9,新华西路,三级,31.422464,121.144088,地区级示意,https://ylj.suzhou.gov.cn/szsylj/zygk/202502/d5bc941f6d9d4dbc9dd4c404c71e190e.shtml,https://ylj.suzhou.gov.cn/szsylj/zygk/202502/d5bc941f6d9d4dbc9dd4c404c71e190e/files/71bb89e5f00b4854af65ec5c400d9c8b.docx
太仓市-太52,太仓市,太52,银杏,Ginkgo biloba L.,196,13.3,323,5,天津路神堂桥,三级,31.395594,121.17103,地区级示意,https://ylj.suzhou.gov.cn/szsylj/zygk/202502/d5bc941f6d9d4dbc9dd4c404c71e190e.shtml,https://ylj.suzhou.gov.cn/szsylj/zygk/202502/d5bc941f6d9d4dbc9dd4c404c71e190e/files/71bb89e5f00b4854af65ec5c400d9c8b.docx
太仓市-太53,太仓市,太53,银杏,Ginkgo biloba L.,166,9.5,196,7,新东海高尔夫,三级,31.420712,121.157206,地区级示意,https://ylj.suzhou.gov.cn/szsylj/zygk/202502/d5bc941f6d9d4dbc9dd4c404c71e190e.shtml,https://ylj.suzhou.gov.cn/szsylj/zygk/202502/d5bc941f6d9d4dbc9dd4c404c71e190e/files/71bb89e5f00b4854af65ec5c400d9c8b.docx
太仓市-太54,太仓市,太54,银杏,Ginkgo biloba L.,166,11.5,201,8,新东海高尔夫,三级,31.386708,121.137854,地区级示意,https://ylj.suzhou.gov.cn/szsylj/zygk/202502/d5bc941f6d9d4dbc9dd4c404c71e190e.shtml,https://ylj.suzhou.gov.cn/szsylj/zygk/202502/d5bc941f6d9d4dbc9dd4c404c71e190e/files/71bb89e5f00b4854af65ec5c400d9c8b.docx
太仓市-太55,太仓市,太55,银杏,Ginkgo biloba L.,195,13.7,239,12,陆渡街道，小桥村，老年活动中心,三级,31.422444,121.121712,地区级示意,https://ylj.suzhou.gov.cn/szsylj/zygk/202502/d5bc941f6d9d4dbc9dd4c404c71e190e.shtml,https://ylj.suzhou.gov.cn/szsylj/zygk/202502/d5bc941f6d9d4dbc9dd4c404c71e190e/files/71bb89e5f00b4854af65ec5c400d9c8b.docx
太仓市-太56,太仓市,太56,银杏,Ginkgo biloba L.,216,10.6,298,11,利民花园,三级,31.470524,121.132649,地区级示意,https://ylj.suzhou.gov.cn/szsylj/zygk/202502/d5bc941f6d9d4dbc9dd4c404c71e190e.shtml,https://ylj.suzhou.gov.cn/szsylj/zygk/202502/d5bc941f6d9d4dbc9dd4c404c71e190e/files/71bb89e5f00b4854af65ec5c400d9c8b.docx
太仓市-太57,太仓市,太57,银杏,Ginkgo biloba L.,195,18.5,283,11,南郊老街,三级,31.539512,121.154963,地区级示意,https://ylj.suzhou.gov.cn/szsylj/zygk/202502/d5bc941f6d9d4dbc9dd4c404c71e190e.shtml,https://ylj.suzhou.gov.cn/szsylj/zygk/202502/d5bc941f6d9d4dbc9dd4c404c71e190e/files/71bb89e5f00b4854af65ec5c400d9c8b.docx
太仓市-太58,太仓市,太58,银杏,Ginkgo biloba L.,195,16.5,188,8,南郊老街,三级,31.458795,121.052394,地区级示意,https://ylj.suzhou.gov.cn/szsylj/zygk/202502/d5bc941f6d9d4dbc9dd4c404c71e190e.shtml,https://ylj.suzhou.gov.cn/szsylj/zygk/202502/d5bc941f6d9d4dbc9dd4c404c71e190e/files/71bb89e5f00b4854af65ec5c400d9c8b.docx
太仓市-太59,太仓市,太59,银杏,Ginkgo biloba L.,115,10.2,141,7,七夕园,三级,31.406348,121.151501,地区级示意,https://ylj.suzhou.gov.cn/szsylj/zygk/202502/d5bc941f6d9d4dbc9dd4c404c71e190e.shtml,https://ylj.suzhou.gov.cn/szsylj/zygk/202502/d5bc941f6d9d4dbc9dd4c404c71e190e/files/71bb89e5f00b4854af65ec5c400d9c8b.docx
太仓市-太60,太仓市,太60,银杏,Ginkgo biloba L.,215,21.3,236,10,"城厢镇，新丰村8组,龚家庙",三级,31.481527,121.064566,地区级示意,https://ylj.suzhou.gov.cn/szsylj/zygk/202502/d5bc941f6d9d4dbc9dd4c404c71e190e.shtml,https://ylj.suzhou.gov.cn/szsylj/zygk/202502/d5bc941f6d9d4dbc9dd4c404c71e190e/files/71bb89e5f00b4854af65ec5c400d9c8b.docx
太仓市-太61,太仓市,太61,银杏,Ginkgo biloba L.,215,16,220,11,城厢镇，群星村6组猛将堂,三级,31.536931,121.09533,地区级示意,https://ylj.suzhou.gov.cn/szsylj/zygk/202502/d5bc941f6d9d4dbc9dd4c404c71e190e.shtml,https://ylj.suzhou.gov.cn/szsylj/zygk/202502/d5bc941f6d9d4dbc9dd4c404c71e190e/files/71bb89e5f00b4854af65ec5c400d9c8b.docx
太仓市-太62,太仓市,太62,银杏,Ginkgo biloba L.,215,18,232,11,城厢镇，群星村6组猛将堂,三级,31.514676,121.188975,地区级示意,https://ylj.suzhou.gov.cn/szsylj/zygk/202502/d5bc941f6d9d4dbc9dd4c404c71e190e.shtml,https://ylj.suzhou.gov.cn/szsylj/zygk/202502/d5bc941f6d9d4dbc9dd4c404c71e190e/files/71bb89e5f00b4854af65ec5c400d9c8b.docx
太仓市-太64,太仓市,太64,银杏,Ginkgo biloba L.,115,8.8,148,5,城厢镇，新丰村，南广寺,三级,31.507009,121.186001,地区级示意,https://ylj.suzhou.gov.cn/szsylj/zygk/202502/d5bc941f6d9d4dbc9dd4c404c71e190e.shtml,https://ylj.suzhou.gov.cn/szsylj/zygk/202502/d5bc941f6d9d4dbc9dd4c404c71e190e/files/71bb89e5f00b4854af65ec5c400d9c8b.docx
太仓市-太65,太仓市,太65,银杏,Ginkgo biloba L.,265,16,201,6,城厢镇，新丰村，2组无梁殿（太仓领宝防治染有限公司）,三级,31.378663,121.120766,地区级示意,https://ylj.suzhou.gov.cn/szsylj/zygk/202502/d5bc941f6d9d4dbc9dd4c404c71e190e.shtml,https://ylj.suzhou.gov.cn/szsylj/zygk/202502/d5bc941f6d9d4dbc9dd4c404c71e190e/files/71bb89e5f00b4854af65ec5c400d9c8b.docx
太仓市-太66,太仓市,太66,银杏,Ginkgo biloba L.,265,13,283,10,城厢镇，新丰村，2组无梁殿（太仓领宝防治染有限公司）,三级,31.513272,121.080438,地区级示意,https://ylj.suzhou.gov.cn/szsylj/zygk/202502/d5bc941f6d9d4dbc9dd4c404c71e190e.shtml,https://ylj.suzhou.gov.cn/szsylj/zygk/202502/d5bc941f6d9d4dbc9dd4c404c71e190e/files/71bb89e5f00b4854af65ec5c400d9c8b.docx
太仓市-太67,太仓市,太67,银杏,Ginkgo biloba L.,135,15.5,198,7,城厢镇，太丰村2组原村委,三级,31.471755,121.194719,地区级示意,https://ylj.suzhou.gov.cn/szsylj/zygk/202502/d5bc941f6d9d4dbc9dd4c404c71e190e.shtml,https://ylj.suzhou.gov.cn/szsylj/zygk/202502/d5bc941f6d9d4dbc9dd4c404c71e190e/files/71bb89e5f00b4854af65ec5c400d9c8b.docx
太仓市-太68,太仓市,太68,银杏,Ginkgo biloba L.,135,14.3,193,7,城厢镇，太丰村2组原村委,三级,31.528071,121.15557,地区级示意,https://ylj.suzhou.gov.cn/szsylj/zygk/202502/d5bc941f6d9d4dbc9dd4c404c71e190e.shtml,https://ylj.suzhou.gov.cn/szsylj/zygk/202502/d5bc941f6d9d4dbc9dd4c404c71e190e/files/71bb89e5f00b4854af65ec5c400d9c8b.docx
太仓市-太69,太仓市,太69,银杏,Ginkgo biloba L.,165,5,236,4,工业大厦南侧,三级,31.529795,121.143649,地区级示意,https://ylj.suzhou.gov.cn/szsylj/zygk/202502/d5bc941f6d9d4dbc9dd4c404c71e190e.shtml,https://ylj.suzhou.gov.cn/szsylj/zygk/202502/d5bc941f6d9d4dbc9dd4c404c71e190e/files/71bb89e5f00b4854af65ec5c400d9c8b.docx
太仓市-太70,太仓市,太70,银杏,Ginkgo biloba L.,165,7.5,207,6,工业大厦南侧,三级,31.41797,121.08136,地区级示意,https://ylj.suzhou.gov.cn/szsylj/zygk/202502/d5bc941f6d9d4dbc9dd4c404c71e190e.shtml,https://ylj.suzhou.gov.cn/szsylj/zygk/202502/d5bc941f6d9d4dbc9dd4c404c71e190e/files/71bb89e5f00b4854af65ec5c400d9c8b.docx
太仓市-太72,太仓市,太72,紫薇,Lagerstroemia indica L.,115,7.5,162,10,浏河镇，明德高级中学（吴健雄墓园）,三级,31.499402,121.182056,地区级示意,https://ylj.suzhou.gov.cn/szsylj/zygk/202502/d5bc941f6d9d4dbc9dd4c404c71e190e.shtml,https://ylj.suzhou.gov.cn/szsylj/zygk/202502/d5bc941f6d9d4dbc9dd4c404c71e190e/files/71bb89e5f00b4854af65ec5c400d9c8b.docx
太仓市-太74,太仓市,太74,银杏,Ginkgo biloba L.,345,13.8,239,7,浏河镇，新闸村14组朱泾庙,二级,31.467447,121.206354,地区级示意,https://ylj.suzhou.gov.cn/szsylj/zygk/202502/d5bc941f6d9d4dbc9dd4c404c71e190e.shtml,https://ylj.suzhou.gov.cn/szsylj/zygk/202502/d5bc941f6d9d4dbc9dd4c404c71e190e/files/71bb89e5f00b4854af65ec5c400d9c8b.docx
太仓市-太75,太仓市,太75,银杏,Ginkgo biloba L.,165,9,189,8,双凤镇，维新村2组毛观音堂,三级,31.467995,121.061595,地区级示意,https://ylj.suzhou.gov.cn/szsylj/zygk/202502/d5bc941f6d9d4dbc9dd4c404c71e190e.shtml,https://ylj.suzhou.gov.cn/szsylj/zygk/202502/d5bc941f6d9d4dbc9dd4c404c71e190e/files/71bb89e5f00b4854af65ec5c400d9c8b.docx
太仓市-太76,太仓市,太76,银杏,Ginkgo biloba L.,125,12.5,127,5,双凤镇，湖川村8组，新湖印染厂,三级,31.395227,121.173476,地区级示意,https://ylj.suzhou.gov.cn/szsylj/zygk/202502/d5bc941f6d9d4dbc9dd4c404c71e190e.shtml,https://ylj.suzhou.gov.cn/szsylj/zygk/202502/d5bc941f6d9d4dbc9dd4c404c71e190e/files/71bb89e5f00b4854af65ec5c400d9c8b.docx
太仓市-太77,太仓市,太77,银杏,Ginkgo biloba L.,125,17.2,176,10,双凤镇，湖川村8组，新湖印染厂,三级,31.420259,121.138419,地区级示意,https://ylj.suzhou.gov.cn/szsylj/zygk/202502/d5bc941f6d9d4dbc9dd4c404c71e190e.shtml,https://ylj.suzhou.gov.cn/szsylj/zygk/202502/d5bc941f6d9d4dbc9dd4c404c71e190e/files/71bb89e5f00b4854af65ec5c400d9c8b.docx
太仓市-太78,太仓市,太78,银杏,Ginkgo biloba L.,125,14.5,153,9,双凤镇，湖川村8组，新湖印染厂,三级,31.396489,121.169628,地区级示意,https://ylj.suzhou.gov.cn/szsylj/zygk/202502/d5bc941f6d9d4dbc9dd4c404c71e190e.shtml,https://ylj.suzhou.gov.cn/szsylj/zygk/202502/d5bc941f6d9d4dbc9dd4c404c71e190e/files/71bb89e5f00b4854af65ec5c400d9c8b.docx
太仓市-太79,太仓市,太79,银杏,Ginkgo biloba L.,125,17.3,182,9,双凤镇，湖川村8组，新湖印染厂,三级,31.487206,121.058674,地区级示意,https://ylj.suzhou.gov.cn/szsylj/zygk/202502/d5bc941f6d9d4dbc9dd4c404c71e190e.shtml,https://ylj.suzhou.gov.cn/szsylj/zygk/202502/d5bc941f6d9d4dbc9dd4c404c71e190e/files/71bb89e5f00b4854af65ec5c400d9c8b.docx
太仓市-太80,太仓市,太80,银杏,Ginkgo biloba L.,125,15.8,149,7,双凤镇，湖川村8组，新湖印染厂,三级,31.535464,121.114353,地区级示意,https://ylj.suzhou.gov.cn/szsylj/zygk/202502/d5bc941f6d9d4dbc9dd4c404c71e190e.shtml,https://ylj.suzhou.gov.cn/szsylj/zygk/202502/d5bc941f6d9d4dbc9dd4c404c71e190e/files/71bb89e5f00b4854af65ec5c400d9c8b.docx
太仓市-太81,太仓市,太81,银杏,Ginkgo biloba L.,125,18,173,8,双凤镇，湖川村8组，新湖印染厂,三级,31.509616,121.070478,地区级示意,https://ylj.suzhou.gov.cn/szsylj/zygk/202502/d5bc941f6d9d4dbc9dd4c404c71e190e.shtml,https://ylj.suzhou.gov.cn/szsylj/zygk/202502/d5bc941f6d9d4dbc9dd4c404c71e190e/files/71bb89e5f00b4854af65ec5c400d9c8b.docx
太仓市-太82,太仓市,太82,银杏,Ginkgo biloba L.,125,18.8,180,7,双凤镇，湖川村8组，新湖印染厂,三级,31.491314,121.177222,地区级示意,https://ylj.suzhou.gov.cn/szsylj/zygk/202502/d5bc941f6d9d4dbc9dd4c404c71e190e.shtml,https://ylj.suzhou.gov.cn/szsylj/zygk/202502/d5bc941f6d9d4dbc9dd4c404c71e190e/files/71bb89e5f00b4854af65ec5c400d9c8b.docx
太仓市-太83,太仓市,太83,银杏,Ginkgo biloba L.,120,18.5,157,6,双凤镇，湖川村8组，新湖印染厂,三级,31.532603,121.154446,地区级示意,https://ylj.suzhou.gov.cn/szsylj/zygk/202502/d5bc941f6d9d4dbc9dd4c404c71e190e.shtml,https://ylj.suzhou.gov.cn/szsylj/zygk/202502/d5bc941f6d9d4dbc9dd4c404c71e190e/files/71bb89e5f00b4854af65ec5c400d9c8b.docx
太仓市-太84,太仓市,太84,银杏,Ginkgo biloba L.,315,17.5,353,9,双凤镇，湖川村8组，新湖印染厂,二级,31.543884,121.145106,地区级示意,https://ylj.suzhou.gov.cn/szsylj/zygk/202502/d5bc941f6d9d4dbc9dd4c404c71e190e.shtml,https://ylj.suzhou.gov.cn/szsylj/zygk/202502/d5bc941f6d9d4dbc9dd4c404c71e190e/files/71bb89e5f00b4854af65ec5c400d9c8b.docx
太仓市-太86,太仓市,太86,银杏,Ginkgo biloba L.,195,11,201,8,双凤镇，新杨村，14组苏州恒宇管桩有限公司,三级,31.431622,121.130107,地区级示意,https://ylj.suzhou.gov.cn/szsylj/zygk/202502/d5bc941f6d9d4dbc9dd4c404c71e190e.shtml,https://ylj.suzhou.gov.cn/szsylj/zygk/202502/d5bc941f6d9d4dbc9dd4c404c71e190e/files/71bb89e5f00b4854af65ec5c400d9c8b.docx
太仓市-太87,太仓市,太87,银杏,Ginkgo biloba L.,135,14,156,7,双凤镇，凤新村1组，张纪芳庙,三级,31.457733,121.117685,地区级示意,https://ylj.suzhou.gov.cn/szsylj/zygk/202502/d5bc941f6d9d4dbc9dd4c404c71e190e.shtml,https://ylj.suzhou.gov.cn/szsylj/zygk/202502/d5bc941f6d9d4dbc9dd4c404c71e190e/files/71bb89e5f00b4854af65ec5c400d9c8b.docx
太仓市-太90,太仓市,太90,黄杨,Buxus sinica (Rehder & E. H. Wilson) M. Cheng,315,6.7,97,5,双凤镇，双凤中心小学,二级,31.439466,121.103661,地区级示意,https://ylj.suzhou.gov.cn/szsylj/zygk/202502/d5bc941f6d9d4dbc9dd4c404c71e190e.shtml,https://ylj.suzhou.gov.cn/szsylj/zygk/202502/d5bc941f6d9d4dbc9dd4c404c71e190e/files/71bb89e5f00b4854af65ec5c400d9c8b.docx
太仓市-太91,太仓市,太91,银杏,Ginkgo biloba L.,215,18.8,218,9,沙溪镇，中荷村15组，观音堂,三级,31.440838,121.089114,地区级示意,https://ylj.suzhou.gov.cn/szsylj/zygk/202502/d5bc941f6d9d4dbc9dd4c404c71e190e.shtml,https://ylj.suzhou.gov.cn/szsylj/zygk/202502/d5bc941f6d9d4dbc9dd4c404c71e190e/files/71bb89e5f00b4854af65ec5c400d9c8b.docx
太仓市-太92,太仓市,太92,银杏,Ginkgo biloba L.,215,13.2,145,10,沙溪镇，中荷村15组，观音堂,三级,31.451946,121.181588,地区级示意,https://ylj.suzhou.gov.cn/szsylj/zygk/202502/d5bc941f6d9d4dbc9dd4c404c71e190e.shtml,https://ylj.suzhou.gov.cn/szsylj/zygk/202502/d5bc941f6d9d4dbc9dd4c404c71e190e/files/71bb89e5f00b4854af65ec5c400d9c8b.docx
太仓市-太93,太仓市,太93,银杏,Ginkgo biloba L.,415,15.3,408,13,沙溪镇，沙溪中学,二级,31.473621,121.074292,地区级示意,https://ylj.suzhou.gov.cn/szsylj/zygk/202502/d5bc941f6d9d4dbc9dd4c404c71e190e.shtml,https://ylj.suzhou.gov.cn/szsylj/zygk/202502/d5bc941f6d9d4dbc9dd4c404c71e190e/files/71bb89e5f00b4854af65ec5c400d9c8b.docx
太仓市-太94,太仓市,太94,枸骨,Ilex cornuta Lindl. & Paxton,135,5.6,107,4,沙溪镇，沙溪中学,三级,31.456477,121.20178,地区级示意,https://ylj.suzhou.gov.cn/szsylj/zygk/202502/d5bc941f6d9d4dbc9dd4c404c71e190e.shtml,https://ylj.suzhou.gov.cn/szsylj/zygk/202502/d5bc941f6d9d4dbc9dd4c404c71e190e/files/71bb89e5f00b4854af65ec5c400d9c8b.docx
太仓市-太95,太仓市,太95,银杏,Ginkgo biloba L.,215,19.5,288,12,沙溪镇，南弄桥边,三级,31.376756,121.145555,地区级示意,https://ylj.suzhou.gov.cn/szsylj/zygk/202502/d5bc941f6d9d4dbc9dd4c404c71e190e.shtml,https://ylj.suzhou.gov.cn/szsylj/zygk/202502/d5bc941f6d9d4dbc9dd4c404c71e190e/files/71bb89e5f00b4854af65ec5c400d9c8b.docx
太仓市-太96,太仓市,太96,银杏,Ginkgo biloba L.,315,23.5,293,13,沙溪镇，猛将堂,二级,31.488936,121.069862,地区级示意,https://ylj.suzhou.gov.cn/szsylj/zygk/202502/d5bc941f6d9d4dbc9dd4c404c71e190e.shtml,https://ylj.suzhou.gov.cn/szsylj/zygk/202502/d5bc941f6d9d4dbc9dd4c404c71e190e/files/71bb89e5f00b4854af65ec5c400d9c8b.docx
太仓市-太97,太仓市,太97,黄杨,Buxus sinica (Rehder & E. H. Wilson) M. Cheng,115,5.5,80,5,沙溪镇，昭衍路百花香园,三级,31.457982,121.119239,地区级示意,https://ylj.suzhou.gov.cn/szsylj/zygk/202502/d5bc941f6d9d4dbc9dd4c404c71e190e.shtml,https://ylj.suzhou.gov.cn/szsylj/zygk/202502/d5bc941f6d9d4dbc9dd4c404c71e190e/files/71bb89e5f00b4854af65ec5c400d9c8b.docx
太仓市-太98,太仓市,太98,银杏,Ginkgo biloba L.,315,16.3,315,10,沙溪镇，岳星村16组，徐达宝殿,二级,31.443395,121.143427,地区级示意,https://ylj.suzhou.gov.cn/szsylj/zygk/202502/d5bc941f6d9d4dbc9dd4c404c71e190e.shtml,https://ylj.suzhou.gov.cn/szsylj/zygk/202502/d5bc941f6d9d4dbc9dd4c404c71e190e/files/71bb89e5f00b4854af65ec5c400d9c8b.docx
太仓市-太100,太仓市,太100,银杏,Ginkgo biloba L.,135,18.5,251,8,浮桥镇，申江路5号四方友信公司,三级,31.463314,121.079931,地区级示意,https://ylj.suzhou.gov.cn/szsylj/zygk/202502/d5bc941f6d9d4dbc9dd4c404c71e190e.shtml,https://ylj.suzhou.gov.cn/szsylj/zygk/202502/d5bc941f6d9d4dbc9dd4c404c71e190e/files/71bb89e5f00b4854af65ec5c400d9c8b.docx
太仓市-太101,太仓市,太101,银杏,Ginkgo biloba L.,135,18.6,304,18,浮桥镇，新仓村3组，新仓庙,三级,31.469025,121.073018,地区级示意,https://ylj.suzhou.gov.cn/szsylj/zygk/202502/d5bc941f6d9d4dbc9dd4c404c71e190e.shtml,https://ylj.suzhou.gov.cn/szsylj/zygk/202502/d5bc941f6d9d4dbc9dd4c404c71e190e/files/71bb89e5f00b4854af65ec5c400d9c8b.docx
太仓市-太102,太仓市,太102,银杏,Ginkgo biloba L.,135,20,287,13,浮桥镇，新仓村3组，新仓庙,三级,31.469213,121.109037,地区级示意,https://ylj.suzhou.gov.cn/szsylj/zygk/202502/d5bc941f6d9d4dbc9dd4c404c71e190e.shtml,https://ylj.suzhou.gov.cn/szsylj/zygk/202502/d5bc941f6d9d4dbc9dd4c404c71e190e/files/71bb89e5f00b4854af65ec5c400d9c8b.docx
太仓市-太104,太仓市,太104,银杏,Ginkgo biloba L.,810,18.8,399,15,浮桥镇，三市村，三家市古村落,一级,31.430877,121.175641,地区级示意,https://ylj.suzhou.gov.cn/szsylj/zygk/202502/d5bc941f6d9d4dbc9dd4c404c71e190e.shtml,https://ylj.suzhou.gov.cn/szsylj/zygk/202502/d5bc941f6d9d4dbc9dd4c404c71e190e/files/71bb89e5f00b4854af65ec5c400d9c8b.docx
太仓市-太105,太仓市,太105,银杏,Ginkgo biloba L.,215,11.2,207,5,浮桥镇，建红村，同觉寺,三级,31.509083,121.088121,地区级示意,https://ylj.suzhou.gov.cn/szsylj/zygk/202502/d5bc941f6d9d4dbc9dd4c404c71e190e.shtml,https://ylj.suzhou.gov.cn/szsylj/zygk/202502/d5bc941f6d9d4dbc9dd4c404c71e190e/files/71bb89e5f00b4854af65ec5c400d9c8b.docx
太仓市-太106,太仓市,太106,银杏,Ginkgo biloba L.,115,16,182,9,浮桥镇，方桥村，红绿庵,三级,31.447286,121.05994,地区级示意,https://ylj.suzhou.gov.cn/szsylj/zygk/202502/d5bc941f6d9d4dbc9dd4c404c71e190e.shtml,https://ylj.suzhou.gov.cn/szsylj/zygk/202502/d5bc941f6d9d4dbc9dd4c404c71e190e/files/71bb89e5f00b4854af65ec5c400d9c8b.docx
太仓市-太107,太仓市,太107,银杏,Ginkgo biloba L.,115,15.3,180,11,浮桥镇，方桥村，红绿庵,三级,31.481626,121.19945,地区级示意,https://ylj.suzhou.gov.cn/szsylj/zygk/202502/d5bc941f6d9d4dbc9dd4c404c71e190e.shtml,https://ylj.suzhou.gov.cn/szsylj/zygk/202502/d5bc941f6d9d4dbc9dd4c404c71e190e/files/71bb89e5f00b4854af65ec5c400d9c8b.docx
太仓市-太108,太仓市,太108,银杏,Ginkgo biloba L.,115,17.5,223,14,浮桥镇，茜泾村，南岳庙千茜社区流茜路东,三级,31.515439,121.075047,地区级示意,https://ylj.suzhou.gov.cn/szsylj/zygk/202502/d5bc941f6d9d4dbc9dd4c404c71e190e.shtml,https://ylj.suzhou.gov.cn/szsylj/zygk/202502/d5bc941f6d9d4dbc9dd4c404c71e190e/files/71bb89e5f00b4854af65ec5c400d9c8b.docx
太仓市-太110,太仓市,太110,银杏,Ginkgo biloba L.,115,16.2,164,9,浮桥镇，中燕村3组，吴泾庙,三级,31.431518,121.062735,地区级示意,https://ylj.suzhou.gov.cn/szsylj/zygk/202502/d5bc941f6d9d4dbc9dd4c404c71e190e.shtml,https://ylj.suzhou.gov.cn/szsylj/zygk/202502/d5bc941f6d9d4dbc9dd4c404c71e190e/files/71bb89e5f00b4854af65ec5c400d9c8b.docx
太仓市-太111,太仓市,太111,银杏,Ginkgo biloba L.,265,12,295,11,浮桥镇，中燕村3组，吴泾庙,三级,31.395669,121.141788,地区级示意,https://ylj.suzhou.gov.cn/szsylj/zygk/202502/d5bc941f6d9d4dbc9dd4c404c71e190e.shtml,https://ylj.suzhou.gov.cn/szsylj/zygk/202502/d5bc941f6d9d4dbc9dd4c404c71e190e/files/71bb89e5f00b4854af65ec5c400d9c8b.docx
太仓市-太112,太仓市,太112,银杏,Ginkgo biloba L.,335,16,340,12,浮桥镇，三里村7组，百家庙,二级,31.447354,121.113921,地区级示意,https://ylj.suzhou.gov.cn/szsylj/zygk/202502/d5bc941f6d9d4dbc9dd4c404c71e190e.shtml,https://ylj.suzhou.gov.cn/szsylj/zygk/202502/d5bc941f6d9d4dbc9dd4c404c71e190e/files/71bb89e5f00b4854af65ec5c400d9c8b.docx
太仓市-太113,太仓市,太113,银杏,Ginkgo biloba L.,190,15,190,8,浮桥镇，三里村7组，百家庙,三级,31.40864,121.159389,地区级示意,https://ylj.suzhou.gov.cn/szsylj/zygk/202502/d5bc941f6d9d4dbc9dd4c404c71e190e.shtml,https://ylj.suzhou.gov.cn/szsylj/zygk/202502/d5bc941f6d9d4dbc9dd4c404c71e190e/files/71bb89e5f00b4854af65ec5c400d9c8b.docx
太仓市-太114,太仓市,太114,银杏,Ginkgo biloba L.,195,14.5,212,10,浮桥镇，三里村7组，百家庙,三级,31.41922,121.153606,地区级示意,https://ylj.suzhou.gov.cn/szsylj/zygk/202502/d5bc941f6d9d4dbc9dd4c404c71e190e.shtml,https://ylj.suzhou.gov.cn/szsylj/zygk/202502/d5bc941f6d9d4dbc9dd4c404c71e190e/files/71bb89e5f00b4854af65ec5c400d9c8b.docx
太仓市-太115,太仓市,太115,银杏,Ginkgo biloba L.,415,21.5,340,14,璜泾镇，老雅鹿集团门口,二级,31.503397,121.123858,地区级示意,https://ylj.suzhou.gov.cn/szsylj/zygk/202502/d5bc941f6d9d4dbc9dd4c404c71e190e.shtml,https://ylj.suzhou.gov.cn/szsylj/zygk/202502/d5bc941f6d9d4dbc9dd4c404c71e190e/files/71bb89e5f00b4854af65ec5c400d9c8b.docx
太仓市-太116,太仓市,太116,银杏,Ginkgo biloba L.,165,22,294,16,璜泾镇，玄檀庙,三级,31.486942,121.116868,地区级示意,https://ylj.suzhou.gov.cn/szsylj/zygk/202502/d5bc941f6d9d4dbc9dd4c404c71e190e.shtml,https://ylj.suzhou.gov.cn/szsylj/zygk/202502/d5bc941f6d9d4dbc9dd4c404c71e190e/files/71bb89e5f00b4854af65ec5c400d9c8b.docx
太仓市-太117,太仓市,太117,黄杨,Buxus sinica (Rehder & E. H. Wilson) M. Cheng,165,7.9,96,7,璜泾镇，新风街36号,三级,31.469691,121.064682,地区级示意,https://ylj.suzhou.gov.cn/szsylj/zygk/202502/d5bc941f6d9d4dbc9dd4c404c71e190e.shtml,https://ylj.suzhou.gov.cn/szsylj/zygk/202502/d5bc941f6d9d4dbc9dd4c404c71e190e/files/71bb89e5f00b4854af65ec5c400d9c8b.docx
太仓市-太118,太仓市,太118,木樨,Osmanthus fragrans Lour.,110,8,123,7,沙溪镇，恩钿月季公园,三级,31.45706,121.171774,地区级示意,https://ylj.suzhou.gov.cn/szsylj/zygk/202502/d5bc941f6d9d4dbc9dd4c404c71e190e.shtml,https://ylj.suzhou.gov.cn/szsylj/zygk/202502/d5bc941f6d9d4dbc9dd4c404c71e190e/files/71bb89e5f00b4854af65ec5c400d9c8b.docx
太仓市-太119,太仓市,太119,木樨,Osmanthus fragrans Lour.,110,8.5,119,6,沙溪镇，恩钿月季公园,三级,31.442275,121.088917,地区级示意,https://ylj.suzhou.gov.cn/szsylj/zygk/202502/d5bc941f6d9d4dbc9dd4c404c71e190e.shtml,https://ylj.suzhou.gov.cn/szsylj/zygk/202502/d5bc941f6d9d4dbc9dd4c404c71e190e/files/71bb89e5f00b4854af65ec5c400d9c8b.docx
太仓市-太120,太仓市,太120,木樨,Osmanthus fragrans Lour.,110,7.5,123,6,沙溪镇，恩钿月季公园,三级,31.544237,121.130439,地区级示意,https://ylj.suzhou.gov.cn/szsylj/zygk/202502/d5bc941f6d9d4dbc9dd4c404c71e190e.shtml,https://ylj.suzhou.gov.cn/szsylj/zygk/202502/d5bc941f6d9d4dbc9dd4c404c71e190e/files/71bb89e5f00b4854af65ec5c400d9c8b.docx
太仓市-太121,太仓市,太121,木樨,Osmanthus fragrans Lour.,110,6.5,101,5,沙溪镇，恩钿月季公园,三级,31.431896,121.138708,地区级示意,https://ylj.suzhou.gov.cn/szsylj/zygk/202502/d5bc941f6d9d4dbc9dd4c404c71e190e.shtml,https://ylj.suzhou.gov.cn/szsylj/zygk/202502/d5bc941f6d9d4dbc9dd4c404c71e190e/files/71bb89e5f00b4854af65ec5c400d9c8b.docx
太仓市-太122,太仓市,太122,银杏,Ginkgo biloba L.,211,17,305,10,菽园,三级,31.524174,121.101942,地区级示意,https://ylj.suzhou.gov.cn/szsylj/zygk/202502/d5bc941f6d9d4dbc9dd4c404c71e190e.shtml,https://ylj.suzhou.gov.cn/szsylj/zygk/202502/d5bc941f6d9d4dbc9dd4c404c71e190e/files/71bb89e5f00b4854af65ec5c400d9c8b.docx
昆山市-昆1,昆山市,昆1,银杏,Ginkgo biloba L.,1016,32,408,19,亭林园玉峰牌楼上山路口,一级,31.307108,121.026998,地区级示意,https://ylj.suzhou.gov.cn/szsylj/zygk/202502/0838e48f2ab44181a0bdc6bffcbe616f.shtml,https://ylj.suzhou.gov.cn/szsylj/zygk/202502/0838e48f2ab44181a0bdc6bffcbe616f/files/5684e08ec2f241519675874fea4132c2.docx
昆山市-昆2,昆山市,昆2,黄连木,Pistacia chinensis Bunge,136,19,202,17,亭林园箓竹居休闲区内,三级,31.354548,121.088623,地区级示意,https://ylj.suzhou.gov.cn/szsylj/zygk/202502/0838e48f2ab44181a0bdc6bffcbe616f.shtml,https://ylj.suzhou.gov.cn/szsylj/zygk/202502/0838e48f2ab44181a0bdc6bffcbe616f/files/5684e08ec2f241519675874fea4132c2.docx
昆山市-昆3,昆山市,昆3,紫藤,Wisteria sinensis (Sims) Sweet,516,4,157,12,亭林园正门处入门花架,一级,31.319101,121.037585,地区级示意,https://ylj.suzhou.gov.cn/szsylj/zygk/202502/0838e48f2ab44181a0bdc6bffcbe616f.shtml,https://ylj.suzhou.gov.cn/szsylj/zygk/202502/0838e48f2ab44181a0bdc6bffcbe616f/files/5684e08ec2f241519675874fea4132c2.docx
昆山市-昆4,昆山市,昆4,紫薇,Lagerstroemia indica L.,366,9.2,131,7,亭林园大门内琼花东北部,二级,31.409128,121.084008,地区级示意,https://ylj.suzhou.gov.cn/szsylj/zygk/202502/0838e48f2ab44181a0bdc6bffcbe616f.shtml,https://ylj.suzhou.gov.cn/szsylj/zygk/202502/0838e48f2ab44181a0bdc6bffcbe616f/files/5684e08ec2f241519675874fea4132c2.docx
昆山市-昆5,昆山市,昆5,紫薇,Lagerstroemia indica L.,216,4.3,48,5,亭林园大门内琼花西北部,三级,31.317714,120.98321,地区级示意,https://ylj.suzhou.gov.cn/szsylj/zygk/202502/0838e48f2ab44181a0bdc6bffcbe616f.shtml,https://ylj.suzhou.gov.cn/szsylj/zygk/202502/0838e48f2ab44181a0bdc6bffcbe616f/files/5684e08ec2f241519675874fea4132c2.docx
昆山市-昆6,昆山市,昆6,圆柏,Juniperus chinensis Roxb.,306,12.9,132,6,亭林园顾炎武纪念馆西南,二级,31.410372,120.937721,地区级示意,https://ylj.suzhou.gov.cn/szsylj/zygk/202502/0838e48f2ab44181a0bdc6bffcbe616f.shtml,https://ylj.suzhou.gov.cn/szsylj/zygk/202502/0838e48f2ab44181a0bdc6bffcbe616f/files/5684e08ec2f241519675874fea4132c2.docx
昆山市-昆7,昆山市,昆7,荷花玉兰,Magnolia grandiflora L.,126,19.8,260,14,亭林园正门内,三级,31.421284,120.990664,地区级示意,https://ylj.suzhou.gov.cn/szsylj/zygk/202502/0838e48f2ab44181a0bdc6bffcbe616f.shtml,https://ylj.suzhou.gov.cn/szsylj/zygk/202502/0838e48f2ab44181a0bdc6bffcbe616f/files/5684e08ec2f241519675874fea4132c2.docx
昆山市-昆8,昆山市,昆8,荷花玉兰,Magnolia grandiflora L.,126,13.3,311,12,亭林园正门内琼花东侧,三级,31.393304,120.948991,地区级示意,https://ylj.suzhou.gov.cn/szsylj/zygk/202502/0838e48f2ab44181a0bdc6bffcbe616f.shtml,https://ylj.suzhou.gov.cn/szsylj/zygk/202502/0838e48f2ab44181a0bdc6bffcbe616f/files/5684e08ec2f241519675874fea4132c2.docx
昆山市-昆9,昆山市,昆9,罗汉松,Podocarpus macrophyllus (Thunb.) Sweet,416,7.2,116,9,亭林园正门内,二级,31.410251,120.976714,地区级示意,https://ylj.suzhou.gov.cn/szsylj/zygk/202502/0838e48f2ab44181a0bdc6bffcbe616f.shtml,https://ylj.suzhou.gov.cn/szsylj/zygk/202502/0838e48f2ab44181a0bdc6bffcbe616f/files/5684e08ec2f241519675874fea4132c2.docx
昆山市-昆10,昆山市,昆10,琼花,Viburnum keteleeri Carrière,316,6.4,229,11,亭林园正门内,二级,31.446538,120.952318,地区级示意,https://ylj.suzhou.gov.cn/szsylj/zygk/202502/0838e48f2ab44181a0bdc6bffcbe616f.shtml,https://ylj.suzhou.gov.cn/szsylj/zygk/202502/0838e48f2ab44181a0bdc6bffcbe616f/files/5684e08ec2f241519675874fea4132c2.docx
昆山市-昆11,昆山市,昆11,罗汉松,Podocarpus macrophyllus (Thunb.) Sweet,416,9.4,119,6,亭林园正门内,二级,31.32168,120.907859,地区级示意,https://ylj.suzhou.gov.cn/szsylj/zygk/202502/0838e48f2ab44181a0bdc6bffcbe616f.shtml,https://ylj.suzhou.gov.cn/szsylj/zygk/202502/0838e48f2ab44181a0bdc6bffcbe616f/files/5684e08ec2f241519675874fea4132c2.docx
昆山市-昆12,昆山市,昆12,女贞,Ligustrum lucidum W. T. Aiton,181,11.2,85,9,亭林园顾鼎臣祠堂南侧,三级,31.392619,121.058779,地区级示意,https://ylj.suzhou.gov.cn/szsylj/zygk/202502/0838e48f2ab44181a0bdc6bffcbe616f.shtml,https://ylj.suzhou.gov.cn/szsylj/zygk/202502/0838e48f2ab44181a0bdc6bffcbe616f/files/5684e08ec2f241519675874fea4132c2.docx
昆山市-昆15,昆山市,昆15,枫杨,Pterocarya stenoptera C. DC.,136,18.5,308,19,亭林园昆曲博物馆馆内东侧,三级,31.378073,120.952458,地区级示意,https://ylj.suzhou.gov.cn/szsylj/zygk/202502/0838e48f2ab44181a0bdc6bffcbe616f.shtml,https://ylj.suzhou.gov.cn/szsylj/zygk/202502/0838e48f2ab44181a0bdc6bffcbe616f/files/5684e08ec2f241519675874fea4132c2.docx
昆山市-昆16,昆山市,昆16,枫杨,Pterocarya stenoptera C. DC.,136,18.5,270,20,亭林园昆曲博物馆馆内西侧,三级,31.389773,121.069048,地区级示意,https://ylj.suzhou.gov.cn/szsylj/zygk/202502/0838e48f2ab44181a0bdc6bffcbe616f.shtml,https://ylj.suzhou.gov.cn/szsylj/zygk/202502/0838e48f2ab44181a0bdc6bffcbe616f/files/5684e08ec2f241519675874fea4132c2.docx
昆山市-昆17,昆山市,昆17,朴树,Celtis sinensis Pers.,216,20.5,261,15,亭林园顾炎武纪念馆内,三级,31.355373,120.952177,地区级示意,https://ylj.suzhou.gov.cn/szsylj/zygk/202502/0838e48f2ab44181a0bdc6bffcbe616f.shtml,https://ylj.suzhou.gov.cn/szsylj/zygk/202502/0838e48f2ab44181a0bdc6bffcbe616f/files/5684e08ec2f241519675874fea4132c2.docx
昆山市-昆18,昆山市,昆18,紫薇,Lagerstroemia indica L.,616,8,66,5,亭林园顾炎武塑像后,一级,31.381978,120.87933,地区级示意,https://ylj.suzhou.gov.cn/szsylj/zygk/202502/0838e48f2ab44181a0bdc6bffcbe616f.shtml,https://ylj.suzhou.gov.cn/szsylj/zygk/202502/0838e48f2ab44181a0bdc6bffcbe616f/files/5684e08ec2f241519675874fea4132c2.docx
昆山市-昆20,昆山市,昆20,大叶榉树,Zelkova schneideriana Hand.-Mazz.,266,20.5,192,16,亭林园导览图北面草坪上,三级,31.349027,120.9168,地区级示意,https://ylj.suzhou.gov.cn/szsylj/zygk/202502/0838e48f2ab44181a0bdc6bffcbe616f.shtml,https://ylj.suzhou.gov.cn/szsylj/zygk/202502/0838e48f2ab44181a0bdc6bffcbe616f/files/5684e08ec2f241519675874fea4132c2.docx
昆山市-昆21,昆山市,昆21,木樨,Osmanthus fragrans Lour.,466,8.3,60,7,亭林园顾鼎臣祠堂内,二级,31.367921,121.056414,地区级示意,https://ylj.suzhou.gov.cn/szsylj/zygk/202502/0838e48f2ab44181a0bdc6bffcbe616f.shtml,https://ylj.suzhou.gov.cn/szsylj/zygk/202502/0838e48f2ab44181a0bdc6bffcbe616f/files/5684e08ec2f241519675874fea4132c2.docx
昆山市-昆26,昆山市,昆26,大叶榉树,Zelkova schneideriana Hand.-Mazz.,266,19.5,158,11,亭林园导览图北面草坪上,三级,31.34179,121.044707,地区级示意,https://ylj.suzhou.gov.cn/szsylj/zygk/202502/0838e48f2ab44181a0bdc6bffcbe616f.shtml,https://ylj.suzhou.gov.cn/szsylj/zygk/202502/0838e48f2ab44181a0bdc6bffcbe616f/files/5684e08ec2f241519675874fea4132c2.docx
昆山市-昆27,昆山市,昆27,圆柏,Juniperus chinensis Roxb.,126,17,104,5,亭林园顾炎武纪念馆西南,三级,31.405113,121.046045,地区级示意,https://ylj.suzhou.gov.cn/szsylj/zygk/202502/0838e48f2ab44181a0bdc6bffcbe616f.shtml,https://ylj.suzhou.gov.cn/szsylj/zygk/202502/0838e48f2ab44181a0bdc6bffcbe616f/files/5684e08ec2f241519675874fea4132c2.docx
昆山市-昆28,昆山市,昆28,圆柏,Juniperus chinensis Roxb.,116,13,76,4,亭林园顾炎武纪念馆西南,三级,31.380626,121.038868,地区级示意,https://ylj.suzhou.gov.cn/szsylj/zygk/202502/0838e48f2ab44181a0bdc6bffcbe616f.shtml,https://ylj.suzhou.gov.cn/szsylj/zygk/202502/0838e48f2ab44181a0bdc6bffcbe616f/files/5684e08ec2f241519675874fea4132c2.docx
昆山市-昆29,昆山市,昆29,圆柏,Juniperus chinensis Roxb.,126,13.5,110,5,亭林园顾炎武纪念馆西南,三级,31.367943,121.0351,地区级示意,https://ylj.suzhou.gov.cn/szsylj/zygk/202502/0838e48f2ab44181a0bdc6bffcbe616f.shtml,https://ylj.suzhou.gov.cn/szsylj/zygk/202502/0838e48f2ab44181a0bdc6bffcbe616f/files/5684e08ec2f241519675874fea4132c2.docx
昆山市-昆30,昆山市,昆30,圆柏,Juniperus chinensis Roxb.,116,16,104,6,亭林园顾炎武纪念馆西南侧,三级,31.413638,121.042404,地区级示意,https://ylj.suzhou.gov.cn/szsylj/zygk/202502/0838e48f2ab44181a0bdc6bffcbe616f.shtml,https://ylj.suzhou.gov.cn/szsylj/zygk/202502/0838e48f2ab44181a0bdc6bffcbe616f/files/5684e08ec2f241519675874fea4132c2.docx
昆山市-昆31,昆山市,昆31,圆柏,Juniperus chinensis Roxb.,116,9.6,93,5,亭林园顾炎武纪念馆西南侧,三级,31.316001,121.037189,地区级示意,https://ylj.suzhou.gov.cn/szsylj/zygk/202502/0838e48f2ab44181a0bdc6bffcbe616f.shtml,https://ylj.suzhou.gov.cn/szsylj/zygk/202502/0838e48f2ab44181a0bdc6bffcbe616f/files/5684e08ec2f241519675874fea4132c2.docx
昆山市-昆32,昆山市,昆32,圆柏,Juniperus chinensis Roxb.,306,11.2,142,6,亭林园顾炎武纪念馆西南,二级,31.423488,120.988941,地区级示意,https://ylj.suzhou.gov.cn/szsylj/zygk/202502/0838e48f2ab44181a0bdc6bffcbe616f.shtml,https://ylj.suzhou.gov.cn/szsylj/zygk/202502/0838e48f2ab44181a0bdc6bffcbe616f/files/5684e08ec2f241519675874fea4132c2.docx
昆山市-昆33,昆山市,昆33,圆柏,Juniperus chinensis Roxb.,306,14.5,163,8,亭林园顾炎武纪念馆南侧,二级,31.388053,120.90226,地区级示意,https://ylj.suzhou.gov.cn/szsylj/zygk/202502/0838e48f2ab44181a0bdc6bffcbe616f.shtml,https://ylj.suzhou.gov.cn/szsylj/zygk/202502/0838e48f2ab44181a0bdc6bffcbe616f/files/5684e08ec2f241519675874fea4132c2.docx
昆山市-昆34,昆山市,昆34,圆柏,Juniperus chinensis Roxb.,126,14.6,122,5,亭林园顾炎武纪念馆南侧,三级,31.399573,120.87281,地区级示意,https://ylj.suzhou.gov.cn/szsylj/zygk/202502/0838e48f2ab44181a0bdc6bffcbe616f.shtml,https://ylj.suzhou.gov.cn/szsylj/zygk/202502/0838e48f2ab44181a0bdc6bffcbe616f/files/5684e08ec2f241519675874fea4132c2.docx
昆山市-昆35,昆山市,昆35,圆柏,Juniperus chinensis Roxb.,126,14.5,119,4,亭林园顾炎武纪念馆南侧,三级,31.383037,121.048814,地区级示意,https://ylj.suzhou.gov.cn/szsylj/zygk/202502/0838e48f2ab44181a0bdc6bffcbe616f.shtml,https://ylj.suzhou.gov.cn/szsylj/zygk/202502/0838e48f2ab44181a0bdc6bffcbe616f/files/5684e08ec2f241519675874fea4132c2.docx
昆山市-昆36,昆山市,昆36,圆柏,Juniperus chinensis Roxb.,116,13.5,93,4,亭林园顾炎武纪念馆东侧,三级,31.304223,120.948453,地区级示意,https://ylj.suzhou.gov.cn/szsylj/zygk/202502/0838e48f2ab44181a0bdc6bffcbe616f.shtml,https://ylj.suzhou.gov.cn/szsylj/zygk/202502/0838e48f2ab44181a0bdc6bffcbe616f/files/5684e08ec2f241519675874fea4132c2.docx
昆山市-昆37,昆山市,昆37,圆柏,Juniperus chinensis Roxb.,126,13.5,101,4,亭林园顾炎武纪念馆西南,三级,31.423994,120.93647,地区级示意,https://ylj.suzhou.gov.cn/szsylj/zygk/202502/0838e48f2ab44181a0bdc6bffcbe616f.shtml,https://ylj.suzhou.gov.cn/szsylj/zygk/202502/0838e48f2ab44181a0bdc6bffcbe616f/files/5684e08ec2f241519675874fea4132c2.docx
昆山市-昆38,昆山市,昆38,银杏,Ginkgo biloba L.,550,12,262,10,陆家镇夏桥社区邻里中心,一级,31.412401,121.067325,地区级示意,https://ylj.suzhou.gov.cn/szsylj/zygk/202502/0838e48f2ab44181a0bdc6bffcbe616f.shtml,https://ylj.suzhou.gov.cn/szsylj/zygk/202502/0838e48f2ab44181a0bdc6bffcbe616f/files/5684e08ec2f241519675874fea4132c2.docx
昆山市-昆39,昆山市,昆39,银杏,Ginkgo biloba L.,500,16,377,12,开发区西江路,一级,31.353162,121.035372,地区级示意,https://ylj.suzhou.gov.cn/szsylj/zygk/202502/0838e48f2ab44181a0bdc6bffcbe616f.shtml,https://ylj.suzhou.gov.cn/szsylj/zygk/202502/0838e48f2ab44181a0bdc6bffcbe616f/files/5684e08ec2f241519675874fea4132c2.docx
昆山市-昆40,昆山市,昆40,银杏,Ginkgo biloba L.,210,12,256,12,开发区西江路,三级,31.325115,121.029493,地区级示意,https://ylj.suzhou.gov.cn/szsylj/zygk/202502/0838e48f2ab44181a0bdc6bffcbe616f.shtml,https://ylj.suzhou.gov.cn/szsylj/zygk/202502/0838e48f2ab44181a0bdc6bffcbe616f/files/5684e08ec2f241519675874fea4132c2.docx
昆山市-昆42,昆山市,昆42,银杏,Ginkgo biloba L.,550,24,322,17,陆家镇夏桥社区邻里中心,一级,31.368902,120.900958,地区级示意,https://ylj.suzhou.gov.cn/szsylj/zygk/202502/0838e48f2ab44181a0bdc6bffcbe616f.shtml,https://ylj.suzhou.gov.cn/szsylj/zygk/202502/0838e48f2ab44181a0bdc6bffcbe616f/files/5684e08ec2f241519675874fea4132c2.docx
昆山市-昆43,昆山市,昆43,青冈,Quercus glauca Thunb.,310,8,154,8,淀山湖镇美华学校,二级,31.361013,120.914236,地区级示意,https://ylj.suzhou.gov.cn/szsylj/zygk/202502/0838e48f2ab44181a0bdc6bffcbe616f.shtml,https://ylj.suzhou.gov.cn/szsylj/zygk/202502/0838e48f2ab44181a0bdc6bffcbe616f/files/5684e08ec2f241519675874fea4132c2.docx
昆山市-昆44,昆山市,昆44,苦槠,Castanopsis sclerophylla (Lindl.) Schottky,310,8,188,11,淀山湖镇美华学校,二级,31.313972,120.998681,地区级示意,https://ylj.suzhou.gov.cn/szsylj/zygk/202502/0838e48f2ab44181a0bdc6bffcbe616f.shtml,https://ylj.suzhou.gov.cn/szsylj/zygk/202502/0838e48f2ab44181a0bdc6bffcbe616f/files/5684e08ec2f241519675874fea4132c2.docx
昆山市-昆45,昆山市,昆45,银杏,Ginkgo biloba L.,310,15,272,13,淀山湖镇金家庄北江口,二级,31.331453,121.055943,地区级示意,https://ylj.suzhou.gov.cn/szsylj/zygk/202502/0838e48f2ab44181a0bdc6bffcbe616f.shtml,https://ylj.suzhou.gov.cn/szsylj/zygk/202502/0838e48f2ab44181a0bdc6bffcbe616f/files/5684e08ec2f241519675874fea4132c2.docx
昆山市-昆47,昆山市,昆47,银杏,Ginkgo biloba L.,1700,18.5,414,12,淀山湖镇碛礇村,一级,31.391223,121.059541,地区级示意,https://ylj.suzhou.gov.cn/szsylj/zygk/202502/0838e48f2ab44181a0bdc6bffcbe616f.shtml,https://ylj.suzhou.gov.cn/szsylj/zygk/202502/0838e48f2ab44181a0bdc6bffcbe616f/files/5684e08ec2f241519675874fea4132c2.docx
昆山市-昆48,昆山市,昆48,银杏,Ginkgo biloba L.,600,8,320,8,巴城镇金粟庵遗址,一级,31.389451,121.066496,地区级示意,https://ylj.suzhou.gov.cn/szsylj/zygk/202502/0838e48f2ab44181a0bdc6bffcbe616f.shtml,https://ylj.suzhou.gov.cn/szsylj/zygk/202502/0838e48f2ab44181a0bdc6bffcbe616f/files/5684e08ec2f241519675874fea4132c2.docx
昆山市-昆49,昆山市,昆49,银杏,Ginkgo biloba L.,110,8,173,5,巴城镇张泾庙（古城北路）,三级,31.349524,120.994081,地区级示意,https://ylj.suzhou.gov.cn/szsylj/zygk/202502/0838e48f2ab44181a0bdc6bffcbe616f.shtml,https://ylj.suzhou.gov.cn/szsylj/zygk/202502/0838e48f2ab44181a0bdc6bffcbe616f/files/5684e08ec2f241519675874fea4132c2.docx
昆山市-昆50,昆山市,昆50,银杏,Ginkgo biloba L.,110,13,176,9,巴城镇张泾庙（古城北路）,三级,31.466355,120.977391,地区级示意,https://ylj.suzhou.gov.cn/szsylj/zygk/202502/0838e48f2ab44181a0bdc6bffcbe616f.shtml,https://ylj.suzhou.gov.cn/szsylj/zygk/202502/0838e48f2ab44181a0bdc6bffcbe616f/files/5684e08ec2f241519675874fea4132c2.docx
昆山市-昆51,昆山市,昆51,银杏,Ginkgo biloba L.,410,20,314,11,周庄镇建新村寒贞自然村,二级,31.357984,120.966676,地区级示意,https://ylj.suzhou.gov.cn/szsylj/zygk/202502/0838e48f2ab44181a0bdc6bffcbe616f.shtml,https://ylj.suzhou.gov.cn/szsylj/zygk/202502/0838e48f2ab44181a0bdc6bffcbe616f/files/5684e08ec2f241519675874fea4132c2.docx
昆山市-昆52,昆山市,昆52,罗汉松,Podocarpus macrophyllus (Thunb.) Sweet,310,7,157,2,周庄镇贞丰里社区洪福街70号,二级,31.379894,121.045612,地区级示意,https://ylj.suzhou.gov.cn/szsylj/zygk/202502/0838e48f2ab44181a0bdc6bffcbe616f.shtml,https://ylj.suzhou.gov.cn/szsylj/zygk/202502/0838e48f2ab44181a0bdc6bffcbe616f/files/5684e08ec2f241519675874fea4132c2.docx
昆山市-昆53,昆山市,昆53,银杏,Ginkgo biloba L.,800,21,314,14,周庄镇对金村俞家荡村庙内,一级,31.368623,121.080371,地区级示意,https://ylj.suzhou.gov.cn/szsylj/zygk/202502/0838e48f2ab44181a0bdc6bffcbe616f.shtml,https://ylj.suzhou.gov.cn/szsylj/zygk/202502/0838e48f2ab44181a0bdc6bffcbe616f/files/5684e08ec2f241519675874fea4132c2.docx
昆山市-昆54,昆山市,昆54,银杏,Ginkgo biloba L.,410,8,311,9,周庄镇周庄古镇全福寺,二级,31.38526,120.899917,地区级示意,https://ylj.suzhou.gov.cn/szsylj/zygk/202502/0838e48f2ab44181a0bdc6bffcbe616f.shtml,https://ylj.suzhou.gov.cn/szsylj/zygk/202502/0838e48f2ab44181a0bdc6bffcbe616f/files/5684e08ec2f241519675874fea4132c2.docx
昆山市-昆55,昆山市,昆55,银杏,Ginkgo biloba L.,1000,20,167,15,开发区原蓬朗镇建管所,一级,31.39731,120.922227,地区级示意,https://ylj.suzhou.gov.cn/szsylj/zygk/202502/0838e48f2ab44181a0bdc6bffcbe616f.shtml,https://ylj.suzhou.gov.cn/szsylj/zygk/202502/0838e48f2ab44181a0bdc6bffcbe616f/files/5684e08ec2f241519675874fea4132c2.docx
昆山市-昆56,昆山市,昆56,银杏,Ginkgo biloba L.,1000,24,427,17,开发区原蓬朗镇建管所,一级,31.343329,120.90356,地区级示意,https://ylj.suzhou.gov.cn/szsylj/zygk/202502/0838e48f2ab44181a0bdc6bffcbe616f.shtml,https://ylj.suzhou.gov.cn/szsylj/zygk/202502/0838e48f2ab44181a0bdc6bffcbe616f/files/5684e08ec2f241519675874fea4132c2.docx
昆山市-昆57,昆山市,昆57,银杏,Ginkgo biloba L.,210,11,207,7,开发区蓬莱路钱塘江路土地庙,三级,31.320526,120.919187,地区级示意,https://ylj.suzhou.gov.cn/szsylj/zygk/202502/0838e48f2ab44181a0bdc6bffcbe616f.shtml,https://ylj.suzhou.gov.cn/szsylj/zygk/202502/0838e48f2ab44181a0bdc6bffcbe616f/files/5684e08ec2f241519675874fea4132c2.docx
昆山市-昆59,昆山市,昆59,银杏,Ginkgo biloba L.,135,16,177,10,锦溪镇原镇医院,三级,31.362796,121.026674,地区级示意,https://ylj.suzhou.gov.cn/szsylj/zygk/202502/0838e48f2ab44181a0bdc6bffcbe616f.shtml,https://ylj.suzhou.gov.cn/szsylj/zygk/202502/0838e48f2ab44181a0bdc6bffcbe616f/files/5684e08ec2f241519675874fea4132c2.docx
昆山市-昆60,昆山市,昆60,银杏,Ginkgo biloba L.,210,14,207,7,锦溪镇原镇医院,三级,31.370296,121.062764,地区级示意,https://ylj.suzhou.gov.cn/szsylj/zygk/202502/0838e48f2ab44181a0bdc6bffcbe616f.shtml,https://ylj.suzhou.gov.cn/szsylj/zygk/202502/0838e48f2ab44181a0bdc6bffcbe616f/files/5684e08ec2f241519675874fea4132c2.docx
昆山市-昆61,昆山市,昆61,罗汉松,Podocarpus macrophyllus (Thunb.) Sweet,840,8.5,283,9,锦溪镇莲池禅院文昌阁,一级,31.328518,120.938523,地区级示意,https://ylj.suzhou.gov.cn/szsylj/zygk/202502/0838e48f2ab44181a0bdc6bffcbe616f.shtml,https://ylj.suzhou.gov.cn/szsylj/zygk/202502/0838e48f2ab44181a0bdc6bffcbe616f/files/5684e08ec2f241519675874fea4132c2.docx
昆山市-昆62,昆山市,昆62,银杏,Ginkgo biloba L.,500,16,330,12,玉山镇晨丰东路158号,一级,31.364641,121.063312,地区级示意,https://ylj.suzhou.gov.cn/szsylj/zygk/202502/0838e48f2ab44181a0bdc6bffcbe616f.shtml,https://ylj.suzhou.gov.cn/szsylj/zygk/202502/0838e48f2ab44181a0bdc6bffcbe616f/files/5684e08ec2f241519675874fea4132c2.docx
昆山市-昆64,昆山市,昆64,银杏,Ginkgo biloba L.,170,7,273,7,玉山镇南淞路西侧,三级,31.432416,120.928535,地区级示意,https://ylj.suzhou.gov.cn/szsylj/zygk/202502/0838e48f2ab44181a0bdc6bffcbe616f.shtml,https://ylj.suzhou.gov.cn/szsylj/zygk/202502/0838e48f2ab44181a0bdc6bffcbe616f/files/5684e08ec2f241519675874fea4132c2.docx
昆山市-昆65,昆山市,昆65,银杏,Ginkgo biloba L.,540,16,405,13,张浦镇增光村唐村村口庙塘桥,一级,31.320204,120.936874,地区级示意,https://ylj.suzhou.gov.cn/szsylj/zygk/202502/0838e48f2ab44181a0bdc6bffcbe616f.shtml,https://ylj.suzhou.gov.cn/szsylj/zygk/202502/0838e48f2ab44181a0bdc6bffcbe616f/files/5684e08ec2f241519675874fea4132c2.docx
昆山市-昆66,昆山市,昆66,银杏,Ginkgo biloba L.,1010,25,289,14,千灯镇延福禅寺大雄宝殿西南侧,一级,31.39621,120.931124,地区级示意,https://ylj.suzhou.gov.cn/szsylj/zygk/202502/0838e48f2ab44181a0bdc6bffcbe616f.shtml,https://ylj.suzhou.gov.cn/szsylj/zygk/202502/0838e48f2ab44181a0bdc6bffcbe616f/files/5684e08ec2f241519675874fea4132c2.docx
昆山市-昆67,昆山市,昆67,银杏,Ginkgo biloba L.,310,25,283,12,千灯镇延福禅寺大雄宝殿东南侧,二级,31.431064,121.033279,地区级示意,https://ylj.suzhou.gov.cn/szsylj/zygk/202502/0838e48f2ab44181a0bdc6bffcbe616f.shtml,https://ylj.suzhou.gov.cn/szsylj/zygk/202502/0838e48f2ab44181a0bdc6bffcbe616f/files/5684e08ec2f241519675874fea4132c2.docx
昆山市-昆68,昆山市,昆68,银杏,Ginkgo biloba L.,310,19,270,11,千灯镇萧墅海瑞庙,二级,31.330154,120.928344,地区级示意,https://ylj.suzhou.gov.cn/szsylj/zygk/202502/0838e48f2ab44181a0bdc6bffcbe616f.shtml,https://ylj.suzhou.gov.cn/szsylj/zygk/202502/0838e48f2ab44181a0bdc6bffcbe616f/files/5684e08ec2f241519675874fea4132c2.docx
昆山市-昆69,昆山市,昆69,银杏,Ginkgo biloba L.,410,19,328,13,千灯镇萧墅海瑞庙,二级,31.420337,120.880842,地区级示意,https://ylj.suzhou.gov.cn/szsylj/zygk/202502/0838e48f2ab44181a0bdc6bffcbe616f.shtml,https://ylj.suzhou.gov.cn/szsylj/zygk/202502/0838e48f2ab44181a0bdc6bffcbe616f/files/5684e08ec2f241519675874fea4132c2.docx
昆山市-昆70,昆山市,昆70,银杏,Ginkgo biloba L.,500,18,220,13,千灯镇陶桥村陶桥154号,一级,31.384272,120.946443,地区级示意,https://ylj.suzhou.gov.cn/szsylj/zygk/202502/0838e48f2ab44181a0bdc6bffcbe616f.shtml,https://ylj.suzhou.gov.cn/szsylj/zygk/202502/0838e48f2ab44181a0bdc6bffcbe616f/files/5684e08ec2f241519675874fea4132c2.docx
昆山市-昆78,昆山市,昆78,圆柏,Juniperus chinensis Roxb.,120,10,68,3,千灯镇顾炎武故居,三级,31.314558,120.986019,地区级示意,https://ylj.suzhou.gov.cn/szsylj/zygk/202502/0838e48f2ab44181a0bdc6bffcbe616f.shtml,https://ylj.suzhou.gov.cn/szsylj/zygk/202502/0838e48f2ab44181a0bdc6bffcbe616f/files/5684e08ec2f241519675874fea4132c2.docx
昆山市-昆81,昆山市,昆81,朴树,Celtis sinensis Pers.,120,15,187,13,千灯镇顾炎武故居,三级,31.345835,121.060112,地区级示意,https://ylj.suzhou.gov.cn/szsylj/zygk/202502/0838e48f2ab44181a0bdc6bffcbe616f.shtml,https://ylj.suzhou.gov.cn/szsylj/zygk/202502/0838e48f2ab44181a0bdc6bffcbe616f/files/5684e08ec2f241519675874fea4132c2.docx
昆山市-昆82,昆山市,昆82,圆柏,Juniperus chinensis Roxb.,120,9,57,3,千灯镇顾炎武故居,三级,31.343501,121.039255,地区级示意,https://ylj.suzhou.gov.cn/szsylj/zygk/202502/0838e48f2ab44181a0bdc6bffcbe616f.shtml,https://ylj.suzhou.gov.cn/szsylj/zygk/202502/0838e48f2ab44181a0bdc6bffcbe616f/files/5684e08ec2f241519675874fea4132c2.docx
昆山市-昆84,昆山市,昆84,圆柏,Juniperus chinensis Roxb.,120,14,68,3,千灯镇顾炎武故居,三级,31.421202,120.937337,地区级示意,https://ylj.suzhou.gov.cn/szsylj/zygk/202502/0838e48f2ab44181a0bdc6bffcbe616f.shtml,https://ylj.suzhou.gov.cn/szsylj/zygk/202502/0838e48f2ab44181a0bdc6bffcbe616f/files/5684e08ec2f241519675874fea4132c2.docx
昆山市-昆88,昆山市,昆88,圆柏,Juniperus chinensis Roxb.,120,9,75,3,千灯镇顾炎武故居,三级,31.423976,120.972232,地区级示意,https://ylj.suzhou.gov.cn/szsylj/zygk/202502/0838e48f2ab44181a0bdc6bffcbe616f.shtml,https://ylj.suzhou.gov.cn/szsylj/zygk/202502/0838e48f2ab44181a0bdc6bffcbe616f/files/5684e08ec2f241519675874fea4132c2.docx
昆山市-昆90,昆山市,昆90,圆柏,Juniperus chinensis Roxb.,130,13,96,5,千灯镇顾炎武故居,三级,31.406559,120.928364,地区级示意,https://ylj.suzhou.gov.cn/szsylj/zygk/202502/0838e48f2ab44181a0bdc6bffcbe616f.shtml,https://ylj.suzhou.gov.cn/szsylj/zygk/202502/0838e48f2ab44181a0bdc6bffcbe616f/files/5684e08ec2f241519675874fea4132c2.docx
昆山市-昆91,昆山市,昆91,圆柏,Juniperus chinensis Roxb.,120,12,54,2,千灯镇顾炎武故居,三级,31.383634,120.962689,地区级示意,https://ylj.suzhou.gov.cn/szsylj/zygk/202502/0838e48f2ab44181a0bdc6bffcbe616f.shtml,https://ylj.suzhou.gov.cn/szsylj/zygk/202502/0838e48f2ab44181a0bdc6bffcbe616f/files/5684e08ec2f241519675874fea4132c2.docx
昆山市-昆92,昆山市,昆92,圆柏,Juniperus chinensis Roxb.,120,11,79,4,千灯镇顾炎武故居,三级,31.364996,120.898769,地区级示意,https://ylj.suzhou.gov.cn/szsylj/zygk/202502/0838e48f2ab44181a0bdc6bffcbe616f.shtml,https://ylj.suzhou.gov.cn/szsylj/zygk/202502/0838e48f2ab44181a0bdc6bffcbe616f/files/5684e08ec2f241519675874fea4132c2.docx
昆山市-昆93,昆山市,昆93,银杏,Ginkgo biloba L.,126,23,228,10,昆山市总工会,三级,31.379016,120.887401,地区级示意,https://ylj.suzhou.gov.cn/szsylj/zygk/202502/0838e48f2ab44181a0bdc6bffcbe616f.shtml,https://ylj.suzhou.gov.cn/szsylj/zygk/202502/0838e48f2ab44181a0bdc6bffcbe616f/files/5684e08ec2f241519675874fea4132c2.docx
昆山市-昆94,昆山市,昆94,银杏,Ginkgo biloba L.,126,23,225,12,昆山市总工会,三级,31.35548,121.001573,地区级示意,https://ylj.suzhou.gov.cn/szsylj/zygk/202502/0838e48f2ab44181a0bdc6bffcbe616f.shtml,https://ylj.suzhou.gov.cn/szsylj/zygk/202502/0838e48f2ab44181a0bdc6bffcbe616f/files/5684e08ec2f241519675874fea4132c2.docx
昆山市-昆95,昆山市,昆95,槐,Styphnolobium japonicum (L.) Schott,156,8,268,7,玉山镇新阳街,三级,31.395048,120.876216,地区级示意,https://ylj.suzhou.gov.cn/szsylj/zygk/202502/0838e48f2ab44181a0bdc6bffcbe616f.shtml,https://ylj.suzhou.gov.cn/szsylj/zygk/202502/0838e48f2ab44181a0bdc6bffcbe616f/files/5684e08ec2f241519675874fea4132c2.docx
昆山市-昆96,昆山市,昆96,圆柏,Juniperus chinensis Roxb.,126,13.7,132,6,亭林园顾炎武纪念馆西南,三级,31.427971,120.982959,地区级示意,https://ylj.suzhou.gov.cn/szsylj/zygk/202502/0838e48f2ab44181a0bdc6bffcbe616f.shtml,https://ylj.suzhou.gov.cn/szsylj/zygk/202502/0838e48f2ab44181a0bdc6bffcbe616f/files/5684e08ec2f241519675874fea4132c2.docx
昆山市-昆97,昆山市,昆97,圆柏,Juniperus chinensis Roxb.,126,6.2,99,4,亭林园昆曲博物馆东墙外,三级,31.357397,121.000149,地区级示意,https://ylj.suzhou.gov.cn/szsylj/zygk/202502/0838e48f2ab44181a0bdc6bffcbe616f.shtml,https://ylj.suzhou.gov.cn/szsylj/zygk/202502/0838e48f2ab44181a0bdc6bffcbe616f/files/5684e08ec2f241519675874fea4132c2.docx
昆山市-昆98,昆山市,昆98,圆柏,Juniperus chinensis Roxb.,126,19,120,5,亭林园昆曲博物馆东墙外,三级,31.347777,121.078985,地区级示意,https://ylj.suzhou.gov.cn/szsylj/zygk/202502/0838e48f2ab44181a0bdc6bffcbe616f.shtml,https://ylj.suzhou.gov.cn/szsylj/zygk/202502/0838e48f2ab44181a0bdc6bffcbe616f/files/5684e08ec2f241519675874fea4132c2.docx
昆山市-昆99,昆山市,昆99,圆柏,Juniperus chinensis Roxb.,306,15,127,5,亭林园昆曲博物馆东墙外,二级,31.399586,120.930341,地区级示意,https://ylj.suzhou.gov.cn/szsylj/zygk/202502/0838e48f2ab44181a0bdc6bffcbe616f.shtml,https://ylj.suzhou.gov.cn/szsylj/zygk/202502/0838e48f2ab44181a0bdc6bffcbe616f/files/5684e08ec2f241519675874fea4132c2.docx
昆山市-昆100,昆山市,昆100,圆柏,Juniperus chinensis Roxb.,116,5.5,69,6,亭林园顾鼎祠北,三级,31.410001,121.090276,地区级示意,https://ylj.suzhou.gov.cn/szsylj/zygk/202502/0838e48f2ab44181a0bdc6bffcbe616f.shtml,https://ylj.suzhou.gov.cn/szsylj/zygk/202502/0838e48f2ab44181a0bdc6bffcbe616f/files/5684e08ec2f241519675874fea4132c2.docx
昆山市-昆101,昆山市,昆101,圆柏,Juniperus chinensis Roxb.,116,2.2,90,0,亭林园顾鼎祠北,三级,31.382284,120.926263,地区级示意,https://ylj.suzhou.gov.cn/szsylj/zygk/202502/0838e48f2ab44181a0bdc6bffcbe616f.shtml,https://ylj.suzhou.gov.cn/szsylj/zygk/202502/0838e48f2ab44181a0bdc6bffcbe616f/files/5684e08ec2f241519675874fea4132c2.docx
昆山市-昆103,昆山市,昆103,圆柏,Juniperus chinensis Roxb.,126,17.5,110,5,亭林园顾鼎祠北,三级,31.399769,120.992679,地区级示意,https://ylj.suzhou.gov.cn/szsylj/zygk/202502/0838e48f2ab44181a0bdc6bffcbe616f.shtml,https://ylj.suzhou.gov.cn/szsylj/zygk/202502/0838e48f2ab44181a0bdc6bffcbe616f/files/5684e08ec2f241519675874fea4132c2.docx
昆山市-昆104,昆山市,昆104,圆柏,Juniperus chinensis Roxb.,116,11.2,88,5,亭林园顾鼎祠北,三级,31.432533,120.93025,地区级示意,https://ylj.suzhou.gov.cn/szsylj/zygk/202502/0838e48f2ab44181a0bdc6bffcbe616f.shtml,https://ylj.suzhou.gov.cn/szsylj/zygk/202502/0838e48f2ab44181a0bdc6bffcbe616f/files/5684e08ec2f241519675874fea4132c2.docx
昆山市-昆105,昆山市,昆105,圆柏,Juniperus chinensis Roxb.,116,13,85,5,亭林园顾鼎祠北,三级,31.306606,121.00283,地区级示意,https://ylj.suzhou.gov.cn/szsylj/zygk/202502/0838e48f2ab44181a0bdc6bffcbe616f.shtml,https://ylj.suzhou.gov.cn/szsylj/zygk/202502/0838e48f2ab44181a0bdc6bffcbe616f/files/5684e08ec2f241519675874fea4132c2.docx
昆山市-昆107,昆山市,昆107,圆柏,Juniperus chinensis Roxb.,116,11,62,5,亭林园顾鼎祠东,三级,31.419372,121.018909,地区级示意,https://ylj.suzhou.gov.cn/szsylj/zygk/202502/0838e48f2ab44181a0bdc6bffcbe616f.shtml,https://ylj.suzhou.gov.cn/szsylj/zygk/202502/0838e48f2ab44181a0bdc6bffcbe616f/files/5684e08ec2f241519675874fea4132c2.docx
昆山市-昆108,昆山市,昆108,圆柏,Juniperus chinensis Roxb.,126,12.5,111,6,亭林园顾鼎祠东,三级,31.38838,121.089739,地区级示意,https://ylj.suzhou.gov.cn/szsylj/zygk/202502/0838e48f2ab44181a0bdc6bffcbe616f.shtml,https://ylj.suzhou.gov.cn/szsylj/zygk/202502/0838e48f2ab44181a0bdc6bffcbe616f/files/5684e08ec2f241519675874fea4132c2.docx
昆山市-昆109,昆山市,昆109,圆柏,Juniperus chinensis Roxb.,586,13,179,6,亭林园大草坪,一级,31.310574,120.973205,地区级示意,https://ylj.suzhou.gov.cn/szsylj/zygk/202502/0838e48f2ab44181a0bdc6bffcbe616f.shtml,https://ylj.suzhou.gov.cn/szsylj/zygk/202502/0838e48f2ab44181a0bdc6bffcbe616f/files/5684e08ec2f241519675874fea4132c2.docx
昆山市-昆110,昆山市,昆110,圆柏,Juniperus chinensis Roxb.,306,14,154,7,亭林园大草坪,二级,31.435986,120.922343,地区级示意,https://ylj.suzhou.gov.cn/szsylj/zygk/202502/0838e48f2ab44181a0bdc6bffcbe616f.shtml,https://ylj.suzhou.gov.cn/szsylj/zygk/202502/0838e48f2ab44181a0bdc6bffcbe616f/files/5684e08ec2f241519675874fea4132c2.docx
昆山市-昆111,昆山市,昆111,圆柏,Juniperus chinensis Roxb.,126,9.5,120,6,亭林园顾鼎祠东,三级,31.34363,120.880965,地区级示意,https://ylj.suzhou.gov.cn/szsylj/zygk/202502/0838e48f2ab44181a0bdc6bffcbe616f.shtml,https://ylj.suzhou.gov.cn/szsylj/zygk/202502/0838e48f2ab44181a0bdc6bffcbe616f/files/5684e08ec2f241519675874fea4132c2.docx
昆山市-昆112,昆山市,昆112,圆柏,Juniperus chinensis Roxb.,116,9.2,82,4,亭林园顾鼎祠东,三级,31.395971,120.900257,地区级示意,https://ylj.suzhou.gov.cn/szsylj/zygk/202502/0838e48f2ab44181a0bdc6bffcbe616f.shtml,https://ylj.suzhou.gov.cn/szsylj/zygk/202502/0838e48f2ab44181a0bdc6bffcbe616f/files/5684e08ec2f241519675874fea4132c2.docx
昆山市-昆113,昆山市,昆113,圆柏,Juniperus chinensis Roxb.,126,15.6,115,7,亭林园顾鼎祠东,三级,31.448536,120.935405,地区级示意,https://ylj.suzhou.gov.cn/szsylj/zygk/202502/0838e48f2ab44181a0bdc6bffcbe616f.shtml,https://ylj.suzhou.gov.cn/szsylj/zygk/202502/0838e48f2ab44181a0bdc6bffcbe616f/files/5684e08ec2f241519675874fea4132c2.docx
昆山市-昆114,昆山市,昆114,圆柏,Juniperus chinensis Roxb.,306,15.3,149,7,亭林园顾鼎祠东,二级,31.351048,120.995426,地区级示意,https://ylj.suzhou.gov.cn/szsylj/zygk/202502/0838e48f2ab44181a0bdc6bffcbe616f.shtml,https://ylj.suzhou.gov.cn/szsylj/zygk/202502/0838e48f2ab44181a0bdc6bffcbe616f/files/5684e08ec2f241519675874fea4132c2.docx
昆山市-昆115,昆山市,昆115,圆柏,Juniperus chinensis Roxb.,116,15.3,100,6,亭林园顾鼎祠东,三级,31.318609,120.979146,地区级示意,https://ylj.suzhou.gov.cn/szsylj/zygk/202502/0838e48f2ab44181a0bdc6bffcbe616f.shtml,https://ylj.suzhou.gov.cn/szsylj/zygk/202502/0838e48f2ab44181a0bdc6bffcbe616f/files/5684e08ec2f241519675874fea4132c2.docx
昆山市-昆116,昆山市,昆116,圆柏,Juniperus chinensis Roxb.,126,13.7,110,6,亭林园顾鼎祠南侧,三级,31.423859,120.993208,地区级示意,https://ylj.suzhou.gov.cn/szsylj/zygk/202502/0838e48f2ab44181a0bdc6bffcbe616f.shtml,https://ylj.suzhou.gov.cn/szsylj/zygk/202502/0838e48f2ab44181a0bdc6bffcbe616f/files/5684e08ec2f241519675874fea4132c2.docx
昆山市-昆117,昆山市,昆117,圆柏,Juniperus chinensis Roxb.,126,13.5,126,6,亭林园顾鼎祠南侧,三级,31.433435,121.018288,地区级示意,https://ylj.suzhou.gov.cn/szsylj/zygk/202502/0838e48f2ab44181a0bdc6bffcbe616f.shtml,https://ylj.suzhou.gov.cn/szsylj/zygk/202502/0838e48f2ab44181a0bdc6bffcbe616f/files/5684e08ec2f241519675874fea4132c2.docx
昆山市-昆118,昆山市,昆118,圆柏,Juniperus chinensis Roxb.,116,7.9,75,4,亭林园顾鼎祠南侧,三级,31.363578,121.016973,地区级示意,https://ylj.suzhou.gov.cn/szsylj/zygk/202502/0838e48f2ab44181a0bdc6bffcbe616f.shtml,https://ylj.suzhou.gov.cn/szsylj/zygk/202502/0838e48f2ab44181a0bdc6bffcbe616f/files/5684e08ec2f241519675874fea4132c2.docx
昆山市-昆119,昆山市,昆119,圆柏,Juniperus chinensis Roxb.,126,16.4,132,8,亭林园顾鼎祠南侧,三级,31.466161,120.968114,地区级示意,https://ylj.suzhou.gov.cn/szsylj/zygk/202502/0838e48f2ab44181a0bdc6bffcbe616f.shtml,https://ylj.suzhou.gov.cn/szsylj/zygk/202502/0838e48f2ab44181a0bdc6bffcbe616f/files/5684e08ec2f241519675874fea4132c2.docx
昆山市-昆120,昆山市,昆120,圆柏,Juniperus chinensis Roxb.,126,9.8,116,4,亭林园顾鼎祠南侧,三级,31.310758,121.00843,地区级示意,https://ylj.suzhou.gov.cn/szsylj/zygk/202502/0838e48f2ab44181a0bdc6bffcbe616f.shtml,https://ylj.suzhou.gov.cn/szsylj/zygk/202502/0838e48f2ab44181a0bdc6bffcbe616f/files/5684e08ec2f241519675874fea4132c2.docx
昆山市-昆121,昆山市,昆121,圆柏,Juniperus chinensis Roxb.,126,12.7,101,5,亭林园顾鼎祠南侧,三级,31.330618,121.056499,地区级示意,https://ylj.suzhou.gov.cn/szsylj/zygk/202502/0838e48f2ab44181a0bdc6bffcbe616f.shtml,https://ylj.suzhou.gov.cn/szsylj/zygk/202502/0838e48f2ab44181a0bdc6bffcbe616f/files/5684e08ec2f241519675874fea4132c2.docx
昆山市-昆122,昆山市,昆122,圆柏,Juniperus chinensis Roxb.,126,14.2,115,6,亭林园顾鼎祠南侧,三级,31.439097,121.024397,地区级示意,https://ylj.suzhou.gov.cn/szsylj/zygk/202502/0838e48f2ab44181a0bdc6bffcbe616f.shtml,https://ylj.suzhou.gov.cn/szsylj/zygk/202502/0838e48f2ab44181a0bdc6bffcbe616f/files/5684e08ec2f241519675874fea4132c2.docx
昆山市-昆123,昆山市,昆123,圆柏,Juniperus chinensis Roxb.,126,12.6,103,5,亭林园顾鼎祠南侧,三级,31.396629,120.915494,地区级示意,https://ylj.suzhou.gov.cn/szsylj/zygk/202502/0838e48f2ab44181a0bdc6bffcbe616f.shtml,https://ylj.suzhou.gov.cn/szsylj/zygk/202502/0838e48f2ab44181a0bdc6bffcbe616f/files/5684e08ec2f241519675874fea4132c2.docx
昆山市-昆124,昆山市,昆124,圆柏,Juniperus chinensis Roxb.,116,13.5,97,5,亭林园顾鼎祠南侧,三级,31.438233,121.053278,地区级示意,https://ylj.suzhou.gov.cn/szsylj/zygk/202502/0838e48f2ab44181a0bdc6bffcbe616f.shtml,https://ylj.suzhou.gov.cn/szsylj/zygk/202502/0838e48f2ab44181a0bdc6bffcbe616f/files/5684e08ec2f241519675874fea4132c2.docx
昆山市-昆125,昆山市,昆125,圆柏,Juniperus chinensis Roxb.,126,7,135,5,亭林园顾鼎祠南侧,三级,31.355974,120.950945,地区级示意,https://ylj.suzhou.gov.cn/szsylj/zygk/202502/0838e48f2ab44181a0bdc6bffcbe616f.shtml,https://ylj.suzhou.gov.cn/szsylj/zygk/202502/0838e48f2ab44181a0bdc6bffcbe616f/files/5684e08ec2f241519675874fea4132c2.docx
昆山市-昆126,昆山市,昆126,圆柏,Juniperus chinensis Roxb.,116,9.7,81,3,亭林园紫藤架边,三级,31.327288,121.002516,地区级示意,https://ylj.suzhou.gov.cn/szsylj/zygk/202502/0838e48f2ab44181a0bdc6bffcbe616f.shtml,https://ylj.suzhou.gov.cn/szsylj/zygk/202502/0838e48f2ab44181a0bdc6bffcbe616f/files/5684e08ec2f241519675874fea4132c2.docx
昆山市-昆127,昆山市,昆127,圆柏,Juniperus chinensis Roxb.,306,15,137,8,亭林园紫藤架北侧,二级,31.317639,120.973016,地区级示意,https://ylj.suzhou.gov.cn/szsylj/zygk/202502/0838e48f2ab44181a0bdc6bffcbe616f.shtml,https://ylj.suzhou.gov.cn/szsylj/zygk/202502/0838e48f2ab44181a0bdc6bffcbe616f/files/5684e08ec2f241519675874fea4132c2.docx
昆山市-昆128,昆山市,昆128,圆柏,Juniperus chinensis Roxb.,126,13,100,4,亭林园紫藤架北侧,三级,31.399013,121.050078,地区级示意,https://ylj.suzhou.gov.cn/szsylj/zygk/202502/0838e48f2ab44181a0bdc6bffcbe616f.shtml,https://ylj.suzhou.gov.cn/szsylj/zygk/202502/0838e48f2ab44181a0bdc6bffcbe616f/files/5684e08ec2f241519675874fea4132c2.docx
昆山市-昆129,昆山市,昆129,圆柏,Juniperus chinensis Roxb.,126,9.3,115,6,亭林园紫藤架北侧,三级,31.34635,120.905407,地区级示意,https://ylj.suzhou.gov.cn/szsylj/zygk/202502/0838e48f2ab44181a0bdc6bffcbe616f.shtml,https://ylj.suzhou.gov.cn/szsylj/zygk/202502/0838e48f2ab44181a0bdc6bffcbe616f/files/5684e08ec2f241519675874fea4132c2.docx
昆山市-昆130,昆山市,昆130,圆柏,Juniperus chinensis Roxb.,126,7,104,3,亭林园紫藤架北侧,三级,31.400492,121.084625,地区级示意,https://ylj.suzhou.gov.cn/szsylj/zygk/202502/0838e48f2ab44181a0bdc6bffcbe616f.shtml,https://ylj.suzhou.gov.cn/szsylj/zygk/202502/0838e48f2ab44181a0bdc6bffcbe616f/files/5684e08ec2f241519675874fea4132c2.docx
昆山市-昆131,昆山市,昆131,圆柏,Juniperus chinensis Roxb.,126,13,101,2,亭林园紫藤架北侧,三级,31.43357,121.06987,地区级示意,https://ylj.suzhou.gov.cn/szsylj/zygk/202502/0838e48f2ab44181a0bdc6bffcbe616f.shtml,https://ylj.suzhou.gov.cn/szsylj/zygk/202502/0838e48f2ab44181a0bdc6bffcbe616f/files/5684e08ec2f241519675874fea4132c2.docx
昆山市-昆132,昆山市,昆132,圆柏,Juniperus chinensis Roxb.,126,7.1,123,4,亭林园紫藤架北侧,三级,31.374323,121.091688,地区级示意,https://ylj.suzhou.gov.cn/szsylj/zygk/202502/0838e48f2ab44181a0bdc6bffcbe616f.shtml,https://ylj.suzhou.gov.cn/szsylj/zygk/202502/0838e48f2ab44181a0bdc6bffcbe616f/files/5684e08ec2f241519675874fea4132c2.docx
昆山市-昆133,昆山市,昆133,圆柏,Juniperus chinensis Roxb.,116,8,86,2,亭林园紫藤架北侧,三级,31.467289,120.945302,地区级示意,https://ylj.suzhou.gov.cn/szsylj/zygk/202502/0838e48f2ab44181a0bdc6bffcbe616f.shtml,https://ylj.suzhou.gov.cn/szsylj/zygk/202502/0838e48f2ab44181a0bdc6bffcbe616f/files/5684e08ec2f241519675874fea4132c2.docx
昆山市-昆134,昆山市,昆134,圆柏,Juniperus chinensis Roxb.,126,9.8,116,4,亭林园紫藤架北侧,三级,31.414276,120.981866,地区级示意,https://ylj.suzhou.gov.cn/szsylj/zygk/202502/0838e48f2ab44181a0bdc6bffcbe616f.shtml,https://ylj.suzhou.gov.cn/szsylj/zygk/202502/0838e48f2ab44181a0bdc6bffcbe616f/files/5684e08ec2f241519675874fea4132c2.docx
昆山市-昆135,昆山市,昆135,圆柏,Juniperus chinensis Roxb.,126,10,129,5,亭林园紫藤架北侧,三级,31.424532,121.030641,地区级示意,https://ylj.suzhou.gov.cn/szsylj/zygk/202502/0838e48f2ab44181a0bdc6bffcbe616f.shtml,https://ylj.suzhou.gov.cn/szsylj/zygk/202502/0838e48f2ab44181a0bdc6bffcbe616f/files/5684e08ec2f241519675874fea4132c2.docx
昆山市-昆136,昆山市,昆136,圆柏,Juniperus chinensis Roxb.,126,11.1,113,4,亭林园大办公室旁,三级,31.411,120.881084,地区级示意,https://ylj.suzhou.gov.cn/szsylj/zygk/202502/0838e48f2ab44181a0bdc6bffcbe616f.shtml,https://ylj.suzhou.gov.cn/szsylj/zygk/202502/0838e48f2ab44181a0bdc6bffcbe616f/files/5684e08ec2f241519675874fea4132c2.docx
昆山市-昆137,昆山市,昆137,圆柏,Juniperus chinensis Roxb.,116,9.4,86,3,亭林园大办公室旁,三级,31.393357,121.080344,地区级示意,https://ylj.suzhou.gov.cn/szsylj/zygk/202502/0838e48f2ab44181a0bdc6bffcbe616f.shtml,https://ylj.suzhou.gov.cn/szsylj/zygk/202502/0838e48f2ab44181a0bdc6bffcbe616f/files/5684e08ec2f241519675874fea4132c2.docx
昆山市-昆138,昆山市,昆138,圆柏,Juniperus chinensis Roxb.,126,11,116,2,亭林园大办公室旁,三级,31.327386,121.01963,地区级示意,https://ylj.suzhou.gov.cn/szsylj/zygk/202502/0838e48f2ab44181a0bdc6bffcbe616f.shtml,https://ylj.suzhou.gov.cn/szsylj/zygk/202502/0838e48f2ab44181a0bdc6bffcbe616f/files/5684e08ec2f241519675874fea4132c2.docx
昆山市-昆139,昆山市,昆139,圆柏,Juniperus chinensis Roxb.,116,9.5,88,2,亭林园大办公室旁,三级,31.326454,121.007246,地区级示意,https://ylj.suzhou.gov.cn/szsylj/zygk/202502/0838e48f2ab44181a0bdc6bffcbe616f.shtml,https://ylj.suzhou.gov.cn/szsylj/zygk/202502/0838e48f2ab44181a0bdc6bffcbe616f/files/5684e08ec2f241519675874fea4132c2.docx
昆山市-昆140,昆山市,昆140,圆柏,Juniperus chinensis Roxb.,116,10.5,93,5,亭林园大办公室旁,三级,31.408625,120.935176,地区级示意,https://ylj.suzhou.gov.cn/szsylj/zygk/202502/0838e48f2ab44181a0bdc6bffcbe616f.shtml,https://ylj.suzhou.gov.cn/szsylj/zygk/202502/0838e48f2ab44181a0bdc6bffcbe616f/files/5684e08ec2f241519675874fea4132c2.docx
昆山市-昆141,昆山市,昆141,圆柏,Juniperus chinensis Roxb.,116,9.9,98,5,亭林园大办公室旁,三级,31.410754,120.983629,地区级示意,https://ylj.suzhou.gov.cn/szsylj/zygk/202502/0838e48f2ab44181a0bdc6bffcbe616f.shtml,https://ylj.suzhou.gov.cn/szsylj/zygk/202502/0838e48f2ab44181a0bdc6bffcbe616f/files/5684e08ec2f241519675874fea4132c2.docx
昆山市-昆142,昆山市,昆142,圆柏,Juniperus chinensis Roxb.,126,11,99,3,亭林园大办公室旁,三级,31.425008,121.03627,地区级示意,https://ylj.suzhou.gov.cn/szsylj/zygk/202502/0838e48f2ab44181a0bdc6bffcbe616f.shtml,https://ylj.suzhou.gov.cn/szsylj/zygk/202502/0838e48f2ab44181a0bdc6bffcbe616f/files/5684e08ec2f241519675874fea4132c2.docx
昆山市-昆143,昆山市,昆143,圆柏,Juniperus chinensis Roxb.,126,12,111,3,亭林园大办公室旁,三级,31.363297,120.886299,地区级示意,https://ylj.suzhou.gov.cn/szsylj/zygk/202502/0838e48f2ab44181a0bdc6bffcbe616f.shtml,https://ylj.suzhou.gov.cn/szsylj/zygk/202502/0838e48f2ab44181a0bdc6bffcbe616f/files/5684e08ec2f241519675874fea4132c2.docx
昆山市-昆144,昆山市,昆144,圆柏,Juniperus chinensis Roxb.,126,11.5,109,5,亭林园大办公室旁,三级,31.352823,120.962709,地区级示意,https://ylj.suzhou.gov.cn/szsylj/zygk/202502/0838e48f2ab44181a0bdc6bffcbe616f.shtml,https://ylj.suzhou.gov.cn/szsylj/zygk/202502/0838e48f2ab44181a0bdc6bffcbe616f/files/5684e08ec2f241519675874fea4132c2.docx
昆山市-昆145,昆山市,昆145,圆柏,Juniperus chinensis Roxb.,126,5.8,121,0,亭林园大办公室旁,三级,31.380358,120.907088,地区级示意,https://ylj.suzhou.gov.cn/szsylj/zygk/202502/0838e48f2ab44181a0bdc6bffcbe616f.shtml,https://ylj.suzhou.gov.cn/szsylj/zygk/202502/0838e48f2ab44181a0bdc6bffcbe616f/files/5684e08ec2f241519675874fea4132c2.docx
昆山市-昆146,昆山市,昆146,圆柏,Juniperus chinensis Roxb.,126,12,113,3,亭林园水池边,三级,31.34294,120.937979,地区级示意,https://ylj.suzhou.gov.cn/szsylj/zygk/202502/0838e48f2ab44181a0bdc6bffcbe616f.shtml,https://ylj.suzhou.gov.cn/szsylj/zygk/202502/0838e48f2ab44181a0bdc6bffcbe616f/files/5684e08ec2f241519675874fea4132c2.docx
昆山市-昆147,昆山市,昆147,圆柏,Juniperus chinensis Roxb.,116,11.6,94,3,亭林园水池边,三级,31.437222,120.939618,地区级示意,https://ylj.suzhou.gov.cn/szsylj/zygk/202502/0838e48f2ab44181a0bdc6bffcbe616f.shtml,https://ylj.suzhou.gov.cn/szsylj/zygk/202502/0838e48f2ab44181a0bdc6bffcbe616f/files/5684e08ec2f241519675874fea4132c2.docx
昆山市-昆148,昆山市,昆148,圆柏,Juniperus chinensis Roxb.,306,14.9,132,4,亭林园水池边,二级,31.321393,121.008315,地区级示意,https://ylj.suzhou.gov.cn/szsylj/zygk/202502/0838e48f2ab44181a0bdc6bffcbe616f.shtml,https://ylj.suzhou.gov.cn/szsylj/zygk/202502/0838e48f2ab44181a0bdc6bffcbe616f/files/5684e08ec2f241519675874fea4132c2.docx
昆山市-昆149,昆山市,昆149,圆柏,Juniperus chinensis Roxb.,126,15.4,122,5,亭林园水池边,三级,31.378846,120.995386,地区级示意,https://ylj.suzhou.gov.cn/szsylj/zygk/202502/0838e48f2ab44181a0bdc6bffcbe616f.shtml,https://ylj.suzhou.gov.cn/szsylj/zygk/202502/0838e48f2ab44181a0bdc6bffcbe616f/files/5684e08ec2f241519675874fea4132c2.docx
昆山市-昆150,昆山市,昆150,圆柏,Juniperus chinensis Roxb.,126,9.3,99,4,亭林园水池边,三级,31.429609,121.077034,地区级示意,https://ylj.suzhou.gov.cn/szsylj/zygk/202502/0838e48f2ab44181a0bdc6bffcbe616f.shtml,https://ylj.suzhou.gov.cn/szsylj/zygk/202502/0838e48f2ab44181a0bdc6bffcbe616f/files/5684e08ec2f241519675874fea4132c2.docx
昆山市-昆151,昆山市,昆151,圆柏,Juniperus chinensis Roxb.,126,9.3,118,4,亭林园水池边,三级,31.442163,121.034246,地区级示意,https://ylj.suzhou.gov.cn/szsylj/zygk/202502/0838e48f2ab44181a0bdc6bffcbe616f.shtml,https://ylj.suzhou.gov.cn/szsylj/zygk/202502/0838e48f2ab44181a0bdc6bffcbe616f/files/5684e08ec2f241519675874fea4132c2.docx
昆山市-昆152,昆山市,昆152,圆柏,Juniperus chinensis Roxb.,126,12.8,102,4,亭林园水池边,三级,31.45312,121.031193,地区级示意,https://ylj.suzhou.gov.cn/szsylj/zygk/202502/0838e48f2ab44181a0bdc6bffcbe616f.shtml,https://ylj.suzhou.gov.cn/szsylj/zygk/202502/0838e48f2ab44181a0bdc6bffcbe616f/files/5684e08ec2f241519675874fea4132c2.docx
昆山市-昆153,昆山市,昆153,圆柏,Juniperus chinensis Roxb.,126,14.7,115,4,亭林园水池边,三级,31.43373,120.942241,地区级示意,https://ylj.suzhou.gov.cn/szsylj/zygk/202502/0838e48f2ab44181a0bdc6bffcbe616f.shtml,https://ylj.suzhou.gov.cn/szsylj/zygk/202502/0838e48f2ab44181a0bdc6bffcbe616f/files/5684e08ec2f241519675874fea4132c2.docx
昆山市-昆154,昆山市,昆154,圆柏,Juniperus chinensis Roxb.,306,11.8,137,7,亭林园水池边,二级,31.394995,121.071049,地区级示意,https://ylj.suzhou.gov.cn/szsylj/zygk/202502/0838e48f2ab44181a0bdc6bffcbe616f.shtml,https://ylj.suzhou.gov.cn/szsylj/zygk/202502/0838e48f2ab44181a0bdc6bffcbe616f/files/5684e08ec2f241519675874fea4132c2.docx
昆山市-昆155,昆山市,昆155,圆柏,Juniperus chinensis Roxb.,126,11.5,129,5,亭林园水池边,三级,31.349837,120.969386,地区级示意,https://ylj.suzhou.gov.cn/szsylj/zygk/202502/0838e48f2ab44181a0bdc6bffcbe616f.shtml,https://ylj.suzhou.gov.cn/szsylj/zygk/202502/0838e48f2ab44181a0bdc6bffcbe616f/files/5684e08ec2f241519675874fea4132c2.docx
昆山市-昆156,昆山市,昆156,圆柏,Juniperus chinensis Roxb.,126,6.8,128,6,亭林园大草坪东面,三级,31.427441,121.01671,地区级示意,https://ylj.suzhou.gov.cn/szsylj/zygk/202502/0838e48f2ab44181a0bdc6bffcbe616f.shtml,https://ylj.suzhou.gov.cn/szsylj/zygk/202502/0838e48f2ab44181a0bdc6bffcbe616f/files/5684e08ec2f241519675874fea4132c2.docx
昆山市-昆158,昆山市,昆158,圆柏,Juniperus chinensis Roxb.,126,9,104,5,亭林园大草坪东面,三级,31.454934,121.000022,地区级示意,https://ylj.suzhou.gov.cn/szsylj/zygk/202502/0838e48f2ab44181a0bdc6bffcbe616f.shtml,https://ylj.suzhou.gov.cn/szsylj/zygk/202502/0838e48f2ab44181a0bdc6bffcbe616f/files/5684e08ec2f241519675874fea4132c2.docx
昆山市-昆159,昆山市,昆159,圆柏,Juniperus chinensis Roxb.,126,9,116,1,亭林园大草坪东面,三级,31.385333,121.065266,地区级示意,https://ylj.suzhou.gov.cn/szsylj/zygk/202502/0838e48f2ab44181a0bdc6bffcbe616f.shtml,https://ylj.suzhou.gov.cn/szsylj/zygk/202502/0838e48f2ab44181a0bdc6bffcbe616f/files/5684e08ec2f241519675874fea4132c2.docx
昆山市-昆160,昆山市,昆160,圆柏,Juniperus chinensis Roxb.,586,17.5,226,6,亭林园大草坪东面,一级,31.326631,121.063172,地区级示意,https://ylj.suzhou.gov.cn/szsylj/zygk/202502/0838e48f2ab44181a0bdc6bffcbe616f.shtml,https://ylj.suzhou.gov.cn/szsylj/zygk/202502/0838e48f2ab44181a0bdc6bffcbe616f/files/5684e08ec2f241519675874fea4132c2.docx
昆山市-昆161,昆山市,昆161,圆柏,Juniperus chinensis Roxb.,406,13,173,8,亭林园大草坪东面,二级,31.432364,121.014319,地区级示意,https://ylj.suzhou.gov.cn/szsylj/zygk/202502/0838e48f2ab44181a0bdc6bffcbe616f.shtml,https://ylj.suzhou.gov.cn/szsylj/zygk/202502/0838e48f2ab44181a0bdc6bffcbe616f/files/5684e08ec2f241519675874fea4132c2.docx
昆山市-昆163,昆山市,昆163,圆柏,Juniperus chinensis Roxb.,116,11.5,90,6,亭林园大草坪东面,三级,31.40363,121.016725,地区级示意,https://ylj.suzhou.gov.cn/szsylj/zygk/202502/0838e48f2ab44181a0bdc6bffcbe616f.shtml,https://ylj.suzhou.gov.cn/szsylj/zygk/202502/0838e48f2ab44181a0bdc6bffcbe616f/files/5684e08ec2f241519675874fea4132c2.docx
昆山市-昆164,昆山市,昆164,圆柏,Juniperus chinensis Roxb.,306,10,140,4,亭林园大草坪东面,二级,31.464345,121.016461,地区级示意,https://ylj.suzhou.gov.cn/szsylj/zygk/202502/0838e48f2ab44181a0bdc6bffcbe616f.shtml,https://ylj.suzhou.gov.cn/szsylj/zygk/202502/0838e48f2ab44181a0bdc6bffcbe616f/files/5684e08ec2f241519675874fea4132c2.docx
昆山市-昆165,昆山市,昆165,圆柏,Juniperus chinensis Roxb.,306,11.5,147,7,亭林园大草坪东面,二级,31.403161,120.898868,地区级示意,https://ylj.suzhou.gov.cn/szsylj/zygk/202502/0838e48f2ab44181a0bdc6bffcbe616f.shtml,https://ylj.suzhou.gov.cn/szsylj/zygk/202502/0838e48f2ab44181a0bdc6bffcbe616f/files/5684e08ec2f241519675874fea4132c2.docx
昆山市-昆166,昆山市,昆166,圆柏,Juniperus chinensis Roxb.,406,15.5,155,5,亭林园大草坪东面,二级,31.339046,121.055839,地区级示意,https://ylj.suzhou.gov.cn/szsylj/zygk/202502/0838e48f2ab44181a0bdc6bffcbe616f.shtml,https://ylj.suzhou.gov.cn/szsylj/zygk/202502/0838e48f2ab44181a0bdc6bffcbe616f/files/5684e08ec2f241519675874fea4132c2.docx
昆山市-昆167,昆山市,昆167,圆柏,Juniperus chinensis Roxb.,306,7.5,142,5,亭林园大草坪东面,二级,31.355635,120.889979,地区级示意,https://ylj.suzhou.gov.cn/szsylj/zygk/202502/0838e48f2ab44181a0bdc6bffcbe616f.shtml,https://ylj.suzhou.gov.cn/szsylj/zygk/202502/0838e48f2ab44181a0bdc6bffcbe616f/files/5684e08ec2f241519675874fea4132c2.docx
昆山市-昆168,昆山市,昆168,圆柏,Juniperus chinensis Roxb.,126,14,103,6,亭林园大草坪东面,三级,31.364954,120.968699,地区级示意,https://ylj.suzhou.gov.cn/szsylj/zygk/202502/0838e48f2ab44181a0bdc6bffcbe616f.shtml,https://ylj.suzhou.gov.cn/szsylj/zygk/202502/0838e48f2ab44181a0bdc6bffcbe616f/files/5684e08ec2f241519675874fea4132c2.docx
昆山市-昆169,昆山市,昆169,圆柏,Juniperus chinensis Roxb.,306,18.5,155,9,亭林园大草坪东面,二级,31.305093,120.962308,地区级示意,https://ylj.suzhou.gov.cn/szsylj/zygk/202502/0838e48f2ab44181a0bdc6bffcbe616f.shtml,https://ylj.suzhou.gov.cn/szsylj/zygk/202502/0838e48f2ab44181a0bdc6bffcbe616f/files/5684e08ec2f241519675874fea4132c2.docx
昆山市-昆170,昆山市,昆170,圆柏,Juniperus chinensis Roxb.,306,16.5,140,8,亭林园大草坪东面,二级,31.456268,121.03106,地区级示意,https://ylj.suzhou.gov.cn/szsylj/zygk/202502/0838e48f2ab44181a0bdc6bffcbe616f.shtml,https://ylj.suzhou.gov.cn/szsylj/zygk/202502/0838e48f2ab44181a0bdc6bffcbe616f/files/5684e08ec2f241519675874fea4132c2.docx
昆山市-昆171,昆山市,昆171,圆柏,Juniperus chinensis Roxb.,306,12.5,147,7,亭林园大草坪东面,二级,31.32495,121.003844,地区级示意,https://ylj.suzhou.gov.cn/szsylj/zygk/202502/0838e48f2ab44181a0bdc6bffcbe616f.shtml,https://ylj.suzhou.gov.cn/szsylj/zygk/202502/0838e48f2ab44181a0bdc6bffcbe616f/files/5684e08ec2f241519675874fea4132c2.docx
昆山市-昆172,昆山市,昆172,圆柏,Juniperus chinensis Roxb.,116,13,91,5,亭林园水池边,三级,31.421446,121.027928,地区级示意,https://ylj.suzhou.gov.cn/szsylj/zygk/202502/0838e48f2ab44181a0bdc6bffcbe616f.shtml,https://ylj.suzhou.gov.cn/szsylj/zygk/202502/0838e48f2ab44181a0bdc6bffcbe616f/files/5684e08ec2f241519675874fea4132c2.docx
昆山市-昆173,昆山市,昆173,圆柏,Juniperus chinensis Roxb.,126,16.5,112,5,亭林园水池边,三级,31.382321,120.96852,地区级示意,https://ylj.suzhou.gov.cn/szsylj/zygk/202502/0838e48f2ab44181a0bdc6bffcbe616f.shtml,https://ylj.suzhou.gov.cn/szsylj/zygk/202502/0838e48f2ab44181a0bdc6bffcbe616f/files/5684e08ec2f241519675874fea4132c2.docx
昆山市-昆174,昆山市,昆174,圆柏,Juniperus chinensis Roxb.,306,16.5,138,5,亭林园水池边,二级,31.366213,120.920278,地区级示意,https://ylj.suzhou.gov.cn/szsylj/zygk/202502/0838e48f2ab44181a0bdc6bffcbe616f.shtml,https://ylj.suzhou.gov.cn/szsylj/zygk/202502/0838e48f2ab44181a0bdc6bffcbe616f/files/5684e08ec2f241519675874fea4132c2.docx
昆山市-昆175,昆山市,昆175,圆柏,Juniperus chinensis Roxb.,306,22,142,7,亭林园水池边,二级,31.444622,120.969312,地区级示意,https://ylj.suzhou.gov.cn/szsylj/zygk/202502/0838e48f2ab44181a0bdc6bffcbe616f.shtml,https://ylj.suzhou.gov.cn/szsylj/zygk/202502/0838e48f2ab44181a0bdc6bffcbe616f/files/5684e08ec2f241519675874fea4132c2.docx
昆山市-昆176,昆山市,昆176,圆柏,Juniperus chinensis Roxb.,126,14.5,129,4,亭林园水池边,三级,31.438637,120.896805,地区级示意,https://ylj.suzhou.gov.cn/szsylj/zygk/202502/0838e48f2ab44181a0bdc6bffcbe616f.shtml,https://ylj.suzhou.gov.cn/szsylj/zygk/202502/0838e48f2ab44181a0bdc6bffcbe616f/files/5684e08ec2f241519675874fea4132c2.docx
昆山市-昆177,昆山市,昆177,圆柏,Juniperus chinensis Roxb.,126,15.5,116,5,亭林园水池边,三级,31.395962,120.986548,地区级示意,https://ylj.suzhou.gov.cn/szsylj/zygk/202502/0838e48f2ab44181a0bdc6bffcbe616f.shtml,https://ylj.suzhou.gov.cn/szsylj/zygk/202502/0838e48f2ab44181a0bdc6bffcbe616f/files/5684e08ec2f241519675874fea4132c2.docx
昆山市-昆178,昆山市,昆178,圆柏,Juniperus chinensis Roxb.,586,16.5,193,6,亭林园水池边,一级,31.374783,120.972963,地区级示意,https://ylj.suzhou.gov.cn/szsylj/zygk/202502/0838e48f2ab44181a0bdc6bffcbe616f.shtml,https://ylj.suzhou.gov.cn/szsylj/zygk/202502/0838e48f2ab44181a0bdc6bffcbe616f/files/5684e08ec2f241519675874fea4132c2.docx
昆山市-昆179,昆山市,昆179,圆柏,Juniperus chinensis Roxb.,126,6.5,117,4,亭林园水池边,三级,31.404405,120.941786,地区级示意,https://ylj.suzhou.gov.cn/szsylj/zygk/202502/0838e48f2ab44181a0bdc6bffcbe616f.shtml,https://ylj.suzhou.gov.cn/szsylj/zygk/202502/0838e48f2ab44181a0bdc6bffcbe616f/files/5684e08ec2f241519675874fea4132c2.docx
昆山市-昆180,昆山市,昆180,圆柏,Juniperus chinensis Roxb.,116,16.5,90,4,亭林园水池边,三级,31.452404,120.977704,地区级示意,https://ylj.suzhou.gov.cn/szsylj/zygk/202502/0838e48f2ab44181a0bdc6bffcbe616f.shtml,https://ylj.suzhou.gov.cn/szsylj/zygk/202502/0838e48f2ab44181a0bdc6bffcbe616f/files/5684e08ec2f241519675874fea4132c2.docx
昆山市-昆181,昆山市,昆181,圆柏,Juniperus chinensis Roxb.,306,5.5,144,3,亭林园水池边,二级,31.365682,121.010009,地区级示意,https://ylj.suzhou.gov.cn/szsylj/zygk/202502/0838e48f2ab44181a0bdc6bffcbe616f.shtml,https://ylj.suzhou.gov.cn/szsylj/zygk/202502/0838e48f2ab44181a0bdc6bffcbe616f/files/5684e08ec2f241519675874fea4132c2.docx
昆山市-昆182,昆山市,昆182,圆柏,Juniperus chinensis Roxb.,126,17,123,3,亭林园水池边,三级,31.376569,120.995471,地区级示意,https://ylj.suzhou.gov.cn/szsylj/zygk/202502/0838e48f2ab44181a0bdc6bffcbe616f.shtml,https://ylj.suzhou.gov.cn/szsylj/zygk/202502/0838e48f2ab44181a0bdc6bffcbe616f/files/5684e08ec2f241519675874fea4132c2.docx
昆山市-昆183,昆山市,昆183,圆柏,Juniperus chinensis Roxb.,126,17,126,5,亭林园水池边,三级,31.423208,121.01703,地区级示意,https://ylj.suzhou.gov.cn/szsylj/zygk/202502/0838e48f2ab44181a0bdc6bffcbe616f.shtml,https://ylj.suzhou.gov.cn/szsylj/zygk/202502/0838e48f2ab44181a0bdc6bffcbe616f/files/5684e08ec2f241519675874fea4132c2.docx
昆山市-昆184,昆山市,昆184,圆柏,Juniperus chinensis Roxb.,126,13.5,128,4,亭林园水池边,三级,31.385443,121.074715,地区级示意,https://ylj.suzhou.gov.cn/szsylj/zygk/202502/0838e48f2ab44181a0bdc6bffcbe616f.shtml,https://ylj.suzhou.gov.cn/szsylj/zygk/202502/0838e48f2ab44181a0bdc6bffcbe616f/files/5684e08ec2f241519675874fea4132c2.docx
昆山市-昆185,昆山市,昆185,圆柏,Juniperus chinensis Roxb.,126,13.5,100,2,亭林园水池边,三级,31.400864,120.951834,地区级示意,https://ylj.suzhou.gov.cn/szsylj/zygk/202502/0838e48f2ab44181a0bdc6bffcbe616f.shtml,https://ylj.suzhou.gov.cn/szsylj/zygk/202502/0838e48f2ab44181a0bdc6bffcbe616f/files/5684e08ec2f241519675874fea4132c2.docx
昆山市-昆186,昆山市,昆186,圆柏,Juniperus chinensis Roxb.,126,9.5,102,3,亭林园顾炎武纪念馆东侧,三级,31.36133,120.942273,地区级示意,https://ylj.suzhou.gov.cn/szsylj/zygk/202502/0838e48f2ab44181a0bdc6bffcbe616f.shtml,https://ylj.suzhou.gov.cn/szsylj/zygk/202502/0838e48f2ab44181a0bdc6bffcbe616f/files/5684e08ec2f241519675874fea4132c2.docx
昆山市-昆187,昆山市,昆187,圆柏,Juniperus chinensis Roxb.,306,20.5,165,5,亭林园顾炎武纪念馆东侧,二级,31.355029,121.079634,地区级示意,https://ylj.suzhou.gov.cn/szsylj/zygk/202502/0838e48f2ab44181a0bdc6bffcbe616f.shtml,https://ylj.suzhou.gov.cn/szsylj/zygk/202502/0838e48f2ab44181a0bdc6bffcbe616f/files/5684e08ec2f241519675874fea4132c2.docx
昆山市-昆188,昆山市,昆188,圆柏,Juniperus chinensis Roxb.,126,16,107,4,亭林园顾炎武纪念馆东侧,三级,31.351639,120.96796,地区级示意,https://ylj.suzhou.gov.cn/szsylj/zygk/202502/0838e48f2ab44181a0bdc6bffcbe616f.shtml,https://ylj.suzhou.gov.cn/szsylj/zygk/202502/0838e48f2ab44181a0bdc6bffcbe616f/files/5684e08ec2f241519675874fea4132c2.docx
昆山市-昆189,昆山市,昆189,圆柏,Juniperus chinensis Roxb.,126,16,132,7,亭林园顾炎武纪念馆东侧,三级,31.369289,120.87147,地区级示意,https://ylj.suzhou.gov.cn/szsylj/zygk/202502/0838e48f2ab44181a0bdc6bffcbe616f.shtml,https://ylj.suzhou.gov.cn/szsylj/zygk/202502/0838e48f2ab44181a0bdc6bffcbe616f/files/5684e08ec2f241519675874fea4132c2.docx
昆山市-昆190,昆山市,昆190,圆柏,Juniperus chinensis Roxb.,116,15,94,5,亭林园顾炎武纪念馆东侧,三级,31.372134,120.938833,地区级示意,https://ylj.suzhou.gov.cn/szsylj/zygk/202502/0838e48f2ab44181a0bdc6bffcbe616f.shtml,https://ylj.suzhou.gov.cn/szsylj/zygk/202502/0838e48f2ab44181a0bdc6bffcbe616f/files/5684e08ec2f241519675874fea4132c2.docx
昆山市-昆191,昆山市,昆191,圆柏,Juniperus chinensis Roxb.,116,14,95,4,亭林园顾炎武纪念馆东侧,三级,31.401511,121.006977,地区级示意,https://ylj.suzhou.gov.cn/szsylj/zygk/202502/0838e48f2ab44181a0bdc6bffcbe616f.shtml,https://ylj.suzhou.gov.cn/szsylj/zygk/202502/0838e48f2ab44181a0bdc6bffcbe616f/files/5684e08ec2f241519675874fea4132c2.docx
昆山市-昆192,昆山市,昆192,圆柏,Juniperus chinensis Roxb.,126,8.5,48,7,亭林园顾炎武纪念馆东侧,三级,31.396793,121.065154,地区级示意,https://ylj.suzhou.gov.cn/szsylj/zygk/202502/0838e48f2ab44181a0bdc6bffcbe616f.shtml,https://ylj.suzhou.gov.cn/szsylj/zygk/202502/0838e48f2ab44181a0bdc6bffcbe616f/files/5684e08ec2f241519675874fea4132c2.docx
昆山市-昆193,昆山市,昆193,圆柏,Juniperus chinensis Roxb.,126,7.5,85,0,亭林园顾炎武纪念馆东侧,三级,31.384895,121.013521,地区级示意,https://ylj.suzhou.gov.cn/szsylj/zygk/202502/0838e48f2ab44181a0bdc6bffcbe616f.shtml,https://ylj.suzhou.gov.cn/szsylj/zygk/202502/0838e48f2ab44181a0bdc6bffcbe616f/files/5684e08ec2f241519675874fea4132c2.docx
昆山市-昆194,昆山市,昆194,圆柏,Juniperus chinensis Roxb.,126,7.5,110,4,亭林园水池边,三级,31.416999,121.050319,地区级示意,https://ylj.suzhou.gov.cn/szsylj/zygk/202502/0838e48f2ab44181a0bdc6bffcbe616f.shtml,https://ylj.suzhou.gov.cn/szsylj/zygk/202502/0838e48f2ab44181a0bdc6bffcbe616f/files/5684e08ec2f241519675874fea4132c2.docx
昆山市-昆195,昆山市,昆195,圆柏,Juniperus chinensis Roxb.,116,9.5,64,4,亭林园水池边,三级,31.357568,121.039023,地区级示意,https://ylj.suzhou.gov.cn/szsylj/zygk/202502/0838e48f2ab44181a0bdc6bffcbe616f.shtml,https://ylj.suzhou.gov.cn/szsylj/zygk/202502/0838e48f2ab44181a0bdc6bffcbe616f/files/5684e08ec2f241519675874fea4132c2.docx
昆山市-昆196,昆山市,昆196,侧柏,Platycladus orientalis (L.) Franco,126,10.5,109,8,亭林园东侧马路边,三级,31.465148,120.992477,地区级示意,https://ylj.suzhou.gov.cn/szsylj/zygk/202502/0838e48f2ab44181a0bdc6bffcbe616f.shtml,https://ylj.suzhou.gov.cn/szsylj/zygk/202502/0838e48f2ab44181a0bdc6bffcbe616f/files/5684e08ec2f241519675874fea4132c2.docx
昆山市-昆197,昆山市,昆197,圆柏,Juniperus chinensis Roxb.,116,10.3,64,4,亭林园东侧马路边,三级,31.359047,121.046622,地区级示意,https://ylj.suzhou.gov.cn/szsylj/zygk/202502/0838e48f2ab44181a0bdc6bffcbe616f.shtml,https://ylj.suzhou.gov.cn/szsylj/zygk/202502/0838e48f2ab44181a0bdc6bffcbe616f/files/5684e08ec2f241519675874fea4132c2.docx
昆山市-昆198,昆山市,昆198,圆柏,Juniperus chinensis Roxb.,116,9.2,83,6,亭林园东侧马路边,三级,31.414843,120.901353,地区级示意,https://ylj.suzhou.gov.cn/szsylj/zygk/202502/0838e48f2ab44181a0bdc6bffcbe616f.shtml,https://ylj.suzhou.gov.cn/szsylj/zygk/202502/0838e48f2ab44181a0bdc6bffcbe616f/files/5684e08ec2f241519675874fea4132c2.docx
昆山市-昆199,昆山市,昆199,圆柏,Juniperus chinensis Roxb.,126,1.5,117,0,亭林园东侧马路边,三级,31.3924,120.969434,地区级示意,https://ylj.suzhou.gov.cn/szsylj/zygk/202502/0838e48f2ab44181a0bdc6bffcbe616f.shtml,https://ylj.suzhou.gov.cn/szsylj/zygk/202502/0838e48f2ab44181a0bdc6bffcbe616f/files/5684e08ec2f241519675874fea4132c2.docx
昆山市-昆200,昆山市,昆200,圆柏,Juniperus chinensis Roxb.,126,12.3,107,5,亭林园水池边,三级,31.340139,121.023445,地区级示意,https://ylj.suzhou.gov.cn/szsylj/zygk/202502/0838e48f2ab44181a0bdc6bffcbe616f.shtml,https://ylj.suzhou.gov.cn/szsylj/zygk/202502/0838e48f2ab44181a0bdc6bffcbe616f/files/5684e08ec2f241519675874fea4132c2.docx
昆山市-昆201,昆山市,昆201,圆柏,Juniperus chinensis Roxb.,116,7.8,84,5,亭林园东侧马路边,三级,31.331795,121.034294,地区级示意,https://ylj.suzhou.gov.cn/szsylj/zygk/202502/0838e48f2ab44181a0bdc6bffcbe616f.shtml,https://ylj.suzhou.gov.cn/szsylj/zygk/202502/0838e48f2ab44181a0bdc6bffcbe616f/files/5684e08ec2f241519675874fea4132c2.docx
昆山市-昆202,昆山市,昆202,圆柏,Juniperus chinensis Roxb.,126,14.5,110,8,亭林园东侧马路边,三级,31.414175,120.94459,地区级示意,https://ylj.suzhou.gov.cn/szsylj/zygk/202502/0838e48f2ab44181a0bdc6bffcbe616f.shtml,https://ylj.suzhou.gov.cn/szsylj/zygk/202502/0838e48f2ab44181a0bdc6bffcbe616f/files/5684e08ec2f241519675874fea4132c2.docx
昆山市-昆203,昆山市,昆203,圆柏,Juniperus chinensis Roxb.,116,9.8,81,3,亭林园东侧马路边,三级,31.403498,120.892872,地区级示意,https://ylj.suzhou.gov.cn/szsylj/zygk/202502/0838e48f2ab44181a0bdc6bffcbe616f.shtml,https://ylj.suzhou.gov.cn/szsylj/zygk/202502/0838e48f2ab44181a0bdc6bffcbe616f/files/5684e08ec2f241519675874fea4132c2.docx
昆山市-昆204,昆山市,昆204,圆柏,Juniperus chinensis Roxb.,116,9.8,86,6,亭林园东侧马路边,三级,31.354619,121.019104,地区级示意,https://ylj.suzhou.gov.cn/szsylj/zygk/202502/0838e48f2ab44181a0bdc6bffcbe616f.shtml,https://ylj.suzhou.gov.cn/szsylj/zygk/202502/0838e48f2ab44181a0bdc6bffcbe616f/files/5684e08ec2f241519675874fea4132c2.docx
昆山市-昆205,昆山市,昆205,圆柏,Juniperus chinensis Roxb.,126,11.7,100,5,亭林园东侧马路边,三级,31.314008,120.968295,地区级示意,https://ylj.suzhou.gov.cn/szsylj/zygk/202502/0838e48f2ab44181a0bdc6bffcbe616f.shtml,https://ylj.suzhou.gov.cn/szsylj/zygk/202502/0838e48f2ab44181a0bdc6bffcbe616f/files/5684e08ec2f241519675874fea4132c2.docx
昆山市-昆206,昆山市,昆206,圆柏,Juniperus chinensis Roxb.,126,14.4,121,5,亭林园东侧马路边,三级,31.35154,121.083953,地区级示意,https://ylj.suzhou.gov.cn/szsylj/zygk/202502/0838e48f2ab44181a0bdc6bffcbe616f.shtml,https://ylj.suzhou.gov.cn/szsylj/zygk/202502/0838e48f2ab44181a0bdc6bffcbe616f/files/5684e08ec2f241519675874fea4132c2.docx
昆山市-昆207,昆山市,昆207,圆柏,Juniperus chinensis Roxb.,116,10.7,97,7,亭林园东侧马路边,三级,31.358986,121.010828,地区级示意,https://ylj.suzhou.gov.cn/szsylj/zygk/202502/0838e48f2ab44181a0bdc6bffcbe616f.shtml,https://ylj.suzhou.gov.cn/szsylj/zygk/202502/0838e48f2ab44181a0bdc6bffcbe616f/files/5684e08ec2f241519675874fea4132c2.docx
昆山市-昆208,昆山市,昆208,圆柏,Juniperus chinensis Roxb.,116,10.2,96,7,亭林园东侧马路边,三级,31.360147,121.069681,地区级示意,https://ylj.suzhou.gov.cn/szsylj/zygk/202502/0838e48f2ab44181a0bdc6bffcbe616f.shtml,https://ylj.suzhou.gov.cn/szsylj/zygk/202502/0838e48f2ab44181a0bdc6bffcbe616f/files/5684e08ec2f241519675874fea4132c2.docx
昆山市-昆209,昆山市,昆209,圆柏,Juniperus chinensis Roxb.,116,9.4,82,5,亭林园东侧马路边,三级,31.307066,120.957184,地区级示意,https://ylj.suzhou.gov.cn/szsylj/zygk/202502/0838e48f2ab44181a0bdc6bffcbe616f.shtml,https://ylj.suzhou.gov.cn/szsylj/zygk/202502/0838e48f2ab44181a0bdc6bffcbe616f/files/5684e08ec2f241519675874fea4132c2.docx
昆山市-昆210,昆山市,昆210,圆柏,Juniperus chinensis Roxb.,126,12,107,5,亭林园东侧马路边,三级,31.41687,121.075321,地区级示意,https://ylj.suzhou.gov.cn/szsylj/zygk/202502/0838e48f2ab44181a0bdc6bffcbe616f.shtml,https://ylj.suzhou.gov.cn/szsylj/zygk/202502/0838e48f2ab44181a0bdc6bffcbe616f/files/5684e08ec2f241519675874fea4132c2.docx
昆山市-昆211,昆山市,昆211,圆柏,Juniperus chinensis Roxb.,116,11.1,93,6,亭林园东侧马路边,三级,31.446966,121.002889,地区级示意,https://ylj.suzhou.gov.cn/szsylj/zygk/202502/0838e48f2ab44181a0bdc6bffcbe616f.shtml,https://ylj.suzhou.gov.cn/szsylj/zygk/202502/0838e48f2ab44181a0bdc6bffcbe616f/files/5684e08ec2f241519675874fea4132c2.docx
昆山市-昆212,昆山市,昆212,皂荚,Gleditsia sinensis Lam.,116,16,99,8,亭林园健康步道1500步旁,三级,31.375711,120.983781,地区级示意,https://ylj.suzhou.gov.cn/szsylj/zygk/202502/0838e48f2ab44181a0bdc6bffcbe616f.shtml,https://ylj.suzhou.gov.cn/szsylj/zygk/202502/0838e48f2ab44181a0bdc6bffcbe616f/files/5684e08ec2f241519675874fea4132c2.docx
昆山市-昆213,昆山市,昆213,皂荚,Gleditsia sinensis Lam.,116,16.2,100,9,亭林园健康步道1500步旁,三级,31.322069,120.999997,地区级示意,https://ylj.suzhou.gov.cn/szsylj/zygk/202502/0838e48f2ab44181a0bdc6bffcbe616f.shtml,https://ylj.suzhou.gov.cn/szsylj/zygk/202502/0838e48f2ab44181a0bdc6bffcbe616f/files/5684e08ec2f241519675874fea4132c2.docx
昆山市-昆214,昆山市,昆214,糙叶树,Aphananthe aspera (Thunb.) Planch.,126,19.4,130,20,亭林园桂花林内,三级,31.46096,120.926058,地区级示意,https://ylj.suzhou.gov.cn/szsylj/zygk/202502/0838e48f2ab44181a0bdc6bffcbe616f.shtml,https://ylj.suzhou.gov.cn/szsylj/zygk/202502/0838e48f2ab44181a0bdc6bffcbe616f/files/5684e08ec2f241519675874fea4132c2.docx
昆山市-昆215,昆山市,昆215,枸骨,Ilex cornuta Lindl. & Paxton,166,4,62,3,亭林园栖云轩北侧,三级,31.332072,121.071209,地区级示意,https://ylj.suzhou.gov.cn/szsylj/zygk/202502/0838e48f2ab44181a0bdc6bffcbe616f.shtml,https://ylj.suzhou.gov.cn/szsylj/zygk/202502/0838e48f2ab44181a0bdc6bffcbe616f/files/5684e08ec2f241519675874fea4132c2.docx
昆山市-昆216,昆山市,昆216,木樨,Osmanthus fragrans Lour.,316,15,104,12,亭林园方还亭前东侧,二级,31.319343,121.036178,地区级示意,https://ylj.suzhou.gov.cn/szsylj/zygk/202502/0838e48f2ab44181a0bdc6bffcbe616f.shtml,https://ylj.suzhou.gov.cn/szsylj/zygk/202502/0838e48f2ab44181a0bdc6bffcbe616f/files/5684e08ec2f241519675874fea4132c2.docx
昆山市-昆217,昆山市,昆217,木樨,Osmanthus fragrans Lour.,266,13.5,76,7,亭林园方还亭东侧,三级,31.377615,121.013416,地区级示意,https://ylj.suzhou.gov.cn/szsylj/zygk/202502/0838e48f2ab44181a0bdc6bffcbe616f.shtml,https://ylj.suzhou.gov.cn/szsylj/zygk/202502/0838e48f2ab44181a0bdc6bffcbe616f/files/5684e08ec2f241519675874fea4132c2.docx
昆山市-昆218,昆山市,昆218,柳杉,Cryptomeria japonica var. sinensis Miq.,116,16,128,6,亭林园顾炎武纪念馆东南侧,三级,31.387096,120.866672,地区级示意,https://ylj.suzhou.gov.cn/szsylj/zygk/202502/0838e48f2ab44181a0bdc6bffcbe616f.shtml,https://ylj.suzhou.gov.cn/szsylj/zygk/202502/0838e48f2ab44181a0bdc6bffcbe616f/files/5684e08ec2f241519675874fea4132c2.docx
昆山市-昆219,昆山市,昆219,柳杉,Cryptomeria japonica var. sinensis Miq.,116,16.8,87,4,亭林园顾炎武纪念馆东南侧,三级,31.405135,120.941706,地区级示意,https://ylj.suzhou.gov.cn/szsylj/zygk/202502/0838e48f2ab44181a0bdc6bffcbe616f.shtml,https://ylj.suzhou.gov.cn/szsylj/zygk/202502/0838e48f2ab44181a0bdc6bffcbe616f/files/5684e08ec2f241519675874fea4132c2.docx
昆山市-昆220,昆山市,昆220,柳杉,Cryptomeria japonica var. sinensis Miq.,116,16,124,3,亭林园顾炎武纪念馆东南侧,三级,31.303458,120.942192,地区级示意,https://ylj.suzhou.gov.cn/szsylj/zygk/202502/0838e48f2ab44181a0bdc6bffcbe616f.shtml,https://ylj.suzhou.gov.cn/szsylj/zygk/202502/0838e48f2ab44181a0bdc6bffcbe616f/files/5684e08ec2f241519675874fea4132c2.docx
昆山市-昆221,昆山市,昆221,罗汉松,Podocarpus macrophyllus (Thunb.) Sweet,146,7.3,57,4,亭林园并蒂莲池旁,三级,31.394439,121.019946,地区级示意,https://ylj.suzhou.gov.cn/szsylj/zygk/202502/0838e48f2ab44181a0bdc6bffcbe616f.shtml,https://ylj.suzhou.gov.cn/szsylj/zygk/202502/0838e48f2ab44181a0bdc6bffcbe616f/files/5684e08ec2f241519675874fea4132c2.docx
昆山市-昆222,昆山市,昆222,罗汉松,Podocarpus macrophyllus (Thunb.) Sweet,116,5.5,65,7,亭林园顾炎武纪念馆对侧,三级,31.384862,121.081884,地区级示意,https://ylj.suzhou.gov.cn/szsylj/zygk/202502/0838e48f2ab44181a0bdc6bffcbe616f.shtml,https://ylj.suzhou.gov.cn/szsylj/zygk/202502/0838e48f2ab44181a0bdc6bffcbe616f/files/5684e08ec2f241519675874fea4132c2.docx
昆山市-昆223,昆山市,昆223,罗汉松,Podocarpus macrophyllus (Thunb.) Sweet,106,9.5,131,8,亭林园顾炎武纪念馆对侧,三级,31.430173,121.005179,地区级示意,https://ylj.suzhou.gov.cn/szsylj/zygk/202502/0838e48f2ab44181a0bdc6bffcbe616f.shtml,https://ylj.suzhou.gov.cn/szsylj/zygk/202502/0838e48f2ab44181a0bdc6bffcbe616f/files/5684e08ec2f241519675874fea4132c2.docx
昆山市-昆224,昆山市,昆224,罗汉松,Podocarpus macrophyllus (Thunb.) Sweet,116,8.3,61,8,亭林园琼花王东侧,三级,31.459825,120.982575,地区级示意,https://ylj.suzhou.gov.cn/szsylj/zygk/202502/0838e48f2ab44181a0bdc6bffcbe616f.shtml,https://ylj.suzhou.gov.cn/szsylj/zygk/202502/0838e48f2ab44181a0bdc6bffcbe616f/files/5684e08ec2f241519675874fea4132c2.docx
昆山市-昆225,昆山市,昆225,紫藤,Wisteria sinensis (Sims) Sweet,316,4,126,6,亭林园并蒂莲池旁,二级,31.309292,120.943678,地区级示意,https://ylj.suzhou.gov.cn/szsylj/zygk/202502/0838e48f2ab44181a0bdc6bffcbe616f.shtml,https://ylj.suzhou.gov.cn/szsylj/zygk/202502/0838e48f2ab44181a0bdc6bffcbe616f/files/5684e08ec2f241519675874fea4132c2.docx
昆山市-昆226,昆山市,昆226,荷花玉兰,Magnolia grandiflora L.,116,15,192,12,亭林园琼花王东侧,三级,31.310928,120.920567,地区级示意,https://ylj.suzhou.gov.cn/szsylj/zygk/202502/0838e48f2ab44181a0bdc6bffcbe616f.shtml,https://ylj.suzhou.gov.cn/szsylj/zygk/202502/0838e48f2ab44181a0bdc6bffcbe616f/files/5684e08ec2f241519675874fea4132c2.docx
昆山市-昆227,昆山市,昆227,荷花玉兰,Magnolia grandiflora L.,116,13,174,13,亭林园琼花王西侧,三级,31.395096,120.888999,地区级示意,https://ylj.suzhou.gov.cn/szsylj/zygk/202502/0838e48f2ab44181a0bdc6bffcbe616f.shtml,https://ylj.suzhou.gov.cn/szsylj/zygk/202502/0838e48f2ab44181a0bdc6bffcbe616f/files/5684e08ec2f241519675874fea4132c2.docx
昆山市-昆228,昆山市,昆228,香樟,Camphora officinarum Nees,136,20,248,13,亭林园箓竹居休闲区北侧入口处,三级,31.410876,120.949313,地区级示意,https://ylj.suzhou.gov.cn/szsylj/zygk/202502/0838e48f2ab44181a0bdc6bffcbe616f.shtml,https://ylj.suzhou.gov.cn/szsylj/zygk/202502/0838e48f2ab44181a0bdc6bffcbe616f/files/5684e08ec2f241519675874fea4132c2.docx
昆山市-昆229,昆山市,昆229,香樟,Camphora officinarum Nees,506,18,496,18,昆山市第二人民医院内,一级,31.315892,121.036575,地区级示意,https://ylj.suzhou.gov.cn/szsylj/zygk/202502/0838e48f2ab44181a0bdc6bffcbe616f.shtml,https://ylj.suzhou.gov.cn/szsylj/zygk/202502/0838e48f2ab44181a0bdc6bffcbe616f/files/5684e08ec2f241519675874fea4132c2.docx
昆山市-昆230,昆山市,昆230,银杏,Ginkgo biloba L.,120,12,196,11,经济开发区综合保税区,三级,31.445459,121.017167,地区级示意,https://ylj.suzhou.gov.cn/szsylj/zygk/202502/0838e48f2ab44181a0bdc6bffcbe616f.shtml,https://ylj.suzhou.gov.cn/szsylj/zygk/202502/0838e48f2ab44181a0bdc6bffcbe616f/files/5684e08ec2f241519675874fea4132c2.docx
昆山市-昆231,昆山市,昆231,银杏,Ginkgo biloba L.,215,17,314,12,经济开发区综合保税区,三级,31.378698,121.023987,地区级示意,https://ylj.suzhou.gov.cn/szsylj/zygk/202502/0838e48f2ab44181a0bdc6bffcbe616f.shtml,https://ylj.suzhou.gov.cn/szsylj/zygk/202502/0838e48f2ab44181a0bdc6bffcbe616f/files/5684e08ec2f241519675874fea4132c2.docx
昆山市-昆232,昆山市,昆232,鸡爪槭,Acer palmatum Thunb. in Murray,136,6.2,90,13,亭林园水池边,三级,31.368623,120.902908,地区级示意,https://ylj.suzhou.gov.cn/szsylj/zygk/202502/0838e48f2ab44181a0bdc6bffcbe616f.shtml,https://ylj.suzhou.gov.cn/szsylj/zygk/202502/0838e48f2ab44181a0bdc6bffcbe616f/files/5684e08ec2f241519675874fea4132c2.docx
昆山市-昆233,昆山市,昆233,木樨,Osmanthus fragrans Lour.,216,11.7,101,12,亭林园顾炎武纪念馆内,三级,31.434501,120.905743,地区级示意,https://ylj.suzhou.gov.cn/szsylj/zygk/202502/0838e48f2ab44181a0bdc6bffcbe616f.shtml,https://ylj.suzhou.gov.cn/szsylj/zygk/202502/0838e48f2ab44181a0bdc6bffcbe616f/files/5684e08ec2f241519675874fea4132c2.docx
昆山市-昆234,昆山市,昆234,黄杨,Buxus sinica (Rehder & E. H.Wilson) M. Cheng,100,8.5,139,6,锦溪镇锦溪古镇德求堂,三级,31.348687,121.052433,地区级示意,https://ylj.suzhou.gov.cn/szsylj/zygk/202502/0838e48f2ab44181a0bdc6bffcbe616f.shtml,https://ylj.suzhou.gov.cn/szsylj/zygk/202502/0838e48f2ab44181a0bdc6bffcbe616f/files/5684e08ec2f241519675874fea4132c2.docx
吴江区-吴江1,吴江区,吴江1,银杏,Ginkgo biloba L.,816,17,458,13.8,三角井南银杏广场,一级,31.201725,120.687161,地区级示意,https://ylj.suzhou.gov.cn/szsylj/zygk/202502/76c859abcaff4743a7f19c0d8d1d1eaf.shtml,https://ylj.suzhou.gov.cn/szsylj/zygk/202502/76c859abcaff4743a7f19c0d8d1d1eaf/files/caeb98a84023445498b4b377d2e027e8.docx
吴江区-吴江2,吴江区,吴江2,银杏,Ginkgo biloba L.,1216,15,471,9.3,圆通寺内（南）,一级,31.295017,120.6387,地区级示意,https://ylj.suzhou.gov.cn/szsylj/zygk/202502/76c859abcaff4743a7f19c0d8d1d1eaf.shtml,https://ylj.suzhou.gov.cn/szsylj/zygk/202502/76c859abcaff4743a7f19c0d8d1d1eaf/files/caeb98a84023445498b4b377d2e027e8.docx
吴江区-吴江3,吴江区,吴江3,银杏,Ginkgo biloba L.,1216,13,559,10.5,圆通寺内（北）,一级,31.245946,120.609468,地区级示意,https://ylj.suzhou.gov.cn/szsylj/zygk/202502/76c859abcaff4743a7f19c0d8d1d1eaf.shtml,https://ylj.suzhou.gov.cn/szsylj/zygk/202502/76c859abcaff4743a7f19c0d8d1d1eaf/files/caeb98a84023445498b4b377d2e027e8.docx
吴江区-吴江7,吴江区,吴江7,佘山羊奶子,Elaeagnus argyi H. Lév.,136,14.5,100,9.7,斜桥弄4号实验小学幼儿园,三级,31.044037,120.613089,地区级示意,https://ylj.suzhou.gov.cn/szsylj/zygk/202502/76c859abcaff4743a7f19c0d8d1d1eaf.shtml,https://ylj.suzhou.gov.cn/szsylj/zygk/202502/76c859abcaff4743a7f19c0d8d1d1eaf/files/caeb98a84023445498b4b377d2e027e8.docx
吴江区-吴江8,吴江区,吴江8,银杏,Ginkgo biloba L.,210,17.5,198,10.8,屯南4组澄墟庙（东侧）,三级,31.25739,120.681584,地区级示意,https://ylj.suzhou.gov.cn/szsylj/zygk/202502/76c859abcaff4743a7f19c0d8d1d1eaf.shtml,https://ylj.suzhou.gov.cn/szsylj/zygk/202502/76c859abcaff4743a7f19c0d8d1d1eaf/files/caeb98a84023445498b4b377d2e027e8.docx
吴江区-吴江9,吴江区,吴江9,银杏,Ginkgo biloba L.,210,15.7,251,11,屯南4组澄墟庙（西侧）,三级,31.074113,120.632987,地区级示意,https://ylj.suzhou.gov.cn/szsylj/zygk/202502/76c859abcaff4743a7f19c0d8d1d1eaf.shtml,https://ylj.suzhou.gov.cn/szsylj/zygk/202502/76c859abcaff4743a7f19c0d8d1d1eaf/files/caeb98a84023445498b4b377d2e027e8.docx
吴江区-吴江10,吴江区,吴江10,银杏,Ginkgo biloba L.,150,18,220,10.9,北联村1组西振庙圩,三级,31.180275,120.660393,地区级示意,https://ylj.suzhou.gov.cn/szsylj/zygk/202502/76c859abcaff4743a7f19c0d8d1d1eaf.shtml,https://ylj.suzhou.gov.cn/szsylj/zygk/202502/76c859abcaff4743a7f19c0d8d1d1eaf/files/caeb98a84023445498b4b377d2e027e8.docx
吴江区-吴江11,吴江区,吴江11,银杏,Ginkgo biloba L.,810,15.9,493,10.8,北联村9组庵基,一级,31.082368,120.679697,地区级示意,https://ylj.suzhou.gov.cn/szsylj/zygk/202502/76c859abcaff4743a7f19c0d8d1d1eaf.shtml,https://ylj.suzhou.gov.cn/szsylj/zygk/202502/76c859abcaff4743a7f19c0d8d1d1eaf/files/caeb98a84023445498b4b377d2e027e8.docx
吴江区-吴江12,吴江区,吴江12,银杏,Ginkgo biloba L.,150,15.5,166,7,北联村13组上假山,三级,31.04588,120.655395,地区级示意,https://ylj.suzhou.gov.cn/szsylj/zygk/202502/76c859abcaff4743a7f19c0d8d1d1eaf.shtml,https://ylj.suzhou.gov.cn/szsylj/zygk/202502/76c859abcaff4743a7f19c0d8d1d1eaf/files/caeb98a84023445498b4b377d2e027e8.docx
吴江区-吴江13,吴江区,吴江13,银杏,Ginkgo biloba L.,150,19.5,251,12.2,北联村13组上假山,三级,31.070836,120.598902,地区级示意,https://ylj.suzhou.gov.cn/szsylj/zygk/202502/76c859abcaff4743a7f19c0d8d1d1eaf.shtml,https://ylj.suzhou.gov.cn/szsylj/zygk/202502/76c859abcaff4743a7f19c0d8d1d1eaf/files/caeb98a84023445498b4b377d2e027e8.docx
吴江区-吴江14,吴江区,吴江14,银杏,Ginkgo biloba L.,360,18.4,210,15.7,肖甸湖村4组池浜,二级,31.170507,120.67641,地区级示意,https://ylj.suzhou.gov.cn/szsylj/zygk/202502/76c859abcaff4743a7f19c0d8d1d1eaf.shtml,https://ylj.suzhou.gov.cn/szsylj/zygk/202502/76c859abcaff4743a7f19c0d8d1d1eaf/files/caeb98a84023445498b4b377d2e027e8.docx
吴江区-吴江15,吴江区,吴江15,银杏,Ginkgo biloba L.,410,25.5,317,17.5,竹行街吴家弄,二级,31.273523,120.661231,地区级示意,https://ylj.suzhou.gov.cn/szsylj/zygk/202502/76c859abcaff4743a7f19c0d8d1d1eaf.shtml,https://ylj.suzhou.gov.cn/szsylj/zygk/202502/76c859abcaff4743a7f19c0d8d1d1eaf/files/caeb98a84023445498b4b377d2e027e8.docx
吴江区-吴江16,吴江区,吴江16,紫藤,Wisteria sinensis (Sims) Sweet,120,4.5,69,14,退思园,三级,31.260649,120.569466,地区级示意,https://ylj.suzhou.gov.cn/szsylj/zygk/202502/76c859abcaff4743a7f19c0d8d1d1eaf.shtml,https://ylj.suzhou.gov.cn/szsylj/zygk/202502/76c859abcaff4743a7f19c0d8d1d1eaf/files/caeb98a84023445498b4b377d2e027e8.docx
吴江区-吴江17,吴江区,吴江17,朴树,Celtis sinensis Pers.,120,10.6,170,17.7,退思园,三级,31.163076,120.693362,地区级示意,https://ylj.suzhou.gov.cn/szsylj/zygk/202502/76c859abcaff4743a7f19c0d8d1d1eaf.shtml,https://ylj.suzhou.gov.cn/szsylj/zygk/202502/76c859abcaff4743a7f19c0d8d1d1eaf/files/caeb98a84023445498b4b377d2e027e8.docx
吴江区-吴江18,吴江区,吴江18,广玉兰,Magnolia grandiflora L.,120,14,182,11.4,退思园,三级,31.120015,120.71541,地区级示意,https://ylj.suzhou.gov.cn/szsylj/zygk/202502/76c859abcaff4743a7f19c0d8d1d1eaf.shtml,https://ylj.suzhou.gov.cn/szsylj/zygk/202502/76c859abcaff4743a7f19c0d8d1d1eaf/files/caeb98a84023445498b4b377d2e027e8.docx
吴江区-吴江19,吴江区,吴江19,黄杨,Buxus sinica (Rehder & E. H. Wilson) M. Cheng,120,4.5,52,4.5,退思园,三级,31.070807,120.637698,地区级示意,https://ylj.suzhou.gov.cn/szsylj/zygk/202502/76c859abcaff4743a7f19c0d8d1d1eaf.shtml,https://ylj.suzhou.gov.cn/szsylj/zygk/202502/76c859abcaff4743a7f19c0d8d1d1eaf/files/caeb98a84023445498b4b377d2e027e8.docx
吴江区-吴江20,吴江区,吴江20,紫藤,Wisteria sinensis (Sims) Sweet,120,6.5,66,10,退思园,三级,31.083073,120.713969,地区级示意,https://ylj.suzhou.gov.cn/szsylj/zygk/202502/76c859abcaff4743a7f19c0d8d1d1eaf.shtml,https://ylj.suzhou.gov.cn/szsylj/zygk/202502/76c859abcaff4743a7f19c0d8d1d1eaf/files/caeb98a84023445498b4b377d2e027e8.docx
吴江区-吴江21,吴江区,吴江21,紫薇,Lagerstroemia indica L.,120,6.8,58,5.2,退思园,三级,31.147559,120.593825,地区级示意,https://ylj.suzhou.gov.cn/szsylj/zygk/202502/76c859abcaff4743a7f19c0d8d1d1eaf.shtml,https://ylj.suzhou.gov.cn/szsylj/zygk/202502/76c859abcaff4743a7f19c0d8d1d1eaf/files/caeb98a84023445498b4b377d2e027e8.docx
吴江区-吴江22,吴江区,吴江22,朴树,Celtis sinensis Pers.,120,8,118,7.5,退思园,三级,31.120975,120.681213,地区级示意,https://ylj.suzhou.gov.cn/szsylj/zygk/202502/76c859abcaff4743a7f19c0d8d1d1eaf.shtml,https://ylj.suzhou.gov.cn/szsylj/zygk/202502/76c859abcaff4743a7f19c0d8d1d1eaf/files/caeb98a84023445498b4b377d2e027e8.docx
吴江区-吴江23,吴江区,吴江23,朴树,Celtis sinensis Pers.,120,13.8,124,11,退思园,三级,31.25818,120.64017,地区级示意,https://ylj.suzhou.gov.cn/szsylj/zygk/202502/76c859abcaff4743a7f19c0d8d1d1eaf.shtml,https://ylj.suzhou.gov.cn/szsylj/zygk/202502/76c859abcaff4743a7f19c0d8d1d1eaf/files/caeb98a84023445498b4b377d2e027e8.docx
吴江区-吴江24,吴江区,吴江24,朴树,Celtis sinensis Pers.,120,14.5,162,11.9,退思园,三级,31.134376,120.628324,地区级示意,https://ylj.suzhou.gov.cn/szsylj/zygk/202502/76c859abcaff4743a7f19c0d8d1d1eaf.shtml,https://ylj.suzhou.gov.cn/szsylj/zygk/202502/76c859abcaff4743a7f19c0d8d1d1eaf/files/caeb98a84023445498b4b377d2e027e8.docx
吴江区-吴江25,吴江区,吴江25,朴树,Celtis sinensis Pers.,120,13.5,117,11.5,退思园,三级,31.243772,120.721473,地区级示意,https://ylj.suzhou.gov.cn/szsylj/zygk/202502/76c859abcaff4743a7f19c0d8d1d1eaf.shtml,https://ylj.suzhou.gov.cn/szsylj/zygk/202502/76c859abcaff4743a7f19c0d8d1d1eaf/files/caeb98a84023445498b4b377d2e027e8.docx
吴江区-吴江26,吴江区,吴江26,朴树,Celtis sinensis Pers.,120,10,141,9.3,退思园,三级,31.264347,120.595643,地区级示意,https://ylj.suzhou.gov.cn/szsylj/zygk/202502/76c859abcaff4743a7f19c0d8d1d1eaf.shtml,https://ylj.suzhou.gov.cn/szsylj/zygk/202502/76c859abcaff4743a7f19c0d8d1d1eaf/files/caeb98a84023445498b4b377d2e027e8.docx
吴江区-吴江27,吴江区,吴江27,香樟,Camphora officinarum Nees,120,16,223,17.1,退思园,三级,31.021236,120.617983,地区级示意,https://ylj.suzhou.gov.cn/szsylj/zygk/202502/76c859abcaff4743a7f19c0d8d1d1eaf.shtml,https://ylj.suzhou.gov.cn/szsylj/zygk/202502/76c859abcaff4743a7f19c0d8d1d1eaf/files/caeb98a84023445498b4b377d2e027e8.docx
吴江区-吴江28,吴江区,吴江28,白皮松,Pinus bungeana Zucc. ex Endl.,410,11,113,7.8,耕乐堂,二级,31.086201,120.576607,地区级示意,https://ylj.suzhou.gov.cn/szsylj/zygk/202502/76c859abcaff4743a7f19c0d8d1d1eaf.shtml,https://ylj.suzhou.gov.cn/szsylj/zygk/202502/76c859abcaff4743a7f19c0d8d1d1eaf/files/caeb98a84023445498b4b377d2e027e8.docx
吴江区-吴江29,吴江区,吴江29,木樨,Osmanthus fragrans (Thunb.) Lour.,120,6.4,79,5.1,耕乐堂,三级,31.240154,120.695345,地区级示意,https://ylj.suzhou.gov.cn/szsylj/zygk/202502/76c859abcaff4743a7f19c0d8d1d1eaf.shtml,https://ylj.suzhou.gov.cn/szsylj/zygk/202502/76c859abcaff4743a7f19c0d8d1d1eaf/files/caeb98a84023445498b4b377d2e027e8.docx
吴江区-吴江31,吴江区,吴江31,黄杨,Buxus sinica (Rehder & E. H. Wilson) M. Cheng,120,4.6,53,4.9,耕乐堂,三级,31.269032,120.589471,地区级示意,https://ylj.suzhou.gov.cn/szsylj/zygk/202502/76c859abcaff4743a7f19c0d8d1d1eaf.shtml,https://ylj.suzhou.gov.cn/szsylj/zygk/202502/76c859abcaff4743a7f19c0d8d1d1eaf/files/caeb98a84023445498b4b377d2e027e8.docx
吴江区-吴江34,吴江区,吴江34,银杏,Ginkgo biloba L.,410,17.5,350,11.7,秋甸村14组赤字圩,二级,31.25452,120.665379,地区级示意,https://ylj.suzhou.gov.cn/szsylj/zygk/202502/76c859abcaff4743a7f19c0d8d1d1eaf.shtml,https://ylj.suzhou.gov.cn/szsylj/zygk/202502/76c859abcaff4743a7f19c0d8d1d1eaf/files/caeb98a84023445498b4b377d2e027e8.docx
吴江区-吴江35,吴江区,吴江35,腊梅,Chimonanthus praecox (L.)Link.,380,2.8,126,3.1,黎星村20组叶家埭,二级,31.088033,120.587907,地区级示意,https://ylj.suzhou.gov.cn/szsylj/zygk/202502/76c859abcaff4743a7f19c0d8d1d1eaf.shtml,https://ylj.suzhou.gov.cn/szsylj/zygk/202502/76c859abcaff4743a7f19c0d8d1d1eaf/files/caeb98a84023445498b4b377d2e027e8.docx
吴江区-吴江36,吴江区,吴江36,山茶,Camellia japonica L.,120,4.5,36,4.7,浒泾街兴黎路251号,三级,31.052221,120.657765,地区级示意,https://ylj.suzhou.gov.cn/szsylj/zygk/202502/76c859abcaff4743a7f19c0d8d1d1eaf.shtml,https://ylj.suzhou.gov.cn/szsylj/zygk/202502/76c859abcaff4743a7f19c0d8d1d1eaf/files/caeb98a84023445498b4b377d2e027e8.docx
吴江区-吴江37,吴江区,吴江37,黄杨,Buxus sinica (Rehder & E. H. Wilson) M. Cheng,110,5.1,73,5.3,浒泾街兴黎路251号,三级,31.261782,120.589458,地区级示意,https://ylj.suzhou.gov.cn/szsylj/zygk/202502/76c859abcaff4743a7f19c0d8d1d1eaf.shtml,https://ylj.suzhou.gov.cn/szsylj/zygk/202502/76c859abcaff4743a7f19c0d8d1d1eaf/files/caeb98a84023445498b4b377d2e027e8.docx
吴江区-吴江38,吴江区,吴江38,黄杨,Buxus sinica (Rehder & E. H. Wilson) M. Cheng,130,4.9,91,5.3,西新街西新弄10号,三级,31.251921,120.641584,地区级示意,https://ylj.suzhou.gov.cn/szsylj/zygk/202502/76c859abcaff4743a7f19c0d8d1d1eaf.shtml,https://ylj.suzhou.gov.cn/szsylj/zygk/202502/76c859abcaff4743a7f19c0d8d1d1eaf/files/caeb98a84023445498b4b377d2e027e8.docx
吴江区-吴江40,吴江区,吴江40,银杏,Ginkgo biloba L.,310,16.8,273,13,平西杨扇,二级,31.117263,120.555375,地区级示意,https://ylj.suzhou.gov.cn/szsylj/zygk/202502/76c859abcaff4743a7f19c0d8d1d1eaf.shtml,https://ylj.suzhou.gov.cn/szsylj/zygk/202502/76c859abcaff4743a7f19c0d8d1d1eaf/files/caeb98a84023445498b4b377d2e027e8.docx
吴江区-吴江43,吴江区,吴江43,银杏,Ginkgo biloba L.,510,20.8,367,16.8,黄家溪村大家庙,一级,31.16312,120.624041,地区级示意,https://ylj.suzhou.gov.cn/szsylj/zygk/202502/76c859abcaff4743a7f19c0d8d1d1eaf.shtml,https://ylj.suzhou.gov.cn/szsylj/zygk/202502/76c859abcaff4743a7f19c0d8d1d1eaf/files/caeb98a84023445498b4b377d2e027e8.docx
吴江区-吴江44,吴江区,吴江44,银杏,Ginkgo biloba L.,410,20,300,15.3,黄家溪村老太庙,二级,31.249953,120.630762,地区级示意,https://ylj.suzhou.gov.cn/szsylj/zygk/202502/76c859abcaff4743a7f19c0d8d1d1eaf.shtml,https://ylj.suzhou.gov.cn/szsylj/zygk/202502/76c859abcaff4743a7f19c0d8d1d1eaf/files/caeb98a84023445498b4b377d2e027e8.docx
吴江区-吴江45,吴江区,吴江45,银杏,Ginkgo biloba L.,410,19.7,250,13,黄家溪村老太庙,二级,31.222926,120.64315,地区级示意,https://ylj.suzhou.gov.cn/szsylj/zygk/202502/76c859abcaff4743a7f19c0d8d1d1eaf.shtml,https://ylj.suzhou.gov.cn/szsylj/zygk/202502/76c859abcaff4743a7f19c0d8d1d1eaf/files/caeb98a84023445498b4b377d2e027e8.docx
吴江区-吴江46,吴江区,吴江46,银杏,Ginkgo biloba L.,360,22.3,350,16.5,北角15组鼎方桥,二级,31.084918,120.689381,地区级示意,https://ylj.suzhou.gov.cn/szsylj/zygk/202502/76c859abcaff4743a7f19c0d8d1d1eaf.shtml,https://ylj.suzhou.gov.cn/szsylj/zygk/202502/76c859abcaff4743a7f19c0d8d1d1eaf/files/caeb98a84023445498b4b377d2e027e8.docx
吴江区-吴江47,吴江区,吴江47,银杏,Ginkgo biloba L.,260,19,250,11.6,黄家溪村西景坊,三级,31.11161,120.579616,地区级示意,https://ylj.suzhou.gov.cn/szsylj/zygk/202502/76c859abcaff4743a7f19c0d8d1d1eaf.shtml,https://ylj.suzhou.gov.cn/szsylj/zygk/202502/76c859abcaff4743a7f19c0d8d1d1eaf/files/caeb98a84023445498b4b377d2e027e8.docx
吴江区-吴江48,吴江区,吴江48,银杏,Ginkgo biloba L.,510,7.3,36,9.5,东港村6组望洋桥,一级,31.200548,120.606513,地区级示意,https://ylj.suzhou.gov.cn/szsylj/zygk/202502/76c859abcaff4743a7f19c0d8d1d1eaf.shtml,https://ylj.suzhou.gov.cn/szsylj/zygk/202502/76c859abcaff4743a7f19c0d8d1d1eaf/files/caeb98a84023445498b4b377d2e027e8.docx
吴江区-吴江49,吴江区,吴江49,银杏,Ginkgo biloba L.,210,20,210,7.5,荷花村15组圣塘头,三级,31.06946,120.58928,地区级示意,https://ylj.suzhou.gov.cn/szsylj/zygk/202502/76c859abcaff4743a7f19c0d8d1d1eaf.shtml,https://ylj.suzhou.gov.cn/szsylj/zygk/202502/76c859abcaff4743a7f19c0d8d1d1eaf/files/caeb98a84023445498b4b377d2e027e8.docx
吴江区-吴江51,吴江区,吴江51,银杏,Ginkgo biloba L.,360,23.2,345,10.5,龙南村朱家湾,二级,31.242983,120.599379,地区级示意,https://ylj.suzhou.gov.cn/szsylj/zygk/202502/76c859abcaff4743a7f19c0d8d1d1eaf.shtml,https://ylj.suzhou.gov.cn/szsylj/zygk/202502/76c859abcaff4743a7f19c0d8d1d1eaf/files/caeb98a84023445498b4b377d2e027e8.docx
吴江区-吴江52,吴江区,吴江52,银杏,Ginkgo biloba L.,260,22,323,10,龙北村8组北麻寺,三级,31.210022,120.676802,地区级示意,https://ylj.suzhou.gov.cn/szsylj/zygk/202502/76c859abcaff4743a7f19c0d8d1d1eaf.shtml,https://ylj.suzhou.gov.cn/szsylj/zygk/202502/76c859abcaff4743a7f19c0d8d1d1eaf/files/caeb98a84023445498b4b377d2e027e8.docx
吴江区-吴江53,吴江区,吴江53,银杏,Ginkgo biloba L.,160,20,229,12,龙北村11组北姚浜,三级,31.105085,120.597057,地区级示意,https://ylj.suzhou.gov.cn/szsylj/zygk/202502/76c859abcaff4743a7f19c0d8d1d1eaf.shtml,https://ylj.suzhou.gov.cn/szsylj/zygk/202502/76c859abcaff4743a7f19c0d8d1d1eaf/files/caeb98a84023445498b4b377d2e027e8.docx
吴江区-吴江54,吴江区,吴江54,银杏,Ginkgo biloba L.,130,19,273,9.8,龙北村10组沈家浜,三级,31.299332,120.629392,地区级示意,https://ylj.suzhou.gov.cn/szsylj/zygk/202502/76c859abcaff4743a7f19c0d8d1d1eaf.shtml,https://ylj.suzhou.gov.cn/szsylj/zygk/202502/76c859abcaff4743a7f19c0d8d1d1eaf/files/caeb98a84023445498b4b377d2e027e8.docx
吴江区-吴江55,吴江区,吴江55,黄杨,Buxus sinica (Rehder & E. H. Wilson) M. Cheng,110,4.5,64,5.4,庄平村2组南浜,三级,31.18243,120.643768,地区级示意,https://ylj.suzhou.gov.cn/szsylj/zygk/202502/76c859abcaff4743a7f19c0d8d1d1eaf.shtml,https://ylj.suzhou.gov.cn/szsylj/zygk/202502/76c859abcaff4743a7f19c0d8d1d1eaf/files/caeb98a84023445498b4b377d2e027e8.docx
吴江区-吴江56,吴江区,吴江56,银杏,Ginkgo biloba L.,120,21,210,11.3,林港村8组栖南庵,三级,31.033181,120.626611,地区级示意,https://ylj.suzhou.gov.cn/szsylj/zygk/202502/76c859abcaff4743a7f19c0d8d1d1eaf.shtml,https://ylj.suzhou.gov.cn/szsylj/zygk/202502/76c859abcaff4743a7f19c0d8d1d1eaf/files/caeb98a84023445498b4b377d2e027e8.docx
吴江区-吴江57,吴江区,吴江57,银杏,Ginkgo biloba L.,120,20,192,11.3,林港村8组栖南庵,三级,31.256393,120.613315,地区级示意,https://ylj.suzhou.gov.cn/szsylj/zygk/202502/76c859abcaff4743a7f19c0d8d1d1eaf.shtml,https://ylj.suzhou.gov.cn/szsylj/zygk/202502/76c859abcaff4743a7f19c0d8d1d1eaf/files/caeb98a84023445498b4b377d2e027e8.docx
吴江区-吴江58,吴江区,吴江58,银杏,Ginkgo biloba L.,510,26,465,13.7,夏家斗村祠山庙,一级,31.196232,120.664823,地区级示意,https://ylj.suzhou.gov.cn/szsylj/zygk/202502/76c859abcaff4743a7f19c0d8d1d1eaf.shtml,https://ylj.suzhou.gov.cn/szsylj/zygk/202502/76c859abcaff4743a7f19c0d8d1d1eaf/files/caeb98a84023445498b4b377d2e027e8.docx
吴江区-吴江59,吴江区,吴江59,银杏,Ginkgo biloba L.,130,22,310,18.8,龙降桥村大悲庵,三级,31.235713,120.598349,地区级示意,https://ylj.suzhou.gov.cn/szsylj/zygk/202502/76c859abcaff4743a7f19c0d8d1d1eaf.shtml,https://ylj.suzhou.gov.cn/szsylj/zygk/202502/76c859abcaff4743a7f19c0d8d1d1eaf/files/caeb98a84023445498b4b377d2e027e8.docx
吴江区-吴江60,吴江区,吴江60,银杏,Ginkgo biloba L.,710,26.6,581,29.4,四都村3组崇福寺,一级,31.03197,120.653313,地区级示意,https://ylj.suzhou.gov.cn/szsylj/zygk/202502/76c859abcaff4743a7f19c0d8d1d1eaf.shtml,https://ylj.suzhou.gov.cn/szsylj/zygk/202502/76c859abcaff4743a7f19c0d8d1d1eaf/files/caeb98a84023445498b4b377d2e027e8.docx
吴江区-吴江61,吴江区,吴江61,银杏,Ginkgo biloba L.,330,24,345,12.8,星字湾村1组吴司庙,二级,31.128451,120.672774,地区级示意,https://ylj.suzhou.gov.cn/szsylj/zygk/202502/76c859abcaff4743a7f19c0d8d1d1eaf.shtml,https://ylj.suzhou.gov.cn/szsylj/zygk/202502/76c859abcaff4743a7f19c0d8d1d1eaf/files/caeb98a84023445498b4b377d2e027e8.docx
吴江区-吴江62,吴江区,吴江62,银杏,Ginkgo biloba L.,330,24,342,12.9,星字湾村1组吴司庙,二级,31.079346,120.593865,地区级示意,https://ylj.suzhou.gov.cn/szsylj/zygk/202502/76c859abcaff4743a7f19c0d8d1d1eaf.shtml,https://ylj.suzhou.gov.cn/szsylj/zygk/202502/76c859abcaff4743a7f19c0d8d1d1eaf/files/caeb98a84023445498b4b377d2e027e8.docx
吴江区-吴江63,吴江区,吴江63,银杏,Ginkgo biloba L.,360,16.3,330,14.3,双湾村通济庵,二级,31.11816,120.566487,地区级示意,https://ylj.suzhou.gov.cn/szsylj/zygk/202502/76c859abcaff4743a7f19c0d8d1d1eaf.shtml,https://ylj.suzhou.gov.cn/szsylj/zygk/202502/76c859abcaff4743a7f19c0d8d1d1eaf/files/caeb98a84023445498b4b377d2e027e8.docx
吴江区-吴江64,吴江区,吴江64,银杏,Ginkgo biloba L.,580,24,358,16.1,亭子港村娘娘庙,一级,31.249858,120.718805,地区级示意,https://ylj.suzhou.gov.cn/szsylj/zygk/202502/76c859abcaff4743a7f19c0d8d1d1eaf.shtml,https://ylj.suzhou.gov.cn/szsylj/zygk/202502/76c859abcaff4743a7f19c0d8d1d1eaf/files/caeb98a84023445498b4b377d2e027e8.docx
吴江区-吴江65,吴江区,吴江65,银杏,Ginkgo biloba L.,110,16,220,9.2,亭子港村娘娘庙,三级,31.113393,120.678119,地区级示意,https://ylj.suzhou.gov.cn/szsylj/zygk/202502/76c859abcaff4743a7f19c0d8d1d1eaf.shtml,https://ylj.suzhou.gov.cn/szsylj/zygk/202502/76c859abcaff4743a7f19c0d8d1d1eaf/files/caeb98a84023445498b4b377d2e027e8.docx
吴江区-吴江66,吴江区,吴江66,银杏,Ginkgo biloba L.,110,16,188,10.4,亭子港村娘娘庙,三级,31.241607,120.566884,地区级示意,https://ylj.suzhou.gov.cn/szsylj/zygk/202502/76c859abcaff4743a7f19c0d8d1d1eaf.shtml,https://ylj.suzhou.gov.cn/szsylj/zygk/202502/76c859abcaff4743a7f19c0d8d1d1eaf/files/caeb98a84023445498b4b377d2e027e8.docx
吴江区-吴江67,吴江区,吴江67,银杏,Ginkgo biloba L.,410,19,405,23,叶家港村菩萨庙,二级,31.239116,120.658815,地区级示意,https://ylj.suzhou.gov.cn/szsylj/zygk/202502/76c859abcaff4743a7f19c0d8d1d1eaf.shtml,https://ylj.suzhou.gov.cn/szsylj/zygk/202502/76c859abcaff4743a7f19c0d8d1d1eaf/files/caeb98a84023445498b4b377d2e027e8.docx
吴江区-吴江68,吴江区,吴江68,银杏,Ginkgo biloba L.,460,13,283,13.5,沧州村墩庙,二级,31.05409,120.63173,地区级示意,https://ylj.suzhou.gov.cn/szsylj/zygk/202502/76c859abcaff4743a7f19c0d8d1d1eaf.shtml,https://ylj.suzhou.gov.cn/szsylj/zygk/202502/76c859abcaff4743a7f19c0d8d1d1eaf/files/caeb98a84023445498b4b377d2e027e8.docx
吴江区-吴江70,吴江区,吴江70,银杏,Ginkgo biloba L.,230,22,310,18.8,望湖村天将庙桥,三级,31.19649,120.702811,地区级示意,https://ylj.suzhou.gov.cn/szsylj/zygk/202502/76c859abcaff4743a7f19c0d8d1d1eaf.shtml,https://ylj.suzhou.gov.cn/szsylj/zygk/202502/76c859abcaff4743a7f19c0d8d1d1eaf/files/caeb98a84023445498b4b377d2e027e8.docx
吴江区-吴江71,吴江区,吴江71,槐,Styphnolobium japonicum (L.) Schott,230,5,220,5.8,望湖村1组小墩村,三级,31.041644,120.671105,地区级示意,https://ylj.suzhou.gov.cn/szsylj/zygk/202502/76c859abcaff4743a7f19c0d8d1d1eaf.shtml,https://ylj.suzhou.gov.cn/szsylj/zygk/202502/76c859abcaff4743a7f19c0d8d1d1eaf/files/caeb98a84023445498b4b377d2e027e8.docx
吴江区-吴江72,吴江区,吴江72,木樨,Osmanthus fragrans (Thunb.) Lour.,130,8,43,7.3,望湖村10组绿莎浜,三级,31.143356,120.622141,地区级示意,https://ylj.suzhou.gov.cn/szsylj/zygk/202502/76c859abcaff4743a7f19c0d8d1d1eaf.shtml,https://ylj.suzhou.gov.cn/szsylj/zygk/202502/76c859abcaff4743a7f19c0d8d1d1eaf/files/caeb98a84023445498b4b377d2e027e8.docx
吴江区-吴江73,吴江区,吴江73,木樨,Osmanthus fragrans (Thunb.) Lour.,130,7,105,7.7,吴娄村18组五家弄,三级,31.04172,120.674649,地区级示意,https://ylj.suzhou.gov.cn/szsylj/zygk/202502/76c859abcaff4743a7f19c0d8d1d1eaf.shtml,https://ylj.suzhou.gov.cn/szsylj/zygk/202502/76c859abcaff4743a7f19c0d8d1d1eaf/files/caeb98a84023445498b4b377d2e027e8.docx
吴江区-吴江74,吴江区,吴江74,木樨,Osmanthus fragrans (Thunb.) Lour.,120,6,91,4.6,吴娄村4组北港滩,三级,31.279449,120.6101,地区级示意,https://ylj.suzhou.gov.cn/szsylj/zygk/202502/76c859abcaff4743a7f19c0d8d1d1eaf.shtml,https://ylj.suzhou.gov.cn/szsylj/zygk/202502/76c859abcaff4743a7f19c0d8d1d1eaf/files/caeb98a84023445498b4b377d2e027e8.docx
吴江区-吴江75,吴江区,吴江75,黄杨,Buxus sinica (Rehder & E. H. Wilson) M. Cheng,160,8,102,5.4,吴娄村庄桥东路12#,三级,31.263701,120.652631,地区级示意,https://ylj.suzhou.gov.cn/szsylj/zygk/202502/76c859abcaff4743a7f19c0d8d1d1eaf.shtml,https://ylj.suzhou.gov.cn/szsylj/zygk/202502/76c859abcaff4743a7f19c0d8d1d1eaf/files/caeb98a84023445498b4b377d2e027e8.docx
吴江区-吴江76,吴江区,吴江76,黄杨,Buxus sinica (Rehder & E. H. Wilson) M. Cheng,120,6,77,6.9,吴娄村2组王家弄,三级,31.134169,120.714818,地区级示意,https://ylj.suzhou.gov.cn/szsylj/zygk/202502/76c859abcaff4743a7f19c0d8d1d1eaf.shtml,https://ylj.suzhou.gov.cn/szsylj/zygk/202502/76c859abcaff4743a7f19c0d8d1d1eaf/files/caeb98a84023445498b4b377d2e027e8.docx
吴江区-吴江77,吴江区,吴江77,银杏,Ginkgo biloba L.,650,6,279,1,隐读村8组仁塘湾,一级,31.229414,120.56585,地区级示意,https://ylj.suzhou.gov.cn/szsylj/zygk/202502/76c859abcaff4743a7f19c0d8d1d1eaf.shtml,https://ylj.suzhou.gov.cn/szsylj/zygk/202502/76c859abcaff4743a7f19c0d8d1d1eaf/files/caeb98a84023445498b4b377d2e027e8.docx
吴江区-吴江79,吴江区,吴江79,银杏,Ginkgo biloba L.,360,21,288,14.3,嵘烂村5组徐阳港,二级,31.199816,120.609291,地区级示意,https://ylj.suzhou.gov.cn/szsylj/zygk/202502/76c859abcaff4743a7f19c0d8d1d1eaf.shtml,https://ylj.suzhou.gov.cn/szsylj/zygk/202502/76c859abcaff4743a7f19c0d8d1d1eaf/files/caeb98a84023445498b4b377d2e027e8.docx
吴江区-吴江80,吴江区,吴江80,银杏,Ginkgo biloba L.,360,19,295,19.5,盛庄村22组摆渡口,二级,31.216356,120.61903,地区级示意,https://ylj.suzhou.gov.cn/szsylj/zygk/202502/76c859abcaff4743a7f19c0d8d1d1eaf.shtml,https://ylj.suzhou.gov.cn/szsylj/zygk/202502/76c859abcaff4743a7f19c0d8d1d1eaf/files/caeb98a84023445498b4b377d2e027e8.docx
吴江区-吴江81,吴江区,吴江81,银杏,Ginkgo biloba L.,360,20,280,10,盛庄村8组西方庵,二级,31.133212,120.543285,地区级示意,https://ylj.suzhou.gov.cn/szsylj/zygk/202502/76c859abcaff4743a7f19c0d8d1d1eaf.shtml,https://ylj.suzhou.gov.cn/szsylj/zygk/202502/76c859abcaff4743a7f19c0d8d1d1eaf/files/caeb98a84023445498b4b377d2e027e8.docx
吴江区-吴江82,吴江区,吴江82,银杏,Ginkgo biloba L.,360,18,280,11.3,庙港村老太庙港,二级,31.294318,120.623782,地区级示意,https://ylj.suzhou.gov.cn/szsylj/zygk/202502/76c859abcaff4743a7f19c0d8d1d1eaf.shtml,https://ylj.suzhou.gov.cn/szsylj/zygk/202502/76c859abcaff4743a7f19c0d8d1d1eaf/files/caeb98a84023445498b4b377d2e027e8.docx
吴江区-吴江83,吴江区,吴江83,银杏,Ginkgo biloba L.,160,12,163,9.5,光荣村5组西斗圩,三级,31.20198,120.598933,地区级示意,https://ylj.suzhou.gov.cn/szsylj/zygk/202502/76c859abcaff4743a7f19c0d8d1d1eaf.shtml,https://ylj.suzhou.gov.cn/szsylj/zygk/202502/76c859abcaff4743a7f19c0d8d1d1eaf/files/caeb98a84023445498b4b377d2e027e8.docx
吴江区-吴江84,吴江区,吴江84,银杏,Ginkgo biloba L.,770,30,509,23.1,永乐村3组永乐寺,一级,31.248031,120.561186,地区级示意,https://ylj.suzhou.gov.cn/szsylj/zygk/202502/76c859abcaff4743a7f19c0d8d1d1eaf.shtml,https://ylj.suzhou.gov.cn/szsylj/zygk/202502/76c859abcaff4743a7f19c0d8d1d1eaf/files/caeb98a84023445498b4b377d2e027e8.docx
吴江区-吴江85,吴江区,吴江85,银杏,Ginkgo biloba L.,160,13,185,15.6,永乐村21组嘉神庙,三级,31.222644,120.567627,地区级示意,https://ylj.suzhou.gov.cn/szsylj/zygk/202502/76c859abcaff4743a7f19c0d8d1d1eaf.shtml,https://ylj.suzhou.gov.cn/szsylj/zygk/202502/76c859abcaff4743a7f19c0d8d1d1eaf/files/caeb98a84023445498b4b377d2e027e8.docx
吴江区-吴江87,吴江区,吴江87,银杏,Ginkgo biloba L.,160,25,210,14.6,金星村莲皇庙,三级,31.183031,120.583177,地区级示意,https://ylj.suzhou.gov.cn/szsylj/zygk/202502/76c859abcaff4743a7f19c0d8d1d1eaf.shtml,https://ylj.suzhou.gov.cn/szsylj/zygk/202502/76c859abcaff4743a7f19c0d8d1d1eaf/files/caeb98a84023445498b4b377d2e027e8.docx
吴江区-吴江88,吴江区,吴江88,银杏,Ginkgo biloba L.,120,15,135,7.5,新幸村内沙塘浜,三级,31.074542,120.630409,地区级示意,https://ylj.suzhou.gov.cn/szsylj/zygk/202502/76c859abcaff4743a7f19c0d8d1d1eaf.shtml,https://ylj.suzhou.gov.cn/szsylj/zygk/202502/76c859abcaff4743a7f19c0d8d1d1eaf/files/caeb98a84023445498b4b377d2e027e8.docx
吴江区-吴江89,吴江区,吴江89,石榴,Punica granatum L.,120,6.3,120,7.4,震泽公园内,三级,31.25608,120.592212,地区级示意,https://ylj.suzhou.gov.cn/szsylj/zygk/202502/76c859abcaff4743a7f19c0d8d1d1eaf.shtml,https://ylj.suzhou.gov.cn/szsylj/zygk/202502/76c859abcaff4743a7f19c0d8d1d1eaf/files/caeb98a84023445498b4b377d2e027e8.docx
吴江区-吴江90,吴江区,吴江90,榉树,Zelkova serrata (Thunb.)Makino,330,17,215,12.8,王晓庵墓,二级,31.262223,120.616674,地区级示意,https://ylj.suzhou.gov.cn/szsylj/zygk/202502/76c859abcaff4743a7f19c0d8d1d1eaf.shtml,https://ylj.suzhou.gov.cn/szsylj/zygk/202502/76c859abcaff4743a7f19c0d8d1d1eaf/files/caeb98a84023445498b4b377d2e027e8.docx
吴江区-吴江92,吴江区,吴江92,银杏,Ginkgo biloba L.,160,20,283,17.3,桃源镇凤凰村,三级,31.216084,120.705272,地区级示意,https://ylj.suzhou.gov.cn/szsylj/zygk/202502/76c859abcaff4743a7f19c0d8d1d1eaf.shtml,https://ylj.suzhou.gov.cn/szsylj/zygk/202502/76c859abcaff4743a7f19c0d8d1d1eaf/files/caeb98a84023445498b4b377d2e027e8.docx
吴江区-吴江93,吴江区,吴江93,木樨,Osmanthus fragrans (Thunb.) Lour.,130,9,66,5,师俭堂益寿轩前,三级,31.184438,120.73736,地区级示意,https://ylj.suzhou.gov.cn/szsylj/zygk/202502/76c859abcaff4743a7f19c0d8d1d1eaf.shtml,https://ylj.suzhou.gov.cn/szsylj/zygk/202502/76c859abcaff4743a7f19c0d8d1d1eaf/files/caeb98a84023445498b4b377d2e027e8.docx
吴江区-吴江94,吴江区,吴江94,木樨,Osmanthus fragrans (Thunb.) Lour.,130,8,69,4.5,师俭堂益寿轩后,三级,31.151876,120.578994,地区级示意,https://ylj.suzhou.gov.cn/szsylj/zygk/202502/76c859abcaff4743a7f19c0d8d1d1eaf.shtml,https://ylj.suzhou.gov.cn/szsylj/zygk/202502/76c859abcaff4743a7f19c0d8d1d1eaf/files/caeb98a84023445498b4b377d2e027e8.docx
吴江区-吴江95,吴江区,吴江95,广玉兰,Magnolia grandiflora L.,116,16,173,13,县府路99号（原市委大院）,三级,31.153751,120.593719,地区级示意,https://ylj.suzhou.gov.cn/szsylj/zygk/202502/76c859abcaff4743a7f19c0d8d1d1eaf.shtml,https://ylj.suzhou.gov.cn/szsylj/zygk/202502/76c859abcaff4743a7f19c0d8d1d1eaf/files/caeb98a84023445498b4b377d2e027e8.docx
吴江区-吴江96,吴江区,吴江96,黄杨,Buxus sinica (Rehder & E. H. Wilson) M. Cheng,116,4,57,3.5,县府路99号（原市委大院）,三级,31.030576,120.64307,地区级示意,https://ylj.suzhou.gov.cn/szsylj/zygk/202502/76c859abcaff4743a7f19c0d8d1d1eaf.shtml,https://ylj.suzhou.gov.cn/szsylj/zygk/202502/76c859abcaff4743a7f19c0d8d1d1eaf/files/caeb98a84023445498b4b377d2e027e8.docx
吴江区-吴江97,吴江区,吴江97,三角枫,Acer buergerianum Miq.,100,31.9,135,13.6,中山南路银杏广场,三级,31.159414,120.64476,地区级示意,https://ylj.suzhou.gov.cn/szsylj/zygk/202502/76c859abcaff4743a7f19c0d8d1d1eaf.shtml,https://ylj.suzhou.gov.cn/szsylj/zygk/202502/76c859abcaff4743a7f19c0d8d1d1eaf/files/caeb98a84023445498b4b377d2e027e8.docx
吴江区-吴江98,吴江区,吴江98,三角枫,Acer buergerianum Miq.,110,30.5,147,12.1,中山南路银杏广场,三级,31.112003,120.72044,地区级示意,https://ylj.suzhou.gov.cn/szsylj/zygk/202502/76c859abcaff4743a7f19c0d8d1d1eaf.shtml,https://ylj.suzhou.gov.cn/szsylj/zygk/202502/76c859abcaff4743a7f19c0d8d1d1eaf/files/caeb98a84023445498b4b377d2e027e8.docx
吴江区-吴江99,吴江区,吴江99,三角枫,Acer buergerianum Miq.,105,29.9,144,11.9,中山南路银杏广场,三级,31.229726,120.61444,地区级示意,https://ylj.suzhou.gov.cn/szsylj/zygk/202502/76c859abcaff4743a7f19c0d8d1d1eaf.shtml,https://ylj.suzhou.gov.cn/szsylj/zygk/202502/76c859abcaff4743a7f19c0d8d1d1eaf/files/caeb98a84023445498b4b377d2e027e8.docx
吴江区-吴江100,吴江区,吴江100,香樟,Camphora officinarum Nees,170,12,314,14,震泽镇大船港长稻场,三级,31.087216,120.716537,地区级示意,https://ylj.suzhou.gov.cn/szsylj/zygk/202502/76c859abcaff4743a7f19c0d8d1d1eaf.shtml,https://ylj.suzhou.gov.cn/szsylj/zygk/202502/76c859abcaff4743a7f19c0d8d1d1eaf/files/caeb98a84023445498b4b377d2e027e8.docx
吴江区-吴江101,吴江区,吴江101,银杏,Ginkgo biloba L.,410,23.2,536,20,银杏村南湾上,二级,31.08791,120.694239,地区级示意,https://ylj.suzhou.gov.cn/szsylj/zygk/202502/76c859abcaff4743a7f19c0d8d1d1eaf.shtml,https://ylj.suzhou.gov.cn/szsylj/zygk/202502/76c859abcaff4743a7f19c0d8d1d1eaf/files/caeb98a84023445498b4b377d2e027e8.docx
吴中区-吴中047,吴中区,吴中047,银杏,Ginkgo biloba L.,200,14,276,14,东山镇碧螺村星光村组施家平盘五金厂前,三级,31.086707,120.506619,地区级示意,https://ylj.suzhou.gov.cn/szsylj/zygk/202502/149aa049258948e4b6588ba53e58247c.shtml,https://ylj.suzhou.gov.cn/szsylj/zygk/202502/149aa049258948e4b6588ba53e58247c/files/415d47168e944733809e7774f3aaa20f.doc
吴中区-吴中048,吴中区,吴中048,银杏,Ginkgo biloba L.,250,12.7,286,9,东山镇碧螺村星光村1组卫兴门前,三级,31.223391,120.372653,地区级示意,https://ylj.suzhou.gov.cn/szsylj/zygk/202502/149aa049258948e4b6588ba53e58247c.shtml,https://ylj.suzhou.gov.cn/szsylj/zygk/202502/149aa049258948e4b6588ba53e58247c/files/415d47168e944733809e7774f3aaa20f.doc
吴中区-吴中049,吴中区,吴中049,银杏,Ginkgo biloba L.,180,7.3,236,8,东山镇碧螺村星光村1组吴家坟,三级,31.248478,120.608373,地区级示意,https://ylj.suzhou.gov.cn/szsylj/zygk/202502/149aa049258948e4b6588ba53e58247c.shtml,https://ylj.suzhou.gov.cn/szsylj/zygk/202502/149aa049258948e4b6588ba53e58247c/files/415d47168e944733809e7774f3aaa20f.doc
吴中区-吴中051,吴中区,吴中051,银杏,Ginkgo biloba L.,200,11.3,245,11,东山镇碧螺村星光村1组吴家坟,三级,31.218524,120.62005,地区级示意,https://ylj.suzhou.gov.cn/szsylj/zygk/202502/149aa049258948e4b6588ba53e58247c.shtml,https://ylj.suzhou.gov.cn/szsylj/zygk/202502/149aa049258948e4b6588ba53e58247c/files/415d47168e944733809e7774f3aaa20f.doc
吴中区-吴中053,吴中区,吴中053,银杏,Ginkgo biloba L.,600,17.1,364,10,东山镇碧螺村星光村4组施家平盘,一级,31.205373,120.448417,地区级示意,https://ylj.suzhou.gov.cn/szsylj/zygk/202502/149aa049258948e4b6588ba53e58247c.shtml,https://ylj.suzhou.gov.cn/szsylj/zygk/202502/149aa049258948e4b6588ba53e58247c/files/415d47168e944733809e7774f3aaa20f.doc
吴中区-吴中054,吴中区,吴中054,榉树,Zelkova serrata (Thunb.) Makino,150,9.9,188,11,东山镇莫厘村星光村3组双潭,三级,31.072289,120.518405,地区级示意,https://ylj.suzhou.gov.cn/szsylj/zygk/202502/149aa049258948e4b6588ba53e58247c.shtml,https://ylj.suzhou.gov.cn/szsylj/zygk/202502/149aa049258948e4b6588ba53e58247c/files/415d47168e944733809e7774f3aaa20f.doc
吴中区-吴中055,吴中区,吴中055,银杏,Ginkgo bilobaL.,150,12.6,279,10,东山镇莫厘村湖湾村3组六品桥,三级,31.146938,120.444323,地区级示意,https://ylj.suzhou.gov.cn/szsylj/zygk/202502/149aa049258948e4b6588ba53e58247c.shtml,https://ylj.suzhou.gov.cn/szsylj/zygk/202502/149aa049258948e4b6588ba53e58247c/files/415d47168e944733809e7774f3aaa20f.doc
吴中区-吴中056,吴中区,吴中056,银杏,Ginkgo bilobaL.,230,10,201,10,东山镇莫厘村湖湾村3组,三级,31.256633,120.432807,地区级示意,https://ylj.suzhou.gov.cn/szsylj/zygk/202502/149aa049258948e4b6588ba53e58247c.shtml,https://ylj.suzhou.gov.cn/szsylj/zygk/202502/149aa049258948e4b6588ba53e58247c/files/415d47168e944733809e7774f3aaa20f.doc
吴中区-吴中057,吴中区,吴中057,银杏,Ginkgo bilobaL.,500,10.5,286,11,东山镇莫厘村湖湾村6组翠峰寺,一级,31.271199,120.605274,地区级示意,https://ylj.suzhou.gov.cn/szsylj/zygk/202502/149aa049258948e4b6588ba53e58247c.shtml,https://ylj.suzhou.gov.cn/szsylj/zygk/202502/149aa049258948e4b6588ba53e58247c/files/415d47168e944733809e7774f3aaa20f.doc
吴中区-吴中058,吴中区,吴中058,银杏,Ginkgo bilobaL.,550,15.7,383,13,东山镇莫厘村湖湾村3组天主堂对面,一级,31.19306,120.627703,地区级示意,https://ylj.suzhou.gov.cn/szsylj/zygk/202502/149aa049258948e4b6588ba53e58247c.shtml,https://ylj.suzhou.gov.cn/szsylj/zygk/202502/149aa049258948e4b6588ba53e58247c/files/415d47168e944733809e7774f3aaa20f.doc
吴中区-吴中059,吴中区,吴中059,银杏,Ginkgo bilobaL.,500,14.6,349,14,东山镇莫厘村湖湾村7组银得堂,一级,31.161024,120.564718,地区级示意,https://ylj.suzhou.gov.cn/szsylj/zygk/202502/149aa049258948e4b6588ba53e58247c.shtml,https://ylj.suzhou.gov.cn/szsylj/zygk/202502/149aa049258948e4b6588ba53e58247c/files/415d47168e944733809e7774f3aaa20f.doc
吴中区-吴中060,吴中区,吴中060,银杏,Ginkgo bilobaL.,180,14.5,223,11,东山镇莫厘村湖湾村2组长泾浜,三级,31.256695,120.424011,地区级示意,https://ylj.suzhou.gov.cn/szsylj/zygk/202502/149aa049258948e4b6588ba53e58247c.shtml,https://ylj.suzhou.gov.cn/szsylj/zygk/202502/149aa049258948e4b6588ba53e58247c/files/415d47168e944733809e7774f3aaa20f.doc
吴中区-吴中064,吴中区,吴中064,榔榆,Ulmus parvifolia Jacq.,105,14.4,215,18,东山镇碧螺村东山村13组施巷湾,三级,31.227569,120.4195,地区级示意,https://ylj.suzhou.gov.cn/szsylj/zygk/202502/149aa049258948e4b6588ba53e58247c.shtml,https://ylj.suzhou.gov.cn/szsylj/zygk/202502/149aa049258948e4b6588ba53e58247c/files/415d47168e944733809e7774f3aaa20f.doc
吴中区-吴中065,吴中区,吴中065,榉树,Zelkova serrata (Thunb.) Makino,100,10.3,160,10,东山镇碧螺村东山村14组施巷湾,三级,31.171503,120.644561,地区级示意,https://ylj.suzhou.gov.cn/szsylj/zygk/202502/149aa049258948e4b6588ba53e58247c.shtml,https://ylj.suzhou.gov.cn/szsylj/zygk/202502/149aa049258948e4b6588ba53e58247c/files/415d47168e944733809e7774f3aaa20f.doc
吴中区-吴中066,吴中区,吴中066,榉树,Zelkova serrata (Thunb.) Makino,100,13.1,130,13,东山镇碧螺村东山村15组施巷湾,三级,31.243271,120.606951,地区级示意,https://ylj.suzhou.gov.cn/szsylj/zygk/202502/149aa049258948e4b6588ba53e58247c.shtml,https://ylj.suzhou.gov.cn/szsylj/zygk/202502/149aa049258948e4b6588ba53e58247c/files/415d47168e944733809e7774f3aaa20f.doc
吴中区-吴中067,吴中区,吴中067,银杏,Ginkgo bilobaL.,600,16.5,440,18,东山镇碧螺村光明村65组马家巷,一级,31.128913,120.396067,地区级示意,https://ylj.suzhou.gov.cn/szsylj/zygk/202502/149aa049258948e4b6588ba53e58247c.shtml,https://ylj.suzhou.gov.cn/szsylj/zygk/202502/149aa049258948e4b6588ba53e58247c/files/415d47168e944733809e7774f3aaa20f.doc
吴中区-吴中068,吴中区,吴中068,紫薇,Lagerstroemia indicaL.,500,3.4,90,1,东山镇碧螺村光明村66组马家巷,一级,31.171924,120.400404,地区级示意,https://ylj.suzhou.gov.cn/szsylj/zygk/202502/149aa049258948e4b6588ba53e58247c.shtml,https://ylj.suzhou.gov.cn/szsylj/zygk/202502/149aa049258948e4b6588ba53e58247c/files/415d47168e944733809e7774f3aaa20f.doc
吴中区-吴中069,吴中区,吴中069,木樨,Osmanthusfragrans (Thunb.) Lour.,180,9.8,160,11,东山镇碧螺村眠佛寺,三级,31.15315,120.350881,地区级示意,https://ylj.suzhou.gov.cn/szsylj/zygk/202502/149aa049258948e4b6588ba53e58247c.shtml,https://ylj.suzhou.gov.cn/szsylj/zygk/202502/149aa049258948e4b6588ba53e58247c/files/415d47168e944733809e7774f3aaa20f.doc
吴中区-吴中070,吴中区,吴中070,银杏,Ginkgo bilobaL.,270,10.7,226,11,东山镇碧螺村狮子潭,三级,31.182631,120.343994,地区级示意,https://ylj.suzhou.gov.cn/szsylj/zygk/202502/149aa049258948e4b6588ba53e58247c.shtml,https://ylj.suzhou.gov.cn/szsylj/zygk/202502/149aa049258948e4b6588ba53e58247c/files/415d47168e944733809e7774f3aaa20f.doc
吴中区-吴中071,吴中区,吴中071,银杏,Ginkgo bilobaL.,250,11.7,248,10,东山镇碧螺村10组兴福寺,三级,31.175014,120.595785,地区级示意,https://ylj.suzhou.gov.cn/szsylj/zygk/202502/149aa049258948e4b6588ba53e58247c.shtml,https://ylj.suzhou.gov.cn/szsylj/zygk/202502/149aa049258948e4b6588ba53e58247c/files/415d47168e944733809e7774f3aaa20f.doc
吴中区-吴中072,吴中区,吴中072,银杏,Ginkgo bilobaL.,250,13.8,198,10,东山镇碧螺村11组兴福寺,三级,31.087631,120.386934,地区级示意,https://ylj.suzhou.gov.cn/szsylj/zygk/202502/149aa049258948e4b6588ba53e58247c.shtml,https://ylj.suzhou.gov.cn/szsylj/zygk/202502/149aa049258948e4b6588ba53e58247c/files/415d47168e944733809e7774f3aaa20f.doc
吴中区-吴中073,吴中区,吴中073,银杏,Ginkgo bilobaL.,250,12.4,248,12,东山镇碧螺村5组兴福寺,三级,31.206503,120.646556,地区级示意,https://ylj.suzhou.gov.cn/szsylj/zygk/202502/149aa049258948e4b6588ba53e58247c.shtml,https://ylj.suzhou.gov.cn/szsylj/zygk/202502/149aa049258948e4b6588ba53e58247c/files/415d47168e944733809e7774f3aaa20f.doc
吴中区-吴中074,吴中区,吴中074,银杏,Ginkgo bilobaL.,250,10.5,200,8,东山镇碧螺村5组将家底路边,三级,31.180513,120.491292,地区级示意,https://ylj.suzhou.gov.cn/szsylj/zygk/202502/149aa049258948e4b6588ba53e58247c.shtml,https://ylj.suzhou.gov.cn/szsylj/zygk/202502/149aa049258948e4b6588ba53e58247c/files/415d47168e944733809e7774f3aaa20f.doc
吴中区-吴中075,吴中区,吴中075,银杏,Ginkgo bilobaL.,260,10.5,199,8,东山镇碧螺村6组将家底路边,三级,31.24416,120.366942,地区级示意,https://ylj.suzhou.gov.cn/szsylj/zygk/202502/149aa049258948e4b6588ba53e58247c.shtml,https://ylj.suzhou.gov.cn/szsylj/zygk/202502/149aa049258948e4b6588ba53e58247c/files/415d47168e944733809e7774f3aaa20f.doc
吴中区-吴中076,吴中区,吴中076,楸树,Catalpa bungei C. A. Mey.,105,13.3,170,7,东山镇碧螺村5组孟将堂后,三级,31.129429,120.431361,地区级示意,https://ylj.suzhou.gov.cn/szsylj/zygk/202502/149aa049258948e4b6588ba53e58247c.shtml,https://ylj.suzhou.gov.cn/szsylj/zygk/202502/149aa049258948e4b6588ba53e58247c/files/415d47168e944733809e7774f3aaa20f.doc
吴中区-吴中077,吴中区,吴中077,玉兰,Yulania denudata (Desr.) D. L. Fu,800,6.2,46,5,东山镇碧螺村紫金庵,一级,31.150518,120.520067,地区级示意,https://ylj.suzhou.gov.cn/szsylj/zygk/202502/149aa049258948e4b6588ba53e58247c.shtml,https://ylj.suzhou.gov.cn/szsylj/zygk/202502/149aa049258948e4b6588ba53e58247c/files/415d47168e944733809e7774f3aaa20f.doc
吴中区-吴中080,吴中区,吴中080,木樨,Osmanthus fragrans (Thunb.) Lour.,500,7.6,135,9,东山镇碧螺村紫金庵,一级,31.181297,120.412109,地区级示意,https://ylj.suzhou.gov.cn/szsylj/zygk/202502/149aa049258948e4b6588ba53e58247c.shtml,https://ylj.suzhou.gov.cn/szsylj/zygk/202502/149aa049258948e4b6588ba53e58247c/files/415d47168e944733809e7774f3aaa20f.doc
吴中区-吴中081,吴中区,吴中081,银杏,Ginkgo bilobaL.,600,16,236,13,东山镇碧螺村紫金庵,一级,31.296286,120.475633,地区级示意,https://ylj.suzhou.gov.cn/szsylj/zygk/202502/149aa049258948e4b6588ba53e58247c.shtml,https://ylj.suzhou.gov.cn/szsylj/zygk/202502/149aa049258948e4b6588ba53e58247c/files/415d47168e944733809e7774f3aaa20f.doc
吴中区-吴中082,吴中区,吴中082,木樨,Osmanthus fragrans (Thunb.) Lour.,600,9.6,165,10,东山镇碧螺村紫金庵,一级,31.148187,120.529966,地区级示意,https://ylj.suzhou.gov.cn/szsylj/zygk/202502/149aa049258948e4b6588ba53e58247c.shtml,https://ylj.suzhou.gov.cn/szsylj/zygk/202502/149aa049258948e4b6588ba53e58247c/files/415d47168e944733809e7774f3aaa20f.doc
吴中区-吴中083,吴中区,吴中083,木樨,Osmanthus fragrans (Thunb.) Lour.,600,8,160,8,东山镇碧螺村紫金庵,一级,31.176378,120.53131,地区级示意,https://ylj.suzhou.gov.cn/szsylj/zygk/202502/149aa049258948e4b6588ba53e58247c.shtml,https://ylj.suzhou.gov.cn/szsylj/zygk/202502/149aa049258948e4b6588ba53e58247c/files/415d47168e944733809e7774f3aaa20f.doc
吴中区-吴中084,吴中区,吴中084,银杏,Ginkgo bilobaL.,1000,24,543,20,东山镇吴巷村吴巷街,一级,31.187488,120.642201,地区级示意,https://ylj.suzhou.gov.cn/szsylj/zygk/202502/149aa049258948e4b6588ba53e58247c.shtml,https://ylj.suzhou.gov.cn/szsylj/zygk/202502/149aa049258948e4b6588ba53e58247c/files/415d47168e944733809e7774f3aaa20f.doc
吴中区-吴中085,吴中区,吴中085,银杏,Ginkgo bilobaL.,1000,9,260,5,东山镇吴巷村吴巷街,一级,31.191495,120.625558,地区级示意,https://ylj.suzhou.gov.cn/szsylj/zygk/202502/149aa049258948e4b6588ba53e58247c.shtml,https://ylj.suzhou.gov.cn/szsylj/zygk/202502/149aa049258948e4b6588ba53e58247c/files/415d47168e944733809e7774f3aaa20f.doc
吴中区-吴中086,吴中区,吴中086,黄檀,Dalbergia hupeana Hance,130,6.2,110,4,东山镇碧螺村东山村法海寺,三级,31.193475,120.637146,地区级示意,https://ylj.suzhou.gov.cn/szsylj/zygk/202502/149aa049258948e4b6588ba53e58247c.shtml,https://ylj.suzhou.gov.cn/szsylj/zygk/202502/149aa049258948e4b6588ba53e58247c/files/415d47168e944733809e7774f3aaa20f.doc
吴中区-吴中087,吴中区,吴中087,榉树,Zelkova serrata (Thunb.) Makino,180,12.5,160,10,东山镇碧螺村东山村法海寺,三级,31.214091,120.38422,地区级示意,https://ylj.suzhou.gov.cn/szsylj/zygk/202502/149aa049258948e4b6588ba53e58247c.shtml,https://ylj.suzhou.gov.cn/szsylj/zygk/202502/149aa049258948e4b6588ba53e58247c/files/415d47168e944733809e7774f3aaa20f.doc
吴中区-吴中088,吴中区,吴中088,榉树,Zelkova serrata (Thunb.) Makino,180,6.5,157,8,东山镇碧螺村东山村法海寺,三级,31.07429,120.440252,地区级示意,https://ylj.suzhou.gov.cn/szsylj/zygk/202502/149aa049258948e4b6588ba53e58247c.shtml,https://ylj.suzhou.gov.cn/szsylj/zygk/202502/149aa049258948e4b6588ba53e58247c/files/415d47168e944733809e7774f3aaa20f.doc
吴中区-吴中089,吴中区,吴中089,榉树,Zelkova serrata (Thunb.) Makino,180,7.5,146,10,东山镇碧螺村东山村法海寺,三级,31.201743,120.476337,地区级示意,https://ylj.suzhou.gov.cn/szsylj/zygk/202502/149aa049258948e4b6588ba53e58247c.shtml,https://ylj.suzhou.gov.cn/szsylj/zygk/202502/149aa049258948e4b6588ba53e58247c/files/415d47168e944733809e7774f3aaa20f.doc
吴中区-吴中090,吴中区,吴中090,榉树,Zelkova serrata (Thunb.) Makino,180,10.5,190,9,东山镇碧螺村东山村法海寺,三级,31.279432,120.518894,地区级示意,https://ylj.suzhou.gov.cn/szsylj/zygk/202502/149aa049258948e4b6588ba53e58247c.shtml,https://ylj.suzhou.gov.cn/szsylj/zygk/202502/149aa049258948e4b6588ba53e58247c/files/415d47168e944733809e7774f3aaa20f.doc
吴中区-吴中091,吴中区,吴中091,圆柏,Juniperus chinensis Roxb.,130,8.5,160,6,东山镇碧螺村东山村法海寺,三级,31.152151,120.416552,地区级示意,https://ylj.suzhou.gov.cn/szsylj/zygk/202502/149aa049258948e4b6588ba53e58247c.shtml,https://ylj.suzhou.gov.cn/szsylj/zygk/202502/149aa049258948e4b6588ba53e58247c/files/415d47168e944733809e7774f3aaa20f.doc
吴中区-吴中092,吴中区,吴中092,圆柏,Juniperus chinensis Roxb.,130,13.5,120,4,东山镇碧螺村东山村法海寺,三级,31.200527,120.621083,地区级示意,https://ylj.suzhou.gov.cn/szsylj/zygk/202502/149aa049258948e4b6588ba53e58247c.shtml,https://ylj.suzhou.gov.cn/szsylj/zygk/202502/149aa049258948e4b6588ba53e58247c/files/415d47168e944733809e7774f3aaa20f.doc
吴中区-吴中093,吴中区,吴中093,圆柏,Juniperus chinensis Roxb.,130,13,166,5,东山镇碧螺村东山村法海寺,三级,31.20182,120.473357,地区级示意,https://ylj.suzhou.gov.cn/szsylj/zygk/202502/149aa049258948e4b6588ba53e58247c.shtml,https://ylj.suzhou.gov.cn/szsylj/zygk/202502/149aa049258948e4b6588ba53e58247c/files/415d47168e944733809e7774f3aaa20f.doc
吴中区-吴中094,吴中区,吴中094,圆柏,Juniperus chinensis Roxb.,130,8.5,88,4,东山镇碧螺村东山村法海寺,三级,31.201198,120.582475,地区级示意,https://ylj.suzhou.gov.cn/szsylj/zygk/202502/149aa049258948e4b6588ba53e58247c.shtml,https://ylj.suzhou.gov.cn/szsylj/zygk/202502/149aa049258948e4b6588ba53e58247c/files/415d47168e944733809e7774f3aaa20f.doc
吴中区-吴中095,吴中区,吴中095,圆柏,Juniperus chinensis Roxb.,130,7.8,62,4,东山镇碧螺村东山村法海寺,三级,31.223137,120.646753,地区级示意,https://ylj.suzhou.gov.cn/szsylj/zygk/202502/149aa049258948e4b6588ba53e58247c.shtml,https://ylj.suzhou.gov.cn/szsylj/zygk/202502/149aa049258948e4b6588ba53e58247c/files/415d47168e944733809e7774f3aaa20f.doc
吴中区-吴中096,吴中区,吴中096,圆柏,Juniperus chinensis Roxb.,130,7.5,92,4,东山镇碧螺村东山村法海寺,三级,31.085694,120.440475,地区级示意,https://ylj.suzhou.gov.cn/szsylj/zygk/202502/149aa049258948e4b6588ba53e58247c.shtml,https://ylj.suzhou.gov.cn/szsylj/zygk/202502/149aa049258948e4b6588ba53e58247c/files/415d47168e944733809e7774f3aaa20f.doc
吴中区-吴中097,吴中区,吴中097,圆柏,Juniperus chinensis Roxb.,130,11.8,99,6,东山镇碧螺村东山村法海寺,三级,31.098194,120.376951,地区级示意,https://ylj.suzhou.gov.cn/szsylj/zygk/202502/149aa049258948e4b6588ba53e58247c.shtml,https://ylj.suzhou.gov.cn/szsylj/zygk/202502/149aa049258948e4b6588ba53e58247c/files/415d47168e944733809e7774f3aaa20f.doc
吴中区-吴中098,吴中区,吴中098,圆柏,Juniperus chinensis Roxb.,130,7,80,3,东山镇碧螺村东山村法海寺,三级,31.136185,120.438534,地区级示意,https://ylj.suzhou.gov.cn/szsylj/zygk/202502/149aa049258948e4b6588ba53e58247c.shtml,https://ylj.suzhou.gov.cn/szsylj/zygk/202502/149aa049258948e4b6588ba53e58247c/files/415d47168e944733809e7774f3aaa20f.doc
吴中区-吴中099,吴中区,吴中099,黄杨,Buxussinica Rehder&E.H.Wilson)M.Cheng,150,5.8,69,5,东山镇碧螺村东山村法海寺,三级,31.210417,120.355822,地区级示意,https://ylj.suzhou.gov.cn/szsylj/zygk/202502/149aa049258948e4b6588ba53e58247c.shtml,https://ylj.suzhou.gov.cn/szsylj/zygk/202502/149aa049258948e4b6588ba53e58247c/files/415d47168e944733809e7774f3aaa20f.doc
吴中区-吴中100,吴中区,吴中100,黄杨,Buxussinica Rehder&E.H.Wilson)M.Cheng,150,5.7,63,5,东山镇碧螺村东山村法海寺,三级,31.20353,120.648878,地区级示意,https://ylj.suzhou.gov.cn/szsylj/zygk/202502/149aa049258948e4b6588ba53e58247c.shtml,https://ylj.suzhou.gov.cn/szsylj/zygk/202502/149aa049258948e4b6588ba53e58247c/files/415d47168e944733809e7774f3aaa20f.doc
吴中区-吴中101,吴中区,吴中101,黄杨,Buxussinica Rehder&E.H.Wilson)M.Cheng,150,5.5,69,5,东山镇碧螺村东山村法海寺,三级,31.134453,120.419819,地区级示意,https://ylj.suzhou.gov.cn/szsylj/zygk/202502/149aa049258948e4b6588ba53e58247c.shtml,https://ylj.suzhou.gov.cn/szsylj/zygk/202502/149aa049258948e4b6588ba53e58247c/files/415d47168e944733809e7774f3aaa20f.doc
吴中区-吴中102,吴中区,吴中102,银杏,Ginkgo biloba L.,250,16,399,12,东山镇渡口村摆渡口村复合面料厂,三级,31.304343,120.487853,地区级示意,https://ylj.suzhou.gov.cn/szsylj/zygk/202502/149aa049258948e4b6588ba53e58247c.shtml,https://ylj.suzhou.gov.cn/szsylj/zygk/202502/149aa049258948e4b6588ba53e58247c/files/415d47168e944733809e7774f3aaa20f.doc
吴中区-吴中103,吴中区,吴中103,银杏,Ginkgo biloba L.,380,17.5,330,12,东山镇碧螺村实验小学旁,二级,31.223451,120.541116,地区级示意,https://ylj.suzhou.gov.cn/szsylj/zygk/202502/149aa049258948e4b6588ba53e58247c.shtml,https://ylj.suzhou.gov.cn/szsylj/zygk/202502/149aa049258948e4b6588ba53e58247c/files/415d47168e944733809e7774f3aaa20f.doc
吴中区-吴中104,吴中区,吴中104,冬青,Ilex chinensis Sims,100,11,182,10,东山镇碧螺村东山村雨花台,三级,31.217853,120.335324,地区级示意,https://ylj.suzhou.gov.cn/szsylj/zygk/202502/149aa049258948e4b6588ba53e58247c.shtml,https://ylj.suzhou.gov.cn/szsylj/zygk/202502/149aa049258948e4b6588ba53e58247c/files/415d47168e944733809e7774f3aaa20f.doc
吴中区-吴中105,吴中区,吴中105,榉树,Zelkova serrata (Thunb.) Makino,260,16,223,18,东山镇碧螺村东山村雨花台,三级,31.246729,120.506649,地区级示意,https://ylj.suzhou.gov.cn/szsylj/zygk/202502/149aa049258948e4b6588ba53e58247c.shtml,https://ylj.suzhou.gov.cn/szsylj/zygk/202502/149aa049258948e4b6588ba53e58247c/files/415d47168e944733809e7774f3aaa20f.doc
吴中区-吴中106,吴中区,吴中106,朴树,CeltissinensisPers.,150,12,192,14,东山镇碧螺村东山村雨花台,三级,31.159377,120.454347,地区级示意,https://ylj.suzhou.gov.cn/szsylj/zygk/202502/149aa049258948e4b6588ba53e58247c.shtml,https://ylj.suzhou.gov.cn/szsylj/zygk/202502/149aa049258948e4b6588ba53e58247c/files/415d47168e944733809e7774f3aaa20f.doc
吴中区-吴中107,吴中区,吴中107,朴树,CeltissinensisPers.,110,12.5,185,9,东山镇碧螺村东山村雨花台,三级,31.215127,120.340273,地区级示意,https://ylj.suzhou.gov.cn/szsylj/zygk/202502/149aa049258948e4b6588ba53e58247c.shtml,https://ylj.suzhou.gov.cn/szsylj/zygk/202502/149aa049258948e4b6588ba53e58247c/files/415d47168e944733809e7774f3aaa20f.doc
吴中区-吴中108,吴中区,吴中108,黄檀,Dalbergia hupeana Hance,120,10,72,5,东山镇碧螺村东山村雨花台,三级,31.259042,120.404169,地区级示意,https://ylj.suzhou.gov.cn/szsylj/zygk/202502/149aa049258948e4b6588ba53e58247c.shtml,https://ylj.suzhou.gov.cn/szsylj/zygk/202502/149aa049258948e4b6588ba53e58247c/files/415d47168e944733809e7774f3aaa20f.doc
吴中区-吴中109,吴中区,吴中109,冬青,Ilex chinensis Sims,100,14,182,11,东山镇碧螺村东山村雨花台,三级,31.238388,120.484057,地区级示意,https://ylj.suzhou.gov.cn/szsylj/zygk/202502/149aa049258948e4b6588ba53e58247c.shtml,https://ylj.suzhou.gov.cn/szsylj/zygk/202502/149aa049258948e4b6588ba53e58247c/files/415d47168e944733809e7774f3aaa20f.doc
吴中区-吴中110,吴中区,吴中110,冬青,Ilex chinensis Sims,100,10,141,11,东山镇碧螺村东山村雨花台,三级,31.141067,120.433278,地区级示意,https://ylj.suzhou.gov.cn/szsylj/zygk/202502/149aa049258948e4b6588ba53e58247c.shtml,https://ylj.suzhou.gov.cn/szsylj/zygk/202502/149aa049258948e4b6588ba53e58247c/files/415d47168e944733809e7774f3aaa20f.doc
吴中区-吴中111,吴中区,吴中111,冬青,Ilex chinensis Sims,100,10,141,9,东山镇碧螺村东山村雨花台,三级,31.20063,120.434781,地区级示意,https://ylj.suzhou.gov.cn/szsylj/zygk/202502/149aa049258948e4b6588ba53e58247c.shtml,https://ylj.suzhou.gov.cn/szsylj/zygk/202502/149aa049258948e4b6588ba53e58247c/files/415d47168e944733809e7774f3aaa20f.doc
吴中区-吴中112,吴中区,吴中112,朴树,CeltissinensisPers.,110,14,176,12,东山镇碧螺村东山村雨花台,三级,31.164234,120.35397,地区级示意,https://ylj.suzhou.gov.cn/szsylj/zygk/202502/149aa049258948e4b6588ba53e58247c.shtml,https://ylj.suzhou.gov.cn/szsylj/zygk/202502/149aa049258948e4b6588ba53e58247c/files/415d47168e944733809e7774f3aaa20f.doc
吴中区-吴中113,吴中区,吴中113,冬青,Ilex chinensis Sims,100,12,132,15,东山镇碧螺村东山村雨花台,三级,31.125208,120.478002,地区级示意,https://ylj.suzhou.gov.cn/szsylj/zygk/202502/149aa049258948e4b6588ba53e58247c.shtml,https://ylj.suzhou.gov.cn/szsylj/zygk/202502/149aa049258948e4b6588ba53e58247c/files/415d47168e944733809e7774f3aaa20f.doc
吴中区-吴中114,吴中区,吴中114,冬青,Ilex chinensis Sims,100,14,166,10,东山镇碧螺村东山村雨花台,三级,31.201025,120.371459,地区级示意,https://ylj.suzhou.gov.cn/szsylj/zygk/202502/149aa049258948e4b6588ba53e58247c.shtml,https://ylj.suzhou.gov.cn/szsylj/zygk/202502/149aa049258948e4b6588ba53e58247c/files/415d47168e944733809e7774f3aaa20f.doc
吴中区-吴中115,吴中区,吴中115,冬青,Ilex chinensis Sims,100,13,135,8,东山镇碧螺村东山村雨花台,三级,31.23678,120.605916,地区级示意,https://ylj.suzhou.gov.cn/szsylj/zygk/202502/149aa049258948e4b6588ba53e58247c.shtml,https://ylj.suzhou.gov.cn/szsylj/zygk/202502/149aa049258948e4b6588ba53e58247c/files/415d47168e944733809e7774f3aaa20f.doc
吴中区-吴中116,吴中区,吴中116,冬青,Ilex chinensis Sims,100,12,94,8,东山镇碧螺村东山村雨花台,三级,31.265488,120.401765,地区级示意,https://ylj.suzhou.gov.cn/szsylj/zygk/202502/149aa049258948e4b6588ba53e58247c.shtml,https://ylj.suzhou.gov.cn/szsylj/zygk/202502/149aa049258948e4b6588ba53e58247c/files/415d47168e944733809e7774f3aaa20f.doc
吴中区-吴中117,吴中区,吴中117,冬青,Ilex chinensis Sims,100,14,110,10,东山镇碧螺村东山村雨花台,三级,31.161897,120.576678,地区级示意,https://ylj.suzhou.gov.cn/szsylj/zygk/202502/149aa049258948e4b6588ba53e58247c.shtml,https://ylj.suzhou.gov.cn/szsylj/zygk/202502/149aa049258948e4b6588ba53e58247c/files/415d47168e944733809e7774f3aaa20f.doc
吴中区-吴中118,吴中区,吴中118,冬青,Ilex chinensis Sims,100,14,126,9,东山镇碧螺村东山村雨花台,三级,31.248074,120.343335,地区级示意,https://ylj.suzhou.gov.cn/szsylj/zygk/202502/149aa049258948e4b6588ba53e58247c.shtml,https://ylj.suzhou.gov.cn/szsylj/zygk/202502/149aa049258948e4b6588ba53e58247c/files/415d47168e944733809e7774f3aaa20f.doc
吴中区-吴中119,吴中区,吴中119,糙叶树,Aphanantheaspera(Thunb.) Planch.,100,9,135,14,东山镇碧螺村东山村雨花台,三级,31.293449,120.509342,地区级示意,https://ylj.suzhou.gov.cn/szsylj/zygk/202502/149aa049258948e4b6588ba53e58247c.shtml,https://ylj.suzhou.gov.cn/szsylj/zygk/202502/149aa049258948e4b6588ba53e58247c/files/415d47168e944733809e7774f3aaa20f.doc
吴中区-吴中120,吴中区,吴中120,黄檀,Dalbergia hupeana Hance,110,12,94,7,东山镇碧螺村东山村雨花台,三级,31.271405,120.362617,地区级示意,https://ylj.suzhou.gov.cn/szsylj/zygk/202502/149aa049258948e4b6588ba53e58247c.shtml,https://ylj.suzhou.gov.cn/szsylj/zygk/202502/149aa049258948e4b6588ba53e58247c/files/415d47168e944733809e7774f3aaa20f.doc
吴中区-吴中121,吴中区,吴中121,冬青,Ilex chinensis Sims,110,14,154,11,东山镇碧螺村东山村雨花台,三级,31.179033,120.332133,地区级示意,https://ylj.suzhou.gov.cn/szsylj/zygk/202502/149aa049258948e4b6588ba53e58247c.shtml,https://ylj.suzhou.gov.cn/szsylj/zygk/202502/149aa049258948e4b6588ba53e58247c/files/415d47168e944733809e7774f3aaa20f.doc
吴中区-吴中122,吴中区,吴中122,朴树,CeltissinensisPers.,100,14,126,11,东山镇碧螺村东山村雨花台,三级,31.100186,120.526777,地区级示意,https://ylj.suzhou.gov.cn/szsylj/zygk/202502/149aa049258948e4b6588ba53e58247c.shtml,https://ylj.suzhou.gov.cn/szsylj/zygk/202502/149aa049258948e4b6588ba53e58247c/files/415d47168e944733809e7774f3aaa20f.doc
吴中区-吴中123,吴中区,吴中123,冬青,Ilex chinensis Sims,120,15,148,12,东山镇碧螺村东山村雨花台,三级,31.175287,120.627496,地区级示意,https://ylj.suzhou.gov.cn/szsylj/zygk/202502/149aa049258948e4b6588ba53e58247c.shtml,https://ylj.suzhou.gov.cn/szsylj/zygk/202502/149aa049258948e4b6588ba53e58247c/files/415d47168e944733809e7774f3aaa20f.doc
吴中区-吴中124,吴中区,吴中124,冬青,Ilex chinensis Sims,100,15,185,12,东山镇碧螺村东山村雨花台,三级,31.204354,120.574016,地区级示意,https://ylj.suzhou.gov.cn/szsylj/zygk/202502/149aa049258948e4b6588ba53e58247c.shtml,https://ylj.suzhou.gov.cn/szsylj/zygk/202502/149aa049258948e4b6588ba53e58247c/files/415d47168e944733809e7774f3aaa20f.doc
吴中区-吴中125,吴中区,吴中125,冬青,Ilex chinensis Sims,100,13,132,9,东山镇碧螺村东山村雨花台,三级,31.223718,120.497962,地区级示意,https://ylj.suzhou.gov.cn/szsylj/zygk/202502/149aa049258948e4b6588ba53e58247c.shtml,https://ylj.suzhou.gov.cn/szsylj/zygk/202502/149aa049258948e4b6588ba53e58247c/files/415d47168e944733809e7774f3aaa20f.doc
吴中区-吴中126,吴中区,吴中126,黄檀,Dalbergia hupeana Hance,120,16,79,8,东山镇碧螺村东山村雨花台,三级,31.264879,120.42306,地区级示意,https://ylj.suzhou.gov.cn/szsylj/zygk/202502/149aa049258948e4b6588ba53e58247c.shtml,https://ylj.suzhou.gov.cn/szsylj/zygk/202502/149aa049258948e4b6588ba53e58247c/files/415d47168e944733809e7774f3aaa20f.doc
吴中区-吴中127,吴中区,吴中127,朴树,CeltissinensisPers.,100,16,173,18,东山镇碧螺村东山村雨花台,三级,31.308666,120.453712,地区级示意,https://ylj.suzhou.gov.cn/szsylj/zygk/202502/149aa049258948e4b6588ba53e58247c.shtml,https://ylj.suzhou.gov.cn/szsylj/zygk/202502/149aa049258948e4b6588ba53e58247c/files/415d47168e944733809e7774f3aaa20f.doc
吴中区-吴中128,吴中区,吴中128,冬青,Ilex chinensis Sims,110,15,126,10,东山镇碧螺村东山村雨花台,三级,31.152026,120.33354,地区级示意,https://ylj.suzhou.gov.cn/szsylj/zygk/202502/149aa049258948e4b6588ba53e58247c.shtml,https://ylj.suzhou.gov.cn/szsylj/zygk/202502/149aa049258948e4b6588ba53e58247c/files/415d47168e944733809e7774f3aaa20f.doc
吴中区-吴中129,吴中区,吴中129,朴树,CeltissinensisPers.,110,18,182,18,东山镇碧螺村东山村雨花台,三级,31.18597,120.40112,地区级示意,https://ylj.suzhou.gov.cn/szsylj/zygk/202502/149aa049258948e4b6588ba53e58247c.shtml,https://ylj.suzhou.gov.cn/szsylj/zygk/202502/149aa049258948e4b6588ba53e58247c/files/415d47168e944733809e7774f3aaa20f.doc
吴中区-吴中130,吴中区,吴中130,朴树,CeltissinensisPers.,100,18,144,12,东山镇碧螺村东山村雨花台,三级,31.216983,120.645435,地区级示意,https://ylj.suzhou.gov.cn/szsylj/zygk/202502/149aa049258948e4b6588ba53e58247c.shtml,https://ylj.suzhou.gov.cn/szsylj/zygk/202502/149aa049258948e4b6588ba53e58247c/files/415d47168e944733809e7774f3aaa20f.doc
吴中区-吴中131,吴中区,吴中131,榉树,Zelkova serrata (Thunb.) Makino,120,18,144,11,东山镇碧螺村东山村雨花台,三级,31.194365,120.539858,地区级示意,https://ylj.suzhou.gov.cn/szsylj/zygk/202502/149aa049258948e4b6588ba53e58247c.shtml,https://ylj.suzhou.gov.cn/szsylj/zygk/202502/149aa049258948e4b6588ba53e58247c/files/415d47168e944733809e7774f3aaa20f.doc
吴中区-吴中132,吴中区,吴中132,榉树,Zelkova serrata (Thunb.) Makino,120,18,141,13,东山镇碧螺村东山村雨花台,三级,31.136908,120.484381,地区级示意,https://ylj.suzhou.gov.cn/szsylj/zygk/202502/149aa049258948e4b6588ba53e58247c.shtml,https://ylj.suzhou.gov.cn/szsylj/zygk/202502/149aa049258948e4b6588ba53e58247c/files/415d47168e944733809e7774f3aaa20f.doc
吴中区-吴中133,吴中区,吴中133,黄檀,Dalbergia hupeana Hance,130,19,126,8,东山镇碧螺村东山村雨花台,三级,31.165785,120.473909,地区级示意,https://ylj.suzhou.gov.cn/szsylj/zygk/202502/149aa049258948e4b6588ba53e58247c.shtml,https://ylj.suzhou.gov.cn/szsylj/zygk/202502/149aa049258948e4b6588ba53e58247c/files/415d47168e944733809e7774f3aaa20f.doc
吴中区-吴中134,吴中区,吴中134,糙叶树,Aphanantheaspera(Thunb.) Planch.,130,17,176,16,东山镇碧螺村东山村雨花台,三级,31.137286,120.542876,地区级示意,https://ylj.suzhou.gov.cn/szsylj/zygk/202502/149aa049258948e4b6588ba53e58247c.shtml,https://ylj.suzhou.gov.cn/szsylj/zygk/202502/149aa049258948e4b6588ba53e58247c/files/415d47168e944733809e7774f3aaa20f.doc
吴中区-吴中135,吴中区,吴中135,榉树,Zelkova serrata (Thunb.) Makino,130,18,176,16,东山镇碧螺村东山村雨花台,三级,31.229078,120.400028,地区级示意,https://ylj.suzhou.gov.cn/szsylj/zygk/202502/149aa049258948e4b6588ba53e58247c.shtml,https://ylj.suzhou.gov.cn/szsylj/zygk/202502/149aa049258948e4b6588ba53e58247c/files/415d47168e944733809e7774f3aaa20f.doc
吴中区-吴中136,吴中区,吴中136,枳椇,Hovenia acerba Lindl.,110,15,113,10,东山镇碧螺村东山村雨花台,三级,31.214946,120.611547,地区级示意,https://ylj.suzhou.gov.cn/szsylj/zygk/202502/149aa049258948e4b6588ba53e58247c.shtml,https://ylj.suzhou.gov.cn/szsylj/zygk/202502/149aa049258948e4b6588ba53e58247c/files/415d47168e944733809e7774f3aaa20f.doc
吴中区-吴中137,吴中区,吴中137,冬青,Ilex chinensis Sims,100,15,144,11,东山镇碧螺村东山村雨花台,三级,31.107358,120.55088,地区级示意,https://ylj.suzhou.gov.cn/szsylj/zygk/202502/149aa049258948e4b6588ba53e58247c.shtml,https://ylj.suzhou.gov.cn/szsylj/zygk/202502/149aa049258948e4b6588ba53e58247c/files/415d47168e944733809e7774f3aaa20f.doc
吴中区-吴中138,吴中区,吴中138,冬青,Ilex chinensis Sims,110,17,195,17,东山镇碧螺村东山村雨花台,三级,31.083034,120.540461,地区级示意,https://ylj.suzhou.gov.cn/szsylj/zygk/202502/149aa049258948e4b6588ba53e58247c.shtml,https://ylj.suzhou.gov.cn/szsylj/zygk/202502/149aa049258948e4b6588ba53e58247c/files/415d47168e944733809e7774f3aaa20f.doc
吴中区-吴中140,吴中区,吴中140,银杏,Ginkgo bilobaL.,280,18.4,264,14,东山镇双湾村槎湾村古周巷三古树,三级,31.06777,120.447591,地区级示意,https://ylj.suzhou.gov.cn/szsylj/zygk/202502/149aa049258948e4b6588ba53e58247c.shtml,https://ylj.suzhou.gov.cn/szsylj/zygk/202502/149aa049258948e4b6588ba53e58247c/files/415d47168e944733809e7774f3aaa20f.doc
吴中区-吴中141,吴中区,吴中141,银杏,Ginkgo bilobaL.,280,11.7,182,9,东山镇双湾村槎湾村古周巷三古树,三级,31.213647,120.460489,地区级示意,https://ylj.suzhou.gov.cn/szsylj/zygk/202502/149aa049258948e4b6588ba53e58247c.shtml,https://ylj.suzhou.gov.cn/szsylj/zygk/202502/149aa049258948e4b6588ba53e58247c/files/415d47168e944733809e7774f3aaa20f.doc
吴中区-吴中143,吴中区,吴中143,银杏,Ginkgo bilobaL.,250,14.4,220,12,东山镇双湾村槎湾村西头,三级,31.092031,120.391326,地区级示意,https://ylj.suzhou.gov.cn/szsylj/zygk/202502/149aa049258948e4b6588ba53e58247c.shtml,https://ylj.suzhou.gov.cn/szsylj/zygk/202502/149aa049258948e4b6588ba53e58247c/files/415d47168e944733809e7774f3aaa20f.doc
吴中区-吴中145,吴中区,吴中145,银杏,Ginkgo bilobaL.,600,11,399,10,东山镇杨湾村磨盘石,一级,31.166367,120.426463,地区级示意,https://ylj.suzhou.gov.cn/szsylj/zygk/202502/149aa049258948e4b6588ba53e58247c.shtml,https://ylj.suzhou.gov.cn/szsylj/zygk/202502/149aa049258948e4b6588ba53e58247c/files/415d47168e944733809e7774f3aaa20f.doc
吴中区-吴中146,吴中区,吴中146,香樟,Camphora officinarum Nees,350,25,440,21,东山镇杨湾村净云湾,二级,31.195409,120.384915,地区级示意,https://ylj.suzhou.gov.cn/szsylj/zygk/202502/149aa049258948e4b6588ba53e58247c.shtml,https://ylj.suzhou.gov.cn/szsylj/zygk/202502/149aa049258948e4b6588ba53e58247c/files/415d47168e944733809e7774f3aaa20f.doc
吴中区-吴中147,吴中区,吴中147,银杏,Ginkgo bilobaL.,360,15.5,279,8,东山镇杨湾村2组,二级,31.233304,120.461659,地区级示意,https://ylj.suzhou.gov.cn/szsylj/zygk/202502/149aa049258948e4b6588ba53e58247c.shtml,https://ylj.suzhou.gov.cn/szsylj/zygk/202502/149aa049258948e4b6588ba53e58247c/files/415d47168e944733809e7774f3aaa20f.doc
吴中区-吴中148,吴中区,吴中148,银杏,Ginkgo bilobaL.,350,14.4,276,10,东山镇杨湾村老街,二级,31.149187,120.33796,地区级示意,https://ylj.suzhou.gov.cn/szsylj/zygk/202502/149aa049258948e4b6588ba53e58247c.shtml,https://ylj.suzhou.gov.cn/szsylj/zygk/202502/149aa049258948e4b6588ba53e58247c/files/415d47168e944733809e7774f3aaa20f.doc
吴中区-吴中149,吴中区,吴中149,榔榆,Ulmus parvifolia Jacq.,130,9,207,9,东山镇双湾村槎湾村5组,三级,31.2734,120.559092,地区级示意,https://ylj.suzhou.gov.cn/szsylj/zygk/202502/149aa049258948e4b6588ba53e58247c.shtml,https://ylj.suzhou.gov.cn/szsylj/zygk/202502/149aa049258948e4b6588ba53e58247c/files/415d47168e944733809e7774f3aaa20f.doc
吴中区-吴中150,吴中区,吴中150,榔榆,Ulmus parvifolia Jacq.,130,13.6,207,14,东山镇双湾村槎湾村5组东头,三级,31.130307,120.507669,地区级示意,https://ylj.suzhou.gov.cn/szsylj/zygk/202502/149aa049258948e4b6588ba53e58247c.shtml,https://ylj.suzhou.gov.cn/szsylj/zygk/202502/149aa049258948e4b6588ba53e58247c/files/415d47168e944733809e7774f3aaa20f.doc
吴中区-吴中151,吴中区,吴中151,银杏,Ginkgo bilobaL.,400,11.1,204,9,东山镇双湾村槎湾村黄羊棚白坟里,二级,31.229678,120.627612,地区级示意,https://ylj.suzhou.gov.cn/szsylj/zygk/202502/149aa049258948e4b6588ba53e58247c.shtml,https://ylj.suzhou.gov.cn/szsylj/zygk/202502/149aa049258948e4b6588ba53e58247c/files/415d47168e944733809e7774f3aaa20f.doc
吴中区-吴中152,吴中区,吴中152,银杏,Ginkgo bilobaL.,400,12.6,273,9,东山镇双湾村槎湾村黄羊棚白坟里,二级,31.129418,120.426598,地区级示意,https://ylj.suzhou.gov.cn/szsylj/zygk/202502/149aa049258948e4b6588ba53e58247c.shtml,https://ylj.suzhou.gov.cn/szsylj/zygk/202502/149aa049258948e4b6588ba53e58247c/files/415d47168e944733809e7774f3aaa20f.doc
吴中区-吴中153,吴中区,吴中153,圆柏,Juniperus chinensis Roxb.,1000,10.3,220,4,东山镇双湾村槎湾村4组保安寺,一级,31.233031,120.355038,地区级示意,https://ylj.suzhou.gov.cn/szsylj/zygk/202502/149aa049258948e4b6588ba53e58247c.shtml,https://ylj.suzhou.gov.cn/szsylj/zygk/202502/149aa049258948e4b6588ba53e58247c/files/415d47168e944733809e7774f3aaa20f.doc
吴中区-吴中154,吴中区,吴中154,木樨,Osmanthusfragrans (Thunb.) Lour.,150,7.8,170,9,东山镇双湾村槎湾村5组保安寺,三级,31.209648,120.624516,地区级示意,https://ylj.suzhou.gov.cn/szsylj/zygk/202502/149aa049258948e4b6588ba53e58247c.shtml,https://ylj.suzhou.gov.cn/szsylj/zygk/202502/149aa049258948e4b6588ba53e58247c/files/415d47168e944733809e7774f3aaa20f.doc
吴中区-吴中155,吴中区,吴中155,银杏,Ginkgo bilobaL.,2000,13,364,13,东山镇陆巷村北望村岭下,一级,31.209349,120.430141,地区级示意,https://ylj.suzhou.gov.cn/szsylj/zygk/202502/149aa049258948e4b6588ba53e58247c.shtml,https://ylj.suzhou.gov.cn/szsylj/zygk/202502/149aa049258948e4b6588ba53e58247c/files/415d47168e944733809e7774f3aaa20f.doc
吴中区-吴中156,吴中区,吴中156,银杏,Ginkgo bilobaL.,800,17.2,575,17,东山镇陆巷村北望村南望,一级,31.171682,120.575943,地区级示意,https://ylj.suzhou.gov.cn/szsylj/zygk/202502/149aa049258948e4b6588ba53e58247c.shtml,https://ylj.suzhou.gov.cn/szsylj/zygk/202502/149aa049258948e4b6588ba53e58247c/files/415d47168e944733809e7774f3aaa20f.doc
吴中区-吴中157,吴中区,吴中157,香樟,Camphora officinarum Nees,150,18,264,17,东山镇陆巷村北望村四德堂,三级,31.267557,120.459176,地区级示意,https://ylj.suzhou.gov.cn/szsylj/zygk/202502/149aa049258948e4b6588ba53e58247c.shtml,https://ylj.suzhou.gov.cn/szsylj/zygk/202502/149aa049258948e4b6588ba53e58247c/files/415d47168e944733809e7774f3aaa20f.doc
吴中区-吴中158,吴中区,吴中158,榉树,Zelkova serrata (Thunb.) Makino,130,13,201,11,东山镇陆巷村北望村混头山,三级,31.181501,120.469932,地区级示意,https://ylj.suzhou.gov.cn/szsylj/zygk/202502/149aa049258948e4b6588ba53e58247c.shtml,https://ylj.suzhou.gov.cn/szsylj/zygk/202502/149aa049258948e4b6588ba53e58247c/files/415d47168e944733809e7774f3aaa20f.doc
吴中区-吴中159,吴中区,吴中159,榉树,Zelkova serrata (Thunb.) Makino,130,12.4,210,14,东山镇陆巷村北望村混头山渚建堂坟,三级,31.297662,120.485946,地区级示意,https://ylj.suzhou.gov.cn/szsylj/zygk/202502/149aa049258948e4b6588ba53e58247c.shtml,https://ylj.suzhou.gov.cn/szsylj/zygk/202502/149aa049258948e4b6588ba53e58247c/files/415d47168e944733809e7774f3aaa20f.doc
吴中区-吴中160,吴中区,吴中160,银杏,Ginkgo bilobaL.,580,17.2,342,9,东山镇杨湾村上湾村1组居家湾,一级,31.299805,120.500257,地区级示意,https://ylj.suzhou.gov.cn/szsylj/zygk/202502/149aa049258948e4b6588ba53e58247c.shtml,https://ylj.suzhou.gov.cn/szsylj/zygk/202502/149aa049258948e4b6588ba53e58247c/files/415d47168e944733809e7774f3aaa20f.doc
吴中区-吴中161,吴中区,吴中161,银杏,Ginkgo bilobaL.,480,18.5,314,12,东山镇杨湾村上湾村2组金鱼场头,二级,31.182859,120.621979,地区级示意,https://ylj.suzhou.gov.cn/szsylj/zygk/202502/149aa049258948e4b6588ba53e58247c.shtml,https://ylj.suzhou.gov.cn/szsylj/zygk/202502/149aa049258948e4b6588ba53e58247c/files/415d47168e944733809e7774f3aaa20f.doc
吴中区-吴中162,吴中区,吴中162,罗汉松,Podocarpus macrophyllus (Thunb.) Sweet,1500,14.7,436,10,东山镇杨湾村上湾村石桥林源寺,一级,31.246491,120.451013,地区级示意,https://ylj.suzhou.gov.cn/szsylj/zygk/202502/149aa049258948e4b6588ba53e58247c.shtml,https://ylj.suzhou.gov.cn/szsylj/zygk/202502/149aa049258948e4b6588ba53e58247c/files/415d47168e944733809e7774f3aaa20f.doc
吴中区-吴中163,吴中区,吴中163,黄杨,Buxus sinica (Rehder & E. H. Wilson) M. Cheng,600,7.8,83,5,东山镇杨湾村上湾村明善堂,一级,31.174148,120.515204,地区级示意,https://ylj.suzhou.gov.cn/szsylj/zygk/202502/149aa049258948e4b6588ba53e58247c.shtml,https://ylj.suzhou.gov.cn/szsylj/zygk/202502/149aa049258948e4b6588ba53e58247c/files/415d47168e944733809e7774f3aaa20f.doc
吴中区-吴中164,吴中区,吴中164,蜡梅,Chimonanthus praecox (L.)Link,400,5.2,210,5,东山镇杨湾村上湾村明善堂,二级,31.134679,120.585346,地区级示意,https://ylj.suzhou.gov.cn/szsylj/zygk/202502/149aa049258948e4b6588ba53e58247c.shtml,https://ylj.suzhou.gov.cn/szsylj/zygk/202502/149aa049258948e4b6588ba53e58247c/files/415d47168e944733809e7774f3aaa20f.doc
吴中区-吴中165,吴中区,吴中165,山茶,Camellia japonicaL.,360,4.7,44,5,东山镇杨湾村上湾村明善堂,二级,31.216064,120.496573,地区级示意,https://ylj.suzhou.gov.cn/szsylj/zygk/202502/149aa049258948e4b6588ba53e58247c.shtml,https://ylj.suzhou.gov.cn/szsylj/zygk/202502/149aa049258948e4b6588ba53e58247c/files/415d47168e944733809e7774f3aaa20f.doc
吴中区-吴中166,吴中区,吴中166,银杏,Ginkgo bilobaL.,760,14,342,11,东山镇陆巷村白沙村关帝庙,一级,31.186344,120.639314,地区级示意,https://ylj.suzhou.gov.cn/szsylj/zygk/202502/149aa049258948e4b6588ba53e58247c.shtml,https://ylj.suzhou.gov.cn/szsylj/zygk/202502/149aa049258948e4b6588ba53e58247c/files/415d47168e944733809e7774f3aaa20f.doc
吴中区-吴中167,吴中区,吴中167,银杏,Ginkgo bilobaL.,360,13,230,10,东山镇陆巷村白沙村当当石银杏群,二级,31.137173,120.364076,地区级示意,https://ylj.suzhou.gov.cn/szsylj/zygk/202502/149aa049258948e4b6588ba53e58247c.shtml,https://ylj.suzhou.gov.cn/szsylj/zygk/202502/149aa049258948e4b6588ba53e58247c/files/415d47168e944733809e7774f3aaa20f.doc
吴中区-吴中168,吴中区,吴中168,银杏,Ginkgo bilobaL.,360,15,230,12,东山镇陆巷村白沙村当当石银杏群,二级,31.159958,120.504869,地区级示意,https://ylj.suzhou.gov.cn/szsylj/zygk/202502/149aa049258948e4b6588ba53e58247c.shtml,https://ylj.suzhou.gov.cn/szsylj/zygk/202502/149aa049258948e4b6588ba53e58247c/files/415d47168e944733809e7774f3aaa20f.doc
吴中区-吴中169,吴中区,吴中169,银杏,Ginkgo bilobaL.,360,9,210,8,东山镇陆巷村白沙村当当石银杏群,二级,31.092886,120.585568,地区级示意,https://ylj.suzhou.gov.cn/szsylj/zygk/202502/149aa049258948e4b6588ba53e58247c.shtml,https://ylj.suzhou.gov.cn/szsylj/zygk/202502/149aa049258948e4b6588ba53e58247c/files/415d47168e944733809e7774f3aaa20f.doc
吴中区-吴中170,吴中区,吴中170,银杏,Ginkgo bilobaL.,700,12,407,10,东山镇陆巷村白沙村纪革,一级,31.228693,120.352911,地区级示意,https://ylj.suzhou.gov.cn/szsylj/zygk/202502/149aa049258948e4b6588ba53e58247c.shtml,https://ylj.suzhou.gov.cn/szsylj/zygk/202502/149aa049258948e4b6588ba53e58247c/files/415d47168e944733809e7774f3aaa20f.doc
吴中区-吴中172,吴中区,吴中172,榉树,Zelkova serrata (Thunb.) Makino,110,15.5,198,19,东山镇杨湾村屯湾村寺前组刘公堂,三级,31.191572,120.418017,地区级示意,https://ylj.suzhou.gov.cn/szsylj/zygk/202502/149aa049258948e4b6588ba53e58247c.shtml,https://ylj.suzhou.gov.cn/szsylj/zygk/202502/149aa049258948e4b6588ba53e58247c/files/415d47168e944733809e7774f3aaa20f.doc
吴中区-吴中173,吴中区,吴中173,银杏,Ginkgo bilobaL.,200,10.6,267,13,东山镇杨湾村屯湾村寺前组,三级,31.078076,120.462281,地区级示意,https://ylj.suzhou.gov.cn/szsylj/zygk/202502/149aa049258948e4b6588ba53e58247c.shtml,https://ylj.suzhou.gov.cn/szsylj/zygk/202502/149aa049258948e4b6588ba53e58247c/files/415d47168e944733809e7774f3aaa20f.doc
吴中区-吴中174,吴中区,吴中174,榉树,Zelkova serrata (Thunb.) Makino,230,11,195,15,东山镇杨湾村屯湾村湖沙庙,三级,31.142794,120.434613,地区级示意,https://ylj.suzhou.gov.cn/szsylj/zygk/202502/149aa049258948e4b6588ba53e58247c.shtml,https://ylj.suzhou.gov.cn/szsylj/zygk/202502/149aa049258948e4b6588ba53e58247c/files/415d47168e944733809e7774f3aaa20f.doc
吴中区-吴中175,吴中区,吴中175,银杏,Ginkgo bilobaL.,500,15.5,371,16,东山镇杨湾村屯湾村湖沙公墓前,一级,31.189709,120.339098,地区级示意,https://ylj.suzhou.gov.cn/szsylj/zygk/202502/149aa049258948e4b6588ba53e58247c.shtml,https://ylj.suzhou.gov.cn/szsylj/zygk/202502/149aa049258948e4b6588ba53e58247c/files/415d47168e944733809e7774f3aaa20f.doc
吴中区-吴中176,吴中区,吴中176,榉树,Zelkova serrata (Thunb.) Makino,1000,11,389,14,东山镇莫厘村岱松村移山西湾,一级,31.261193,120.422834,地区级示意,https://ylj.suzhou.gov.cn/szsylj/zygk/202502/149aa049258948e4b6588ba53e58247c.shtml,https://ylj.suzhou.gov.cn/szsylj/zygk/202502/149aa049258948e4b6588ba53e58247c/files/415d47168e944733809e7774f3aaa20f.doc
吴中区-吴中177,吴中区,吴中177,银杏,Ginkgo bilobaL.,800,9.5,260,8,东山镇莫厘村岱松村移山东湾,一级,31.250447,120.369245,地区级示意,https://ylj.suzhou.gov.cn/szsylj/zygk/202502/149aa049258948e4b6588ba53e58247c.shtml,https://ylj.suzhou.gov.cn/szsylj/zygk/202502/149aa049258948e4b6588ba53e58247c/files/415d47168e944733809e7774f3aaa20f.doc
吴中区-吴中178,吴中区,吴中178,银杏,Ginkgo bilobaL.,160,15.5,207,13,东山镇莫厘村岱松村宋家湾,三级,31.077119,120.443203,地区级示意,https://ylj.suzhou.gov.cn/szsylj/zygk/202502/149aa049258948e4b6588ba53e58247c.shtml,https://ylj.suzhou.gov.cn/szsylj/zygk/202502/149aa049258948e4b6588ba53e58247c/files/415d47168e944733809e7774f3aaa20f.doc
吴中区-吴中179,吴中区,吴中179,红茴香,Illicium henryi Diels,360,6.8,90,5,东山镇碧螺村雕花楼,二级,31.255346,120.625425,地区级示意,https://ylj.suzhou.gov.cn/szsylj/zygk/202502/149aa049258948e4b6588ba53e58247c.shtml,https://ylj.suzhou.gov.cn/szsylj/zygk/202502/149aa049258948e4b6588ba53e58247c/files/415d47168e944733809e7774f3aaa20f.doc
吴中区-吴中181,吴中区,吴中181,含笑,Micheliafigo (Lour.) Spreng.,200,4,85,6,东山镇莫厘村湖湾村启园内,三级,31.255677,120.546413,地区级示意,https://ylj.suzhou.gov.cn/szsylj/zygk/202502/149aa049258948e4b6588ba53e58247c.shtml,https://ylj.suzhou.gov.cn/szsylj/zygk/202502/149aa049258948e4b6588ba53e58247c/files/415d47168e944733809e7774f3aaa20f.doc
吴中区-吴中182,吴中区,吴中182,杨梅,Morella rubra Lour.,350,5.6,44,6,东山镇莫厘村湖湾村启园内,二级,31.251322,120.628927,地区级示意,https://ylj.suzhou.gov.cn/szsylj/zygk/202502/149aa049258948e4b6588ba53e58247c.shtml,https://ylj.suzhou.gov.cn/szsylj/zygk/202502/149aa049258948e4b6588ba53e58247c/files/415d47168e944733809e7774f3aaa20f.doc
吴中区-吴中183,吴中区,吴中183,紫藤,Wisteriasinensis (Sims)Sweet,1000,5.6,107,13,东山镇洞庭社区老街村敦裕堂边,一级,31.124935,120.456301,地区级示意,https://ylj.suzhou.gov.cn/szsylj/zygk/202502/149aa049258948e4b6588ba53e58247c.shtml,https://ylj.suzhou.gov.cn/szsylj/zygk/202502/149aa049258948e4b6588ba53e58247c/files/415d47168e944733809e7774f3aaa20f.doc
吴中区-吴中184,吴中区,吴中184,银杏,Ginkgo bilobaL.,500,14.4,345,7,东山镇莫厘村湖湾村人民街东头,一级,31.170806,120.613474,地区级示意,https://ylj.suzhou.gov.cn/szsylj/zygk/202502/149aa049258948e4b6588ba53e58247c.shtml,https://ylj.suzhou.gov.cn/szsylj/zygk/202502/149aa049258948e4b6588ba53e58247c/files/415d47168e944733809e7774f3aaa20f.doc
吴中区-吴中330,吴中区,吴中330,木樨,Osmanthusfragrans (Thunb.) Lour.,300,11.6,182,11,东山镇双湾村槎湾西村,二级,31.138463,120.449799,地区级示意,https://ylj.suzhou.gov.cn/szsylj/zygk/202502/149aa049258948e4b6588ba53e58247c.shtml,https://ylj.suzhou.gov.cn/szsylj/zygk/202502/149aa049258948e4b6588ba53e58247c/files/415d47168e944733809e7774f3aaa20f.doc
吴中区-吴中332,吴中区,吴中332,黄杨,Buxus sinica (Rehder & E. H. Wilson) M. Cheng,1500,8.7,80,8,东山镇碧螺村古紫金庵,一级,31.135972,120.634016,地区级示意,https://ylj.suzhou.gov.cn/szsylj/zygk/202502/149aa049258948e4b6588ba53e58247c.shtml,https://ylj.suzhou.gov.cn/szsylj/zygk/202502/149aa049258948e4b6588ba53e58247c/files/415d47168e944733809e7774f3aaa20f.doc
吴中区-吴中333,吴中区,吴中333,黄杨,Buxus sinica (Rehder & E. H. Wilson) M. Cheng,1500,8.7,100,10,东山镇碧螺村古紫金庵,一级,31.205469,120.387452,地区级示意,https://ylj.suzhou.gov.cn/szsylj/zygk/202502/149aa049258948e4b6588ba53e58247c.shtml,https://ylj.suzhou.gov.cn/szsylj/zygk/202502/149aa049258948e4b6588ba53e58247c/files/415d47168e944733809e7774f3aaa20f.doc
吴中区-吴中334,吴中区,吴中334,紫薇,Lagerstroemia indica L.,200,9,91,7,东山镇碧螺村雕花楼花园,三级,31.108419,120.485201,地区级示意,https://ylj.suzhou.gov.cn/szsylj/zygk/202502/149aa049258948e4b6588ba53e58247c.shtml,https://ylj.suzhou.gov.cn/szsylj/zygk/202502/149aa049258948e4b6588ba53e58247c/files/415d47168e944733809e7774f3aaa20f.doc
吴中区-吴中335,吴中区,吴中335,含笑,Micheliafigo(Lour.) Spreng.,150,6,53,6,东山镇碧螺村雕花楼花园,三级,31.187829,120.632822,地区级示意,https://ylj.suzhou.gov.cn/szsylj/zygk/202502/149aa049258948e4b6588ba53e58247c.shtml,https://ylj.suzhou.gov.cn/szsylj/zygk/202502/149aa049258948e4b6588ba53e58247c/files/415d47168e944733809e7774f3aaa20f.doc
吴中区-吴中336,吴中区,吴中336,圆柏,Juniperus chinensis Roxb.,200,14,110,7,东山镇碧螺村雕花楼花园,三级,31.149444,120.526591,地区级示意,https://ylj.suzhou.gov.cn/szsylj/zygk/202502/149aa049258948e4b6588ba53e58247c.shtml,https://ylj.suzhou.gov.cn/szsylj/zygk/202502/149aa049258948e4b6588ba53e58247c/files/415d47168e944733809e7774f3aaa20f.doc
吴中区-吴中337,吴中区,吴中337,紫楠,Phoebe sheareri(Hemsl.) Gamble,100,8,66,6,东山镇碧螺村雕花楼花园,三级,31.113091,120.545463,地区级示意,https://ylj.suzhou.gov.cn/szsylj/zygk/202502/149aa049258948e4b6588ba53e58247c.shtml,https://ylj.suzhou.gov.cn/szsylj/zygk/202502/149aa049258948e4b6588ba53e58247c/files/415d47168e944733809e7774f3aaa20f.doc
吴中区-吴中338,吴中区,吴中338,蜡梅,Chimonanthus praecox (L.)Link,100,2.8,25,2,东山镇碧螺村雕花楼花园,三级,31.137412,120.516203,地区级示意,https://ylj.suzhou.gov.cn/szsylj/zygk/202502/149aa049258948e4b6588ba53e58247c.shtml,https://ylj.suzhou.gov.cn/szsylj/zygk/202502/149aa049258948e4b6588ba53e58247c/files/415d47168e944733809e7774f3aaa20f.doc
吴中区-吴中339,吴中区,吴中339,蜡梅,Chimonanthus praecox (L.)Link,200,5,53,5,东山镇碧螺村雕花楼花园,三级,31.276622,120.430246,地区级示意,https://ylj.suzhou.gov.cn/szsylj/zygk/202502/149aa049258948e4b6588ba53e58247c.shtml,https://ylj.suzhou.gov.cn/szsylj/zygk/202502/149aa049258948e4b6588ba53e58247c/files/415d47168e944733809e7774f3aaa20f.doc
吴中区-吴中340,吴中区,吴中340,蜡梅,Chimonanthus praecox (L.)Link,100,4.5,31,3,东山镇碧螺村雕花楼花园,三级,31.138877,120.626695,地区级示意,https://ylj.suzhou.gov.cn/szsylj/zygk/202502/149aa049258948e4b6588ba53e58247c.shtml,https://ylj.suzhou.gov.cn/szsylj/zygk/202502/149aa049258948e4b6588ba53e58247c/files/415d47168e944733809e7774f3aaa20f.doc
吴中区-吴中341,吴中区,吴中341,蜡梅,Chimonanthus praecox (L.)Link,100,4,28,3,东山镇碧螺村雕花楼花园,三级,31.26734,120.428384,地区级示意,https://ylj.suzhou.gov.cn/szsylj/zygk/202502/149aa049258948e4b6588ba53e58247c.shtml,https://ylj.suzhou.gov.cn/szsylj/zygk/202502/149aa049258948e4b6588ba53e58247c/files/415d47168e944733809e7774f3aaa20f.doc
吴中区-吴中342,吴中区,吴中342,蜡梅,Chimonanthus praecox (L.)Link,100,2.5,30,2,东山镇碧螺村雕花楼花园,三级,31.165093,120.60375,地区级示意,https://ylj.suzhou.gov.cn/szsylj/zygk/202502/149aa049258948e4b6588ba53e58247c.shtml,https://ylj.suzhou.gov.cn/szsylj/zygk/202502/149aa049258948e4b6588ba53e58247c/files/415d47168e944733809e7774f3aaa20f.doc
吴中区-吴中343,吴中区,吴中343,蜡梅,Chimonanthus praecox (L.)Link,100,6,31,5,东山镇碧螺村雕花楼花园,三级,31.24122,120.579203,地区级示意,https://ylj.suzhou.gov.cn/szsylj/zygk/202502/149aa049258948e4b6588ba53e58247c.shtml,https://ylj.suzhou.gov.cn/szsylj/zygk/202502/149aa049258948e4b6588ba53e58247c/files/415d47168e944733809e7774f3aaa20f.doc
吴中区-吴中345,吴中区,吴中345,罗汉松,Podocarpus macrophyllus (Thunb.) Sweet,100,7,90,5,东山镇碧螺村雕花楼花园,三级,31.277084,120.572496,地区级示意,https://ylj.suzhou.gov.cn/szsylj/zygk/202502/149aa049258948e4b6588ba53e58247c.shtml,https://ylj.suzhou.gov.cn/szsylj/zygk/202502/149aa049258948e4b6588ba53e58247c/files/415d47168e944733809e7774f3aaa20f.doc
吴中区-吴中354,吴中区,吴中354,杨梅,Morella rubra Lour.,200,5.5,166,7,东山镇陆巷村北芒岭下村,三级,31.261197,120.378909,地区级示意,https://ylj.suzhou.gov.cn/szsylj/zygk/202502/149aa049258948e4b6588ba53e58247c.shtml,https://ylj.suzhou.gov.cn/szsylj/zygk/202502/149aa049258948e4b6588ba53e58247c/files/415d47168e944733809e7774f3aaa20f.doc
吴中区-吴中356,吴中区,吴中356,茶,Camellia sinensis (L.) Kuntze,250,1.2,37,4,东山镇碧螺村金龙生态茶园,三级,31.281154,120.416382,地区级示意,https://ylj.suzhou.gov.cn/szsylj/zygk/202502/149aa049258948e4b6588ba53e58247c.shtml,https://ylj.suzhou.gov.cn/szsylj/zygk/202502/149aa049258948e4b6588ba53e58247c/files/415d47168e944733809e7774f3aaa20f.doc
吴中区-吴中357,吴中区,吴中357,板栗,Castanea mollissima Blume,350,9.1,229,15,东山镇杨湾村上湾,二级,31.279291,120.472047,地区级示意,https://ylj.suzhou.gov.cn/szsylj/zygk/202502/149aa049258948e4b6588ba53e58247c.shtml,https://ylj.suzhou.gov.cn/szsylj/zygk/202502/149aa049258948e4b6588ba53e58247c/files/415d47168e944733809e7774f3aaa20f.doc
吴中区-吴中198,吴中区,吴中198,圆柏,Juniperus chinensis Roxb.,100,20.1,50,8,潭东村潭东，石嵝,三级,31.232218,120.364377,地区级示意,https://ylj.suzhou.gov.cn/szsylj/zygk/202502/149aa049258948e4b6588ba53e58247c.shtml,https://ylj.suzhou.gov.cn/szsylj/zygk/202502/149aa049258948e4b6588ba53e58247c/files/415d47168e944733809e7774f3aaa20f.doc
吴中区-吴中205,吴中区,吴中205,香樟,Camphora officinarum Nees,120,15.1,188,10,天池村天池山，寂鉴寺后花园,三级,31.256936,120.457085,地区级示意,https://ylj.suzhou.gov.cn/szsylj/zygk/202502/149aa049258948e4b6588ba53e58247c.shtml,https://ylj.suzhou.gov.cn/szsylj/zygk/202502/149aa049258948e4b6588ba53e58247c/files/415d47168e944733809e7774f3aaa20f.doc
吴中区-吴中206,吴中区,吴中206,紫薇,Lagerstroemia indica L.,200,4.1,144,4,天池村天池山，寂鉴寺北侧,三级,31.184967,120.609515,地区级示意,https://ylj.suzhou.gov.cn/szsylj/zygk/202502/149aa049258948e4b6588ba53e58247c.shtml,https://ylj.suzhou.gov.cn/szsylj/zygk/202502/149aa049258948e4b6588ba53e58247c/files/415d47168e944733809e7774f3aaa20f.doc
吴中区-吴中207,吴中区,吴中207,圆柏,Juniperus chinensis Roxb.,120,13.1,100,5,天池村天池山，寂鉴寺四面厅旁东,三级,31.095186,120.53202,地区级示意,https://ylj.suzhou.gov.cn/szsylj/zygk/202502/149aa049258948e4b6588ba53e58247c.shtml,https://ylj.suzhou.gov.cn/szsylj/zygk/202502/149aa049258948e4b6588ba53e58247c/files/415d47168e944733809e7774f3aaa20f.doc
吴中区-吴中208,吴中区,吴中208,圆柏,Juniperus chinensis Roxb.,120,17.1,110,6,天池村天池山，寂鉴寺四面厅旁西,三级,31.249752,120.375624,地区级示意,https://ylj.suzhou.gov.cn/szsylj/zygk/202502/149aa049258948e4b6588ba53e58247c.shtml,https://ylj.suzhou.gov.cn/szsylj/zygk/202502/149aa049258948e4b6588ba53e58247c/files/415d47168e944733809e7774f3aaa20f.doc
吴中区-吴中209,吴中区,吴中209,黄杨,Buxus sinica (Rehder & E. H. Wilson) M. Cheng,200,4.1,69,5,天池村天池山，寂鉴寺东坡,三级,31.249115,120.353671,地区级示意,https://ylj.suzhou.gov.cn/szsylj/zygk/202502/149aa049258948e4b6588ba53e58247c.shtml,https://ylj.suzhou.gov.cn/szsylj/zygk/202502/149aa049258948e4b6588ba53e58247c/files/415d47168e944733809e7774f3aaa20f.doc
吴中区-吴中210,吴中区,吴中210,银杏,Ginkgo biloba L.,150,15.1,239,16,天池村天池山，寂鉴寺,三级,31.138164,120.592802,地区级示意,https://ylj.suzhou.gov.cn/szsylj/zygk/202502/149aa049258948e4b6588ba53e58247c.shtml,https://ylj.suzhou.gov.cn/szsylj/zygk/202502/149aa049258948e4b6588ba53e58247c/files/415d47168e944733809e7774f3aaa20f.doc
吴中区-吴中211,吴中区,吴中211,鸡爪槭,Acer palmatum Thunb.,150,20.2,119,11,天池村天池山，寂鉴寺石屋旁,三级,31.117809,120.349203,地区级示意,https://ylj.suzhou.gov.cn/szsylj/zygk/202502/149aa049258948e4b6588ba53e58247c.shtml,https://ylj.suzhou.gov.cn/szsylj/zygk/202502/149aa049258948e4b6588ba53e58247c/files/415d47168e944733809e7774f3aaa20f.doc
吴中区-吴中212,吴中区,吴中212,香樟,Camphora officinarum Nees,200,20.3,170,13,天池村天池山，寂鉴寺门口东,三级,31.15485,120.419164,地区级示意,https://ylj.suzhou.gov.cn/szsylj/zygk/202502/149aa049258948e4b6588ba53e58247c.shtml,https://ylj.suzhou.gov.cn/szsylj/zygk/202502/149aa049258948e4b6588ba53e58247c/files/415d47168e944733809e7774f3aaa20f.doc
吴中区-吴中213,吴中区,吴中213,香樟,Camphora officinarum Nees,200,20.4,201,19,天池村天池山，寂鉴寺门口西,三级,31.250339,120.471725,地区级示意,https://ylj.suzhou.gov.cn/szsylj/zygk/202502/149aa049258948e4b6588ba53e58247c.shtml,https://ylj.suzhou.gov.cn/szsylj/zygk/202502/149aa049258948e4b6588ba53e58247c/files/415d47168e944733809e7774f3aaa20f.doc
吴中区-吴中214,吴中区,吴中214,石楠,Photinia serratifolia (Desf.) Kalkman,120,12.4,91,10,天池村天池山，寂鉴寺东侧,三级,31.260868,120.457516,地区级示意,https://ylj.suzhou.gov.cn/szsylj/zygk/202502/149aa049258948e4b6588ba53e58247c.shtml,https://ylj.suzhou.gov.cn/szsylj/zygk/202502/149aa049258948e4b6588ba53e58247c/files/415d47168e944733809e7774f3aaa20f.doc
吴中区-吴中215,吴中区,吴中215,榉树,Zelkova serrata (Thunb.) Makino,120,18.9,141,11,天池村天池山，寂鉴寺石屋东北,三级,31.155891,120.448617,地区级示意,https://ylj.suzhou.gov.cn/szsylj/zygk/202502/149aa049258948e4b6588ba53e58247c.shtml,https://ylj.suzhou.gov.cn/szsylj/zygk/202502/149aa049258948e4b6588ba53e58247c/files/415d47168e944733809e7774f3aaa20f.doc
吴中区-吴中216,吴中区,吴中216,榉树,Zelkova serrata (Thunb.) Makino,120,22.2,144,12,天池村天池山，寂鉴寺石屋东北,三级,31.241577,120.506811,地区级示意,https://ylj.suzhou.gov.cn/szsylj/zygk/202502/149aa049258948e4b6588ba53e58247c.shtml,https://ylj.suzhou.gov.cn/szsylj/zygk/202502/149aa049258948e4b6588ba53e58247c/files/415d47168e944733809e7774f3aaa20f.doc
吴中区-吴中217,吴中区,吴中217,香樟,Camphora officinarum Nees,200,21.8,229,23,天池村天池山，寂鉴寺西北,三级,31.167006,120.520494,地区级示意,https://ylj.suzhou.gov.cn/szsylj/zygk/202502/149aa049258948e4b6588ba53e58247c.shtml,https://ylj.suzhou.gov.cn/szsylj/zygk/202502/149aa049258948e4b6588ba53e58247c/files/415d47168e944733809e7774f3aaa20f.doc
吴中区-吴中218,吴中区,吴中218,香樟,Camphora officinarum Nees,200,18.1,298,17,天池村天池山，寂鉴寺西北角,三级,31.275803,120.593291,地区级示意,https://ylj.suzhou.gov.cn/szsylj/zygk/202502/149aa049258948e4b6588ba53e58247c.shtml,https://ylj.suzhou.gov.cn/szsylj/zygk/202502/149aa049258948e4b6588ba53e58247c/files/415d47168e944733809e7774f3aaa20f.doc
吴中区-吴中219,吴中区,吴中219,香樟,Camphora officinarum Nees,150,20.1,188,15,天池村天池山，寂鉴寺西北,三级,31.129763,120.395731,地区级示意,https://ylj.suzhou.gov.cn/szsylj/zygk/202502/149aa049258948e4b6588ba53e58247c.shtml,https://ylj.suzhou.gov.cn/szsylj/zygk/202502/149aa049258948e4b6588ba53e58247c/files/415d47168e944733809e7774f3aaa20f.doc
吴中区-吴中221,吴中区,吴中221,栓皮栎,Quercus variabilis Blume,150,24.8,279,21,天池村天池山，寂鉴寺西北角,三级,31.245365,120.367777,地区级示意,https://ylj.suzhou.gov.cn/szsylj/zygk/202502/149aa049258948e4b6588ba53e58247c.shtml,https://ylj.suzhou.gov.cn/szsylj/zygk/202502/149aa049258948e4b6588ba53e58247c/files/415d47168e944733809e7774f3aaa20f.doc
吴中区-吴中224,吴中区,吴中224,木樨,Osmanthus fragrans (Thunb.) Lour.,300,8.1,170,10,天池村天池山，茶室后园,二级,31.293873,120.565823,地区级示意,https://ylj.suzhou.gov.cn/szsylj/zygk/202502/149aa049258948e4b6588ba53e58247c.shtml,https://ylj.suzhou.gov.cn/szsylj/zygk/202502/149aa049258948e4b6588ba53e58247c/files/415d47168e944733809e7774f3aaa20f.doc
吴中区-吴中229,吴中区,吴中229,鸡爪槭,Acer palmatum Thunb.,110,12.2,91,9,小王山,三级,31.110862,120.485736,地区级示意,https://ylj.suzhou.gov.cn/szsylj/zygk/202502/149aa049258948e4b6588ba53e58247c.shtml,https://ylj.suzhou.gov.cn/szsylj/zygk/202502/149aa049258948e4b6588ba53e58247c/files/415d47168e944733809e7774f3aaa20f.doc
吴中区-吴中230,吴中区,吴中230,鸡爪槭,Acer palmatum Thunb.,110,12.1,82,6,小王山,三级,31.134816,120.512224,地区级示意,https://ylj.suzhou.gov.cn/szsylj/zygk/202502/149aa049258948e4b6588ba53e58247c.shtml,https://ylj.suzhou.gov.cn/szsylj/zygk/202502/149aa049258948e4b6588ba53e58247c/files/415d47168e944733809e7774f3aaa20f.doc
吴中区-吴中231,吴中区,吴中231,银杏,Ginkgo biloba L.,980,30.3,339,25,穹隆山宁邦寺,一级,31.239816,120.518943,地区级示意,https://ylj.suzhou.gov.cn/szsylj/zygk/202502/149aa049258948e4b6588ba53e58247c.shtml,https://ylj.suzhou.gov.cn/szsylj/zygk/202502/149aa049258948e4b6588ba53e58247c/files/415d47168e944733809e7774f3aaa20f.doc
吴中区-吴中232,吴中区,吴中232,鸡爪槭,Acer palmatum Thunb.,120,15.2,97,8,小王山阙莹小学院旁,三级,31.176474,120.465242,地区级示意,https://ylj.suzhou.gov.cn/szsylj/zygk/202502/149aa049258948e4b6588ba53e58247c.shtml,https://ylj.suzhou.gov.cn/szsylj/zygk/202502/149aa049258948e4b6588ba53e58247c/files/415d47168e944733809e7774f3aaa20f.doc
吴中区-吴中233,吴中区,吴中233,罗汉松,Podocarpus macrophyllus (Thunb.) Sweet,320,10.3,232,8,穹隆山白马寺,二级,31.278373,120.477666,地区级示意,https://ylj.suzhou.gov.cn/szsylj/zygk/202502/149aa049258948e4b6588ba53e58247c.shtml,https://ylj.suzhou.gov.cn/szsylj/zygk/202502/149aa049258948e4b6588ba53e58247c/files/415d47168e944733809e7774f3aaa20f.doc
吴中区-吴中234,吴中区,吴中234,鸡爪槭,Acer palmatumThunb.,110,10.1,75,6,小王山阙莹小学院旁,三级,31.244306,120.52454,地区级示意,https://ylj.suzhou.gov.cn/szsylj/zygk/202502/149aa049258948e4b6588ba53e58247c.shtml,https://ylj.suzhou.gov.cn/szsylj/zygk/202502/149aa049258948e4b6588ba53e58247c/files/415d47168e944733809e7774f3aaa20f.doc
吴中区-吴中235,吴中区,吴中235,榉树,Zelkova serrata (Thunb.) Makino,130,23.1,157,12,穹隆山孙武苑围墙北边,三级,31.173803,120.523076,地区级示意,https://ylj.suzhou.gov.cn/szsylj/zygk/202502/149aa049258948e4b6588ba53e58247c.shtml,https://ylj.suzhou.gov.cn/szsylj/zygk/202502/149aa049258948e4b6588ba53e58247c/files/415d47168e944733809e7774f3aaa20f.doc
吴中区-吴中236,吴中区,吴中236,黄杨,Buxus sinica (Rehder & E. H. Wilson) M. Cheng,600,6.5,107,8,穹隆山宁邦寺,一级,31.214182,120.321002,地区级示意,https://ylj.suzhou.gov.cn/szsylj/zygk/202502/149aa049258948e4b6588ba53e58247c.shtml,https://ylj.suzhou.gov.cn/szsylj/zygk/202502/149aa049258948e4b6588ba53e58247c/files/415d47168e944733809e7774f3aaa20f.doc
吴中区-吴中237,吴中区,吴中237,银杏,Ginkgo biloba L.,620,20.8,170,15,穹隆山宁邦寺,一级,31.188328,120.403107,地区级示意,https://ylj.suzhou.gov.cn/szsylj/zygk/202502/149aa049258948e4b6588ba53e58247c.shtml,https://ylj.suzhou.gov.cn/szsylj/zygk/202502/149aa049258948e4b6588ba53e58247c/files/415d47168e944733809e7774f3aaa20f.doc
吴中区-吴中238,吴中区,吴中238,榉树,Zelkova serrata (Thunb.) Makino,120,20.2,195,16,小王山,三级,31.187924,120.417361,地区级示意,https://ylj.suzhou.gov.cn/szsylj/zygk/202502/149aa049258948e4b6588ba53e58247c.shtml,https://ylj.suzhou.gov.cn/szsylj/zygk/202502/149aa049258948e4b6588ba53e58247c/files/415d47168e944733809e7774f3aaa20f.doc
吴中区-吴中239,吴中区,吴中239,圆柏,Juniperus chinensis Roxb.,320,9.2,141,7,穹隆山宁邦寺,二级,31.275272,120.50403,地区级示意,https://ylj.suzhou.gov.cn/szsylj/zygk/202502/149aa049258948e4b6588ba53e58247c.shtml,https://ylj.suzhou.gov.cn/szsylj/zygk/202502/149aa049258948e4b6588ba53e58247c/files/415d47168e944733809e7774f3aaa20f.doc
吴中区-吴中240,吴中区,吴中240,香樟,Camphora officinarum Nees,220,27.8,242,16,穹隆山茅篷,三级,31.205583,120.36776,地区级示意,https://ylj.suzhou.gov.cn/szsylj/zygk/202502/149aa049258948e4b6588ba53e58247c.shtml,https://ylj.suzhou.gov.cn/szsylj/zygk/202502/149aa049258948e4b6588ba53e58247c/files/415d47168e944733809e7774f3aaa20f.doc
吴中区-吴中241,吴中区,吴中241,银杏,Ginkgo biloba L.,220,23.2,166,12,穹隆山茅篷,三级,31.175237,120.439584,地区级示意,https://ylj.suzhou.gov.cn/szsylj/zygk/202502/149aa049258948e4b6588ba53e58247c.shtml,https://ylj.suzhou.gov.cn/szsylj/zygk/202502/149aa049258948e4b6588ba53e58247c/files/415d47168e944733809e7774f3aaa20f.doc
吴中区-吴中242,吴中区,吴中242,香樟,Camphora officinarum Nees,220,18.1,314,30,穹隆山宁邦寺,三级,31.177676,120.451171,地区级示意,https://ylj.suzhou.gov.cn/szsylj/zygk/202502/149aa049258948e4b6588ba53e58247c.shtml,https://ylj.suzhou.gov.cn/szsylj/zygk/202502/149aa049258948e4b6588ba53e58247c/files/415d47168e944733809e7774f3aaa20f.doc
吴中区-吴中243,吴中区,吴中243,罗汉松,Podocarpus macrophyllus (Thunb.) Sweet,320,11.9,257,8,穹隆山白马寺,二级,31.153113,120.554996,地区级示意,https://ylj.suzhou.gov.cn/szsylj/zygk/202502/149aa049258948e4b6588ba53e58247c.shtml,https://ylj.suzhou.gov.cn/szsylj/zygk/202502/149aa049258948e4b6588ba53e58247c/files/415d47168e944733809e7774f3aaa20f.doc
吴中区-吴中244,吴中区,吴中244,木樨,Osmanthusfragrans (Thunb.) Lour.,220,6.1,176,5,穹隆山宁邦寺,三级,31.122677,120.540198,地区级示意,https://ylj.suzhou.gov.cn/szsylj/zygk/202502/149aa049258948e4b6588ba53e58247c.shtml,https://ylj.suzhou.gov.cn/szsylj/zygk/202502/149aa049258948e4b6588ba53e58247c/files/415d47168e944733809e7774f3aaa20f.doc
吴中区-吴中245,吴中区,吴中245,玉兰,Yulania denudata (Desr.) D. L. Fu,235,6.9,126,12,穹隆山上贞观,三级,31.190987,120.591069,地区级示意,https://ylj.suzhou.gov.cn/szsylj/zygk/202502/149aa049258948e4b6588ba53e58247c.shtml,https://ylj.suzhou.gov.cn/szsylj/zygk/202502/149aa049258948e4b6588ba53e58247c/files/415d47168e944733809e7774f3aaa20f.doc
吴中区-吴中246,吴中区,吴中246,圆柏,Juniperus chinensis Roxb.,120,12.9,88,5,穹隆山茅蓬茶室西,三级,31.200119,120.331207,地区级示意,https://ylj.suzhou.gov.cn/szsylj/zygk/202502/149aa049258948e4b6588ba53e58247c.shtml,https://ylj.suzhou.gov.cn/szsylj/zygk/202502/149aa049258948e4b6588ba53e58247c/files/415d47168e944733809e7774f3aaa20f.doc
吴中区-吴中247,吴中区,吴中247,紫楠,Phoebe sheareri(Hemsl.) Gamble,240,20.3,138,11,穹隆山茅蓬孙武苑沟西,三级,31.100682,120.383797,地区级示意,https://ylj.suzhou.gov.cn/szsylj/zygk/202502/149aa049258948e4b6588ba53e58247c.shtml,https://ylj.suzhou.gov.cn/szsylj/zygk/202502/149aa049258948e4b6588ba53e58247c/files/415d47168e944733809e7774f3aaa20f.doc
吴中区-吴中248,吴中区,吴中248,榉树,Zelkova serrata (Thunb.) Makino,220,13.8,311,11,穹隆山宁邦寺,三级,31.169684,120.36658,地区级示意,https://ylj.suzhou.gov.cn/szsylj/zygk/202502/149aa049258948e4b6588ba53e58247c.shtml,https://ylj.suzhou.gov.cn/szsylj/zygk/202502/149aa049258948e4b6588ba53e58247c/files/415d47168e944733809e7774f3aaa20f.doc
吴中区-吴中249,吴中区,吴中249,木樨,Osmanthus fragrans (Thunb.) Lour.,130,11.2,94,11,穹隆山茅蓬兵圣堂西,三级,31.235174,120.340792,地区级示意,https://ylj.suzhou.gov.cn/szsylj/zygk/202502/149aa049258948e4b6588ba53e58247c.shtml,https://ylj.suzhou.gov.cn/szsylj/zygk/202502/149aa049258948e4b6588ba53e58247c/files/415d47168e944733809e7774f3aaa20f.doc
吴中区-吴中250,吴中区,吴中250,枫香,Liquidambar formosana Hance,110,25.1,138,9,穹隆山茅篷孙武苑将军碑,三级,31.170868,120.36165,地区级示意,https://ylj.suzhou.gov.cn/szsylj/zygk/202502/149aa049258948e4b6588ba53e58247c.shtml,https://ylj.suzhou.gov.cn/szsylj/zygk/202502/149aa049258948e4b6588ba53e58247c/files/415d47168e944733809e7774f3aaa20f.doc
吴中区-吴中251,吴中区,吴中251,榉树,Zelkova serrata (Thunb.) Makino,110,17.9,192,19,穹隆山宁邦寺茶室下,三级,31.141292,120.386871,地区级示意,https://ylj.suzhou.gov.cn/szsylj/zygk/202502/149aa049258948e4b6588ba53e58247c.shtml,https://ylj.suzhou.gov.cn/szsylj/zygk/202502/149aa049258948e4b6588ba53e58247c/files/415d47168e944733809e7774f3aaa20f.doc
吴中区-吴中252,吴中区,吴中252,朴树,CeltissinensisPers.,120,15.2,157,24,穹隆山宁邦寺茶室院内,三级,31.186284,120.39012,地区级示意,https://ylj.suzhou.gov.cn/szsylj/zygk/202502/149aa049258948e4b6588ba53e58247c.shtml,https://ylj.suzhou.gov.cn/szsylj/zygk/202502/149aa049258948e4b6588ba53e58247c/files/415d47168e944733809e7774f3aaa20f.doc
吴中区-吴中253,吴中区,吴中253,香樟,Camphora officinarum Nees,260,34.7,484,18,穹隆山孙武苑内,三级,31.186569,120.396559,地区级示意,https://ylj.suzhou.gov.cn/szsylj/zygk/202502/149aa049258948e4b6588ba53e58247c.shtml,https://ylj.suzhou.gov.cn/szsylj/zygk/202502/149aa049258948e4b6588ba53e58247c/files/415d47168e944733809e7774f3aaa20f.doc
吴中区-吴中254,吴中区,吴中254,榉树,Zelkova serrata (Thunb.) Makino,110,20.1,151,14,穹隆山宁邦寺,三级,31.09209,120.488387,地区级示意,https://ylj.suzhou.gov.cn/szsylj/zygk/202502/149aa049258948e4b6588ba53e58247c.shtml,https://ylj.suzhou.gov.cn/szsylj/zygk/202502/149aa049258948e4b6588ba53e58247c/files/415d47168e944733809e7774f3aaa20f.doc
吴中区-吴中255,吴中区,吴中255,白栎,QuercusfabriHance,140,34.9,214,22,穹隆山孙武苑,三级,31.187351,120.564392,地区级示意,https://ylj.suzhou.gov.cn/szsylj/zygk/202502/149aa049258948e4b6588ba53e58247c.shtml,https://ylj.suzhou.gov.cn/szsylj/zygk/202502/149aa049258948e4b6588ba53e58247c/files/415d47168e944733809e7774f3aaa20f.doc
吴中区-吴中256,吴中区,吴中256,栓皮栎,QuercusvariabilisBlume,120,30.9,226,14,穹隆山茅蓬,三级,31.243223,120.443569,地区级示意,https://ylj.suzhou.gov.cn/szsylj/zygk/202502/149aa049258948e4b6588ba53e58247c.shtml,https://ylj.suzhou.gov.cn/szsylj/zygk/202502/149aa049258948e4b6588ba53e58247c/files/415d47168e944733809e7774f3aaa20f.doc
吴中区-吴中258,吴中区,吴中258,皂荚,Gleditsiasinensis Lam.,115,14.8,116,17,穹隆山宁邦寺古刹对面,三级,31.16565,120.472398,地区级示意,https://ylj.suzhou.gov.cn/szsylj/zygk/202502/149aa049258948e4b6588ba53e58247c.shtml,https://ylj.suzhou.gov.cn/szsylj/zygk/202502/149aa049258948e4b6588ba53e58247c/files/415d47168e944733809e7774f3aaa20f.doc
吴中区-吴中259,吴中区,吴中259,朴树,CeltissinensisPers.,150,20.8,141,13,穹隆山茅蓬茶室门边,三级,31.260044,120.505141,地区级示意,https://ylj.suzhou.gov.cn/szsylj/zygk/202502/149aa049258948e4b6588ba53e58247c.shtml,https://ylj.suzhou.gov.cn/szsylj/zygk/202502/149aa049258948e4b6588ba53e58247c/files/415d47168e944733809e7774f3aaa20f.doc
吴中区-吴中260,吴中区,吴中260,南京椴,Tilia miqueliana Maxim.,230,34.8,305,21,穹隆山茅蓬孙武苑下,三级,31.07385,120.440471,地区级示意,https://ylj.suzhou.gov.cn/szsylj/zygk/202502/149aa049258948e4b6588ba53e58247c.shtml,https://ylj.suzhou.gov.cn/szsylj/zygk/202502/149aa049258948e4b6588ba53e58247c/files/415d47168e944733809e7774f3aaa20f.doc
吴中区-吴中261,吴中区,吴中261,牛鼻栓,FortuneariasinensisRehder & E. H. Wilson,130,8.1,69,9,穹隆山茅蓬,三级,31.07939,120.51257,地区级示意,https://ylj.suzhou.gov.cn/szsylj/zygk/202502/149aa049258948e4b6588ba53e58247c.shtml,https://ylj.suzhou.gov.cn/szsylj/zygk/202502/149aa049258948e4b6588ba53e58247c/files/415d47168e944733809e7774f3aaa20f.doc
吴中区-吴中262,吴中区,吴中262,香樟,Camphora officinarum Nees,230,34.9,370,16,穹隆山茅蓬,三级,31.212133,120.633759,地区级示意,https://ylj.suzhou.gov.cn/szsylj/zygk/202502/149aa049258948e4b6588ba53e58247c.shtml,https://ylj.suzhou.gov.cn/szsylj/zygk/202502/149aa049258948e4b6588ba53e58247c/files/415d47168e944733809e7774f3aaa20f.doc
吴中区-吴中263,吴中区,吴中263,冬青,Ilex chinensis Sims,250,30.1,132,12,穹隆山孙武苑,三级,31.128342,120.473699,地区级示意,https://ylj.suzhou.gov.cn/szsylj/zygk/202502/149aa049258948e4b6588ba53e58247c.shtml,https://ylj.suzhou.gov.cn/szsylj/zygk/202502/149aa049258948e4b6588ba53e58247c/files/415d47168e944733809e7774f3aaa20f.doc
吴中区-吴中264,吴中区,吴中264,白栎,QuercusfabriHance.,120,10.1,144,12,穹隆山宁邦寺,三级,31.248878,120.572549,地区级示意,https://ylj.suzhou.gov.cn/szsylj/zygk/202502/149aa049258948e4b6588ba53e58247c.shtml,https://ylj.suzhou.gov.cn/szsylj/zygk/202502/149aa049258948e4b6588ba53e58247c/files/415d47168e944733809e7774f3aaa20f.doc
吴中区-吴中265,吴中区,吴中265,南京椴,Tiliamiqueliana Maxim.,130,17.8,100,3,穹隆山孙武苑,三级,31.231888,120.574914,地区级示意,https://ylj.suzhou.gov.cn/szsylj/zygk/202502/149aa049258948e4b6588ba53e58247c.shtml,https://ylj.suzhou.gov.cn/szsylj/zygk/202502/149aa049258948e4b6588ba53e58247c/files/415d47168e944733809e7774f3aaa20f.doc
吴中区-吴中266,吴中区,吴中266,麻栎,QuercusacutissimaCarruth.,210,10.2,141,13,穹隆山宁邦寺,三级,31.136416,120.589999,地区级示意,https://ylj.suzhou.gov.cn/szsylj/zygk/202502/149aa049258948e4b6588ba53e58247c.shtml,https://ylj.suzhou.gov.cn/szsylj/zygk/202502/149aa049258948e4b6588ba53e58247c/files/415d47168e944733809e7774f3aaa20f.doc
吴中区-吴中267,吴中区,吴中267,枫香,Liquidambar formosanaHance.,120,24.1,229,12,穹隆山孙武苑,三级,31.14635,120.60591,地区级示意,https://ylj.suzhou.gov.cn/szsylj/zygk/202502/149aa049258948e4b6588ba53e58247c.shtml,https://ylj.suzhou.gov.cn/szsylj/zygk/202502/149aa049258948e4b6588ba53e58247c/files/415d47168e944733809e7774f3aaa20f.doc
吴中区-吴中268,吴中区,吴中268,紫楠,Phoebe sheareri(Hemsl.) Gamble,140,17.4,72,6,穹隆山孙武苑,三级,31.255551,120.405839,地区级示意,https://ylj.suzhou.gov.cn/szsylj/zygk/202502/149aa049258948e4b6588ba53e58247c.shtml,https://ylj.suzhou.gov.cn/szsylj/zygk/202502/149aa049258948e4b6588ba53e58247c/files/415d47168e944733809e7774f3aaa20f.doc
吴中区-吴中269,吴中区,吴中269,麻栎,Quercusacutissima Carruth.,115,18.2,144,22,穹隆山宁邦寺,三级,31.116828,120.50944,地区级示意,https://ylj.suzhou.gov.cn/szsylj/zygk/202502/149aa049258948e4b6588ba53e58247c.shtml,https://ylj.suzhou.gov.cn/szsylj/zygk/202502/149aa049258948e4b6588ba53e58247c/files/415d47168e944733809e7774f3aaa20f.doc
吴中区-吴中270,吴中区,吴中270,枫香,Liquidambar formosanaHance.,130,26.1,122,6,穹隆山木桥边,三级,31.183017,120.406645,地区级示意,https://ylj.suzhou.gov.cn/szsylj/zygk/202502/149aa049258948e4b6588ba53e58247c.shtml,https://ylj.suzhou.gov.cn/szsylj/zygk/202502/149aa049258948e4b6588ba53e58247c/files/415d47168e944733809e7774f3aaa20f.doc
吴中区-吴中271,吴中区,吴中271,圆柏,Juniperus chinensis Roxb.,115,17.2,119,5,穹隆山孙武苑,三级,31.186933,120.523158,地区级示意,https://ylj.suzhou.gov.cn/szsylj/zygk/202502/149aa049258948e4b6588ba53e58247c.shtml,https://ylj.suzhou.gov.cn/szsylj/zygk/202502/149aa049258948e4b6588ba53e58247c/files/415d47168e944733809e7774f3aaa20f.doc
吴中区-吴中272,吴中区,吴中272,板栗,CastaneamollissimaBlume,120,17.1,179,7,穹隆山孙武苑,三级,31.131322,120.562402,地区级示意,https://ylj.suzhou.gov.cn/szsylj/zygk/202502/149aa049258948e4b6588ba53e58247c.shtml,https://ylj.suzhou.gov.cn/szsylj/zygk/202502/149aa049258948e4b6588ba53e58247c/files/415d47168e944733809e7774f3aaa20f.doc
吴中区-吴中273,吴中区,吴中273,苦槠,Castanopsissclerophylla (Lindl.) Schottky,320,22.2,166,12,穹隆山孙武苑,二级,31.122568,120.616774,地区级示意,https://ylj.suzhou.gov.cn/szsylj/zygk/202502/149aa049258948e4b6588ba53e58247c.shtml,https://ylj.suzhou.gov.cn/szsylj/zygk/202502/149aa049258948e4b6588ba53e58247c/files/415d47168e944733809e7774f3aaa20f.doc
吴中区-吴中274,吴中区,吴中274,榉树,Zelkova serrata (Thunb.) Makino,230,20.2,160,18,穹隆山宁邦寺,三级,31.148946,120.575275,地区级示意,https://ylj.suzhou.gov.cn/szsylj/zygk/202502/149aa049258948e4b6588ba53e58247c.shtml,https://ylj.suzhou.gov.cn/szsylj/zygk/202502/149aa049258948e4b6588ba53e58247c/files/415d47168e944733809e7774f3aaa20f.doc
吴中区-吴中275,吴中区,吴中275,龙爪槐,Styphnolobium japonicum 'Pendula',150,4.2,97,4,穹隆山白马寺,三级,31.184554,120.360183,地区级示意,https://ylj.suzhou.gov.cn/szsylj/zygk/202502/149aa049258948e4b6588ba53e58247c.shtml,https://ylj.suzhou.gov.cn/szsylj/zygk/202502/149aa049258948e4b6588ba53e58247c/files/415d47168e944733809e7774f3aaa20f.doc
吴中区-吴中310,吴中区,吴中310,榉树,Zelkova serrata (Thunb.) Makino,150,17.2,119,15,花山百步潺溪北,三级,31.21391,120.371527,地区级示意,https://ylj.suzhou.gov.cn/szsylj/zygk/202502/149aa049258948e4b6588ba53e58247c.shtml,https://ylj.suzhou.gov.cn/szsylj/zygk/202502/149aa049258948e4b6588ba53e58247c/files/415d47168e944733809e7774f3aaa20f.doc
吴中区-吴中311,吴中区,吴中311,榉树,Zelkova serrata (Thunb.) Makino,110,30.2,179,27,花山百步潺溪上,三级,31.222946,120.354746,地区级示意,https://ylj.suzhou.gov.cn/szsylj/zygk/202502/149aa049258948e4b6588ba53e58247c.shtml,https://ylj.suzhou.gov.cn/szsylj/zygk/202502/149aa049258948e4b6588ba53e58247c/files/415d47168e944733809e7774f3aaa20f.doc
吴中区-吴中312,吴中区,吴中312,榉树,Zelkova serrata (Thunb.) Makino,120,22.2,141,28,花山百步潺溪下,三级,31.254334,120.528169,地区级示意,https://ylj.suzhou.gov.cn/szsylj/zygk/202502/149aa049258948e4b6588ba53e58247c.shtml,https://ylj.suzhou.gov.cn/szsylj/zygk/202502/149aa049258948e4b6588ba53e58247c/files/415d47168e944733809e7774f3aaa20f.doc
吴中区-吴中313,吴中区,吴中313,银杏,Ginkgo biloba L.,200,40.2,239,21,花山寺庙前,三级,31.208396,120.645743,地区级示意,https://ylj.suzhou.gov.cn/szsylj/zygk/202502/149aa049258948e4b6588ba53e58247c.shtml,https://ylj.suzhou.gov.cn/szsylj/zygk/202502/149aa049258948e4b6588ba53e58247c/files/415d47168e944733809e7774f3aaa20f.doc
吴中区-吴中314,吴中区,吴中314,榉树,Zelkova serrata (Thunb.) Makino,180,19.3,170,18,花山花山寺庙前（南）,三级,31.106296,120.429082,地区级示意,https://ylj.suzhou.gov.cn/szsylj/zygk/202502/149aa049258948e4b6588ba53e58247c.shtml,https://ylj.suzhou.gov.cn/szsylj/zygk/202502/149aa049258948e4b6588ba53e58247c/files/415d47168e944733809e7774f3aaa20f.doc
吴中区-吴中315,吴中区,吴中315,榉树,Zelkova serrata (Thunb.) Makino,180,17.8,166,5,花山花山寺庙前（北）,三级,31.196222,120.638388,地区级示意,https://ylj.suzhou.gov.cn/szsylj/zygk/202502/149aa049258948e4b6588ba53e58247c.shtml,https://ylj.suzhou.gov.cn/szsylj/zygk/202502/149aa049258948e4b6588ba53e58247c/files/415d47168e944733809e7774f3aaa20f.doc
吴中区-吴中316,吴中区,吴中316,板栗,CastaneamollissimaBlume,320,19.2,239,15,花山翠严寺南,二级,31.136339,120.429956,地区级示意,https://ylj.suzhou.gov.cn/szsylj/zygk/202502/149aa049258948e4b6588ba53e58247c.shtml,https://ylj.suzhou.gov.cn/szsylj/zygk/202502/149aa049258948e4b6588ba53e58247c/files/415d47168e944733809e7774f3aaa20f.doc
吴中区-吴中317,吴中区,吴中317,黄杨,Buxus sinica (Rehder & E. H. Wilson) M. Cheng,150,10.2,91,8,花山翠严寺里,三级,31.25639,120.596536,地区级示意,https://ylj.suzhou.gov.cn/szsylj/zygk/202502/149aa049258948e4b6588ba53e58247c.shtml,https://ylj.suzhou.gov.cn/szsylj/zygk/202502/149aa049258948e4b6588ba53e58247c/files/415d47168e944733809e7774f3aaa20f.doc
吴中区-吴中318,吴中区,吴中318,黄杨,Buxus sinica (Rehder & E. H. Wilson) M. Cheng,105,9.2,69,6,花山翠严寺里,三级,31.195816,120.331462,地区级示意,https://ylj.suzhou.gov.cn/szsylj/zygk/202502/149aa049258948e4b6588ba53e58247c.shtml,https://ylj.suzhou.gov.cn/szsylj/zygk/202502/149aa049258948e4b6588ba53e58247c/files/415d47168e944733809e7774f3aaa20f.doc
吴中区-吴中319,吴中区,吴中319,圆柏,Juniperus chinensis Roxb.,320,16.8,179,10,花山井边,二级,31.274908,120.595969,地区级示意,https://ylj.suzhou.gov.cn/szsylj/zygk/202502/149aa049258948e4b6588ba53e58247c.shtml,https://ylj.suzhou.gov.cn/szsylj/zygk/202502/149aa049258948e4b6588ba53e58247c/files/415d47168e944733809e7774f3aaa20f.doc
吴中区-吴中320,吴中区,吴中320,板栗,CastaneamollissimaBlume,320,15.1,160,10,花山翠严寺内（北）,二级,31.151569,120.550172,地区级示意,https://ylj.suzhou.gov.cn/szsylj/zygk/202502/149aa049258948e4b6588ba53e58247c.shtml,https://ylj.suzhou.gov.cn/szsylj/zygk/202502/149aa049258948e4b6588ba53e58247c/files/415d47168e944733809e7774f3aaa20f.doc
吴中区-吴中321,吴中区,吴中321,圆柏,Juniperus chinensis Roxb.,200,11.9,100,6,花山,三级,31.250679,120.471541,地区级示意,https://ylj.suzhou.gov.cn/szsylj/zygk/202502/149aa049258948e4b6588ba53e58247c.shtml,https://ylj.suzhou.gov.cn/szsylj/zygk/202502/149aa049258948e4b6588ba53e58247c/files/415d47168e944733809e7774f3aaa20f.doc
吴中区-吴中322,吴中区,吴中322,榉树,Zelkova serrata (Thunb.) Makino,180,27.1,179,14,花山灵济和尚塔边,三级,31.118834,120.441027,地区级示意,https://ylj.suzhou.gov.cn/szsylj/zygk/202502/149aa049258948e4b6588ba53e58247c.shtml,https://ylj.suzhou.gov.cn/szsylj/zygk/202502/149aa049258948e4b6588ba53e58247c/files/415d47168e944733809e7774f3aaa20f.doc
吴中区-吴中323,吴中区,吴中323,青冈,Quercus glauca Thunb.,185,22.2,100,23,花山石墙边,三级,31.186547,120.434109,地区级示意,https://ylj.suzhou.gov.cn/szsylj/zygk/202502/149aa049258948e4b6588ba53e58247c.shtml,https://ylj.suzhou.gov.cn/szsylj/zygk/202502/149aa049258948e4b6588ba53e58247c/files/415d47168e944733809e7774f3aaa20f.doc
吴中区-吴中324,吴中区,吴中324,榉树,Zelkova serrata (Thunb.) Makino,120,28.2,79,25,花山灵济和尚塔对面,三级,31.116421,120.514395,地区级示意,https://ylj.suzhou.gov.cn/szsylj/zygk/202502/149aa049258948e4b6588ba53e58247c.shtml,https://ylj.suzhou.gov.cn/szsylj/zygk/202502/149aa049258948e4b6588ba53e58247c/files/415d47168e944733809e7774f3aaa20f.doc
吴中区-吴中325,吴中区,吴中325,朴树,Celtissinensis Pers.,185,20.1,53,17,花山茶楼后,三级,31.168287,120.558109,地区级示意,https://ylj.suzhou.gov.cn/szsylj/zygk/202502/149aa049258948e4b6588ba53e58247c.shtml,https://ylj.suzhou.gov.cn/szsylj/zygk/202502/149aa049258948e4b6588ba53e58247c/files/415d47168e944733809e7774f3aaa20f.doc
吴中区-吴中326,吴中区,吴中326,腊梅,Chimonanthus praecox (L.)Link,200,5.8,69,8,花山茶楼后,三级,31.219383,120.448602,地区级示意,https://ylj.suzhou.gov.cn/szsylj/zygk/202502/149aa049258948e4b6588ba53e58247c.shtml,https://ylj.suzhou.gov.cn/szsylj/zygk/202502/149aa049258948e4b6588ba53e58247c/files/415d47168e944733809e7774f3aaa20f.doc
吴中区-吴中327,吴中区,吴中327,腊梅,Chimonanthus praecox (Linn.)Link,200,8.1,69,8,花山茶楼后,三级,31.109309,120.572105,地区级示意,https://ylj.suzhou.gov.cn/szsylj/zygk/202502/149aa049258948e4b6588ba53e58247c.shtml,https://ylj.suzhou.gov.cn/szsylj/zygk/202502/149aa049258948e4b6588ba53e58247c/files/415d47168e944733809e7774f3aaa20f.doc
吴中区-吴中329,吴中区,吴中329,刺楸,Kalopanax septemlobus(Thunb.)Koidz.,100,14.9,50,10,花山灵济和尚塔右,三级,31.135977,120.332821,地区级示意,https://ylj.suzhou.gov.cn/szsylj/zygk/202502/149aa049258948e4b6588ba53e58247c.shtml,https://ylj.suzhou.gov.cn/szsylj/zygk/202502/149aa049258948e4b6588ba53e58247c/files/415d47168e944733809e7774f3aaa20f.doc
吴中区-吴中359,吴中区,吴中359,鸡爪槭,Acer palmatum Thunb.,110,7.1,35,9,穹窿山宁邦寺,三级,31.109641,120.581897,地区级示意,https://ylj.suzhou.gov.cn/szsylj/zygk/202502/149aa049258948e4b6588ba53e58247c.shtml,https://ylj.suzhou.gov.cn/szsylj/zygk/202502/149aa049258948e4b6588ba53e58247c/files/415d47168e944733809e7774f3aaa20f.doc
吴中区-吴中360,吴中区,吴中360,榉树,Zelkova serrata (Thunb.) Makino,120,20.2,185,16,小王山李根源纪念馆,三级,31.14712,120.500356,地区级示意,https://ylj.suzhou.gov.cn/szsylj/zygk/202502/149aa049258948e4b6588ba53e58247c.shtml,https://ylj.suzhou.gov.cn/szsylj/zygk/202502/149aa049258948e4b6588ba53e58247c/files/415d47168e944733809e7774f3aaa20f.doc
吴中区-吴中361,吴中区,吴中361,榉树,Zelkova serrata (Thunb.) Makino,120,20.1,173,14,小王山李根源纪念馆,三级,31.244155,120.514777,地区级示意,https://ylj.suzhou.gov.cn/szsylj/zygk/202502/149aa049258948e4b6588ba53e58247c.shtml,https://ylj.suzhou.gov.cn/szsylj/zygk/202502/149aa049258948e4b6588ba53e58247c/files/415d47168e944733809e7774f3aaa20f.doc
吴中区-吴中362,吴中区,吴中362,榉树,Zelkova serrata (Thunb.) Makino,120,20.1,198,16,小王山李根源纪念馆,三级,31.095959,120.47345,地区级示意,https://ylj.suzhou.gov.cn/szsylj/zygk/202502/149aa049258948e4b6588ba53e58247c.shtml,https://ylj.suzhou.gov.cn/szsylj/zygk/202502/149aa049258948e4b6588ba53e58247c/files/415d47168e944733809e7774f3aaa20f.doc
吴中区-吴中363,吴中区,吴中363,榉树,Zelkova serrata (Thunb.) Makino,120,20.2,170,14,小王山李根源纪念馆,三级,31.139012,120.446624,地区级示意,https://ylj.suzhou.gov.cn/szsylj/zygk/202502/149aa049258948e4b6588ba53e58247c.shtml,https://ylj.suzhou.gov.cn/szsylj/zygk/202502/149aa049258948e4b6588ba53e58247c/files/415d47168e944733809e7774f3aaa20f.doc
吴中区-吴中364,吴中区,吴中364,榉树,Zelkova serrata (Thunb.) Makino,120,20.1,144,12,小王山李根源纪念馆,三级,31.244479,120.383821,地区级示意,https://ylj.suzhou.gov.cn/szsylj/zygk/202502/149aa049258948e4b6588ba53e58247c.shtml,https://ylj.suzhou.gov.cn/szsylj/zygk/202502/149aa049258948e4b6588ba53e58247c/files/415d47168e944733809e7774f3aaa20f.doc
吴中区-吴中186,吴中区,吴中186,圆柏,Juniperus chinensis Roxb.,1900,13.9,327,11,光福镇香雪村司徒庙,一级,31.237148,120.601641,地区级示意,https://ylj.suzhou.gov.cn/szsylj/zygk/202502/149aa049258948e4b6588ba53e58247c.shtml,https://ylj.suzhou.gov.cn/szsylj/zygk/202502/149aa049258948e4b6588ba53e58247c/files/415d47168e944733809e7774f3aaa20f.doc
吴中区-吴中187,吴中区,吴中187,圆柏,Juniperus chinensis Roxb.,1900,5.1,240,7,光福镇香雪村司徒庙,一级,31.131399,120.606484,地区级示意,https://ylj.suzhou.gov.cn/szsylj/zygk/202502/149aa049258948e4b6588ba53e58247c.shtml,https://ylj.suzhou.gov.cn/szsylj/zygk/202502/149aa049258948e4b6588ba53e58247c/files/415d47168e944733809e7774f3aaa20f.doc
吴中区-吴中188,吴中区,吴中188,圆柏,Juniperus chinensis Roxb.,1900,10.8,378,7,光福镇香雪村司徒庙,一级,31.269989,120.537958,地区级示意,https://ylj.suzhou.gov.cn/szsylj/zygk/202502/149aa049258948e4b6588ba53e58247c.shtml,https://ylj.suzhou.gov.cn/szsylj/zygk/202502/149aa049258948e4b6588ba53e58247c/files/415d47168e944733809e7774f3aaa20f.doc
吴中区-吴中189,吴中区,吴中189,圆柏,Juniperus chinensis Roxb.,1900,13.1,223,8,光福镇香雪村司徒庙,一级,31.285124,120.534508,地区级示意,https://ylj.suzhou.gov.cn/szsylj/zygk/202502/149aa049258948e4b6588ba53e58247c.shtml,https://ylj.suzhou.gov.cn/szsylj/zygk/202502/149aa049258948e4b6588ba53e58247c/files/415d47168e944733809e7774f3aaa20f.doc
吴中区-吴中193,吴中区,吴中193,香樟,Camphora officinarum Nees,600,25.2,461,23,光福镇塔山村塔山公园，铜观音寺,一级,31.150115,120.622818,地区级示意,https://ylj.suzhou.gov.cn/szsylj/zygk/202502/149aa049258948e4b6588ba53e58247c.shtml,https://ylj.suzhou.gov.cn/szsylj/zygk/202502/149aa049258948e4b6588ba53e58247c/files/415d47168e944733809e7774f3aaa20f.doc
吴中区-吴中194,吴中区,吴中194,圆柏,Juniperus chinensis Roxb.,1800,16.4,494,9,光福镇邓尉村玄墓山，圣恩寺,一级,31.263881,120.509123,地区级示意,https://ylj.suzhou.gov.cn/szsylj/zygk/202502/149aa049258948e4b6588ba53e58247c.shtml,https://ylj.suzhou.gov.cn/szsylj/zygk/202502/149aa049258948e4b6588ba53e58247c/files/415d47168e944733809e7774f3aaa20f.doc
吴中区-吴中195,吴中区,吴中195,圆柏,Juniperus chinensis Roxb.,1500,9.3,280,9,光福镇邓尉村玄墓山，圣恩寺,一级,31.230746,120.542533,地区级示意,https://ylj.suzhou.gov.cn/szsylj/zygk/202502/149aa049258948e4b6588ba53e58247c.shtml,https://ylj.suzhou.gov.cn/szsylj/zygk/202502/149aa049258948e4b6588ba53e58247c/files/415d47168e944733809e7774f3aaa20f.doc
吴中区-吴中196,吴中区,吴中196,罗汉松,Podocarpus macrophyllus (Thunb.) Sweet,1000,12.5,271,12,光福镇邓尉村玄墓山，圣恩寺,一级,31.214201,120.45797,地区级示意,https://ylj.suzhou.gov.cn/szsylj/zygk/202502/149aa049258948e4b6588ba53e58247c.shtml,https://ylj.suzhou.gov.cn/szsylj/zygk/202502/149aa049258948e4b6588ba53e58247c/files/415d47168e944733809e7774f3aaa20f.doc
吴中区-吴中197,吴中区,吴中197,银杏,Ginkgo bilobaL.,300,16.7,220,7,光福镇玄墓山村兵营西南石坎下,二级,31.204072,120.405691,地区级示意,https://ylj.suzhou.gov.cn/szsylj/zygk/202502/149aa049258948e4b6588ba53e58247c.shtml,https://ylj.suzhou.gov.cn/szsylj/zygk/202502/149aa049258948e4b6588ba53e58247c/files/415d47168e944733809e7774f3aaa20f.doc
吴中区-吴中201,吴中区,吴中201,银杏,Ginkgo bilobaL.,500,26.8,256,14,光福镇潭东村潭东，石壁,一级,31.146515,120.545944,地区级示意,https://ylj.suzhou.gov.cn/szsylj/zygk/202502/149aa049258948e4b6588ba53e58247c.shtml,https://ylj.suzhou.gov.cn/szsylj/zygk/202502/149aa049258948e4b6588ba53e58247c/files/415d47168e944733809e7774f3aaa20f.doc
吴中区-吴中202,吴中区,吴中202,银杏,Ginkgo bilobaL.,500,26.1,213,13,光福镇潭东村潭东，石壁,一级,31.148838,120.497588,地区级示意,https://ylj.suzhou.gov.cn/szsylj/zygk/202502/149aa049258948e4b6588ba53e58247c.shtml,https://ylj.suzhou.gov.cn/szsylj/zygk/202502/149aa049258948e4b6588ba53e58247c/files/415d47168e944733809e7774f3aaa20f.doc
吴中区-吴中203,吴中区,吴中203,石楠,Photinia serratifolia (Desf.) Kalkman,800,6.4,50,8,光福镇潭东村潭东，石壁,一级,31.145769,120.375603,地区级示意,https://ylj.suzhou.gov.cn/szsylj/zygk/202502/149aa049258948e4b6588ba53e58247c.shtml,https://ylj.suzhou.gov.cn/szsylj/zygk/202502/149aa049258948e4b6588ba53e58247c/files/415d47168e944733809e7774f3aaa20f.doc
吴中区-吴中204,吴中区,吴中204,银杏,Ginkgo bilobaL.,800,10.9,320,11,光福镇邓尉村坎上自然村,一级,31.182095,120.481916,地区级示意,https://ylj.suzhou.gov.cn/szsylj/zygk/202502/149aa049258948e4b6588ba53e58247c.shtml,https://ylj.suzhou.gov.cn/szsylj/zygk/202502/149aa049258948e4b6588ba53e58247c/files/415d47168e944733809e7774f3aaa20f.doc
吴中区-吴中291,吴中区,吴中291,银杏,Ginkgo bilobaL.,340,18.1,260,12,郭巷街道黄潦泾社区西官浦庙,二级,31.221903,120.478531,地区级示意,https://ylj.suzhou.gov.cn/szsylj/zygk/202502/149aa049258948e4b6588ba53e58247c.shtml,https://ylj.suzhou.gov.cn/szsylj/zygk/202502/149aa049258948e4b6588ba53e58247c/files/415d47168e944733809e7774f3aaa20f.doc
吴中区-吴中001,吴中区,吴中001,香樟,Camphora officinarum Nees,800,20.1,420,12,金庭镇东村村井场,一级,31.092562,120.515555,地区级示意,https://ylj.suzhou.gov.cn/szsylj/zygk/202502/149aa049258948e4b6588ba53e58247c.shtml,https://ylj.suzhou.gov.cn/szsylj/zygk/202502/149aa049258948e4b6588ba53e58247c/files/415d47168e944733809e7774f3aaa20f.doc
吴中区-吴中002,吴中区,吴中002,香樟,Camphora officinarum Nees,500,20.2,370,19,金庭镇东村村井场,一级,31.156654,120.537106,地区级示意,https://ylj.suzhou.gov.cn/szsylj/zygk/202502/149aa049258948e4b6588ba53e58247c.shtml,https://ylj.suzhou.gov.cn/szsylj/zygk/202502/149aa049258948e4b6588ba53e58247c/files/415d47168e944733809e7774f3aaa20f.doc
吴中区-吴中003,吴中区,吴中003,香樟,Camphora officinarum Nees,500,19.3,307,16,金庭镇东村村井场,一级,31.217985,120.380216,地区级示意,https://ylj.suzhou.gov.cn/szsylj/zygk/202502/149aa049258948e4b6588ba53e58247c.shtml,https://ylj.suzhou.gov.cn/szsylj/zygk/202502/149aa049258948e4b6588ba53e58247c/files/415d47168e944733809e7774f3aaa20f.doc
吴中区-吴中004,吴中区,吴中004,香樟,Camphora officinarum Nees,500,21.2,616,22,金庭镇东村村井场,一级,31.245039,120.395016,地区级示意,https://ylj.suzhou.gov.cn/szsylj/zygk/202502/149aa049258948e4b6588ba53e58247c.shtml,https://ylj.suzhou.gov.cn/szsylj/zygk/202502/149aa049258948e4b6588ba53e58247c/files/415d47168e944733809e7774f3aaa20f.doc
吴中区-吴中005,吴中区,吴中005,香樟,Camphora officinarum Nees,600,20.4,340,17,金庭镇东村村井场,一级,31.267481,120.608862,地区级示意,https://ylj.suzhou.gov.cn/szsylj/zygk/202502/149aa049258948e4b6588ba53e58247c.shtml,https://ylj.suzhou.gov.cn/szsylj/zygk/202502/149aa049258948e4b6588ba53e58247c/files/415d47168e944733809e7774f3aaa20f.doc
吴中区-吴中006,吴中区,吴中006,银杏,Ginkgo biloba L.,250,15.9,292,12,金庭镇东村村井场,三级,31.077898,120.507732,地区级示意,https://ylj.suzhou.gov.cn/szsylj/zygk/202502/149aa049258948e4b6588ba53e58247c.shtml,https://ylj.suzhou.gov.cn/szsylj/zygk/202502/149aa049258948e4b6588ba53e58247c/files/415d47168e944733809e7774f3aaa20f.doc
吴中区-吴中007,吴中区,吴中007,香樟,Camphora officinarum Nees,1500,27.1,712,26,金庭镇东村村场桥门,一级,31.198255,120.367776,地区级示意,https://ylj.suzhou.gov.cn/szsylj/zygk/202502/149aa049258948e4b6588ba53e58247c.shtml,https://ylj.suzhou.gov.cn/szsylj/zygk/202502/149aa049258948e4b6588ba53e58247c/files/415d47168e944733809e7774f3aaa20f.doc
吴中区-吴中008,吴中区,吴中008,香樟,Camphora officinarum Nees,800,23.1,506,22,金庭镇东村村三宫殿,一级,31.25638,120.473422,地区级示意,https://ylj.suzhou.gov.cn/szsylj/zygk/202502/149aa049258948e4b6588ba53e58247c.shtml,https://ylj.suzhou.gov.cn/szsylj/zygk/202502/149aa049258948e4b6588ba53e58247c/files/415d47168e944733809e7774f3aaa20f.doc
吴中区-吴中009,吴中区,吴中009,圆柏,Juniperus chinensis Roxb.,1500,20.2,360,6,金庭镇东村村三宫殿,一级,31.223196,120.608962,地区级示意,https://ylj.suzhou.gov.cn/szsylj/zygk/202502/149aa049258948e4b6588ba53e58247c.shtml,https://ylj.suzhou.gov.cn/szsylj/zygk/202502/149aa049258948e4b6588ba53e58247c/files/415d47168e944733809e7774f3aaa20f.doc
吴中区-吴中010,吴中区,吴中010,香樟,Camphora officinarum Nees,800,26.3,575,21,金庭镇堂里村西涵头,一级,31.132342,120.508033,地区级示意,https://ylj.suzhou.gov.cn/szsylj/zygk/202502/149aa049258948e4b6588ba53e58247c.shtml,https://ylj.suzhou.gov.cn/szsylj/zygk/202502/149aa049258948e4b6588ba53e58247c/files/415d47168e944733809e7774f3aaa20f.doc
吴中区-吴中011,吴中区,吴中011,香樟,Camphora officinarum Nees,300,14.2,560,22,金庭镇东村村植里古桥,二级,31.159056,120.44156,地区级示意,https://ylj.suzhou.gov.cn/szsylj/zygk/202502/149aa049258948e4b6588ba53e58247c.shtml,https://ylj.suzhou.gov.cn/szsylj/zygk/202502/149aa049258948e4b6588ba53e58247c/files/415d47168e944733809e7774f3aaa20f.doc
吴中区-吴中012,吴中区,吴中012,香樟,Camphora officinarum Nees,1000,24.1,620,28,金庭镇东村村银山码头,一级,31.267252,120.365636,地区级示意,https://ylj.suzhou.gov.cn/szsylj/zygk/202502/149aa049258948e4b6588ba53e58247c.shtml,https://ylj.suzhou.gov.cn/szsylj/zygk/202502/149aa049258948e4b6588ba53e58247c/files/415d47168e944733809e7774f3aaa20f.doc
吴中区-吴中013,吴中区,吴中013,香樟,Camphora officinarum Nees,500,9.5,411,10,金庭镇东村村西上停车场,一级,31.199285,120.575998,地区级示意,https://ylj.suzhou.gov.cn/szsylj/zygk/202502/149aa049258948e4b6588ba53e58247c.shtml,https://ylj.suzhou.gov.cn/szsylj/zygk/202502/149aa049258948e4b6588ba53e58247c/files/415d47168e944733809e7774f3aaa20f.doc
吴中区-吴中014,吴中区,吴中014,香樟,Camphora officinarum Nees,500,19.9,411,15,金庭镇东村村西上停车场,一级,31.182192,120.39205,地区级示意,https://ylj.suzhou.gov.cn/szsylj/zygk/202502/149aa049258948e4b6588ba53e58247c.shtml,https://ylj.suzhou.gov.cn/szsylj/zygk/202502/149aa049258948e4b6588ba53e58247c/files/415d47168e944733809e7774f3aaa20f.doc
吴中区-吴中015,吴中区,吴中015,香樟,Camphora officinarum Nees,600,20.2,480,9,金庭镇林屋村双观音堂,一级,31.117611,120.48804,地区级示意,https://ylj.suzhou.gov.cn/szsylj/zygk/202502/149aa049258948e4b6588ba53e58247c.shtml,https://ylj.suzhou.gov.cn/szsylj/zygk/202502/149aa049258948e4b6588ba53e58247c/files/415d47168e944733809e7774f3aaa20f.doc
吴中区-吴中016,吴中区,吴中016,香樟,Camphora officinarum Nees,1000,33.2,776,27,金庭镇林屋村双观音堂,一级,31.276549,120.368198,地区级示意,https://ylj.suzhou.gov.cn/szsylj/zygk/202502/149aa049258948e4b6588ba53e58247c.shtml,https://ylj.suzhou.gov.cn/szsylj/zygk/202502/149aa049258948e4b6588ba53e58247c/files/415d47168e944733809e7774f3aaa20f.doc
吴中区-吴中017,吴中区,吴中017,大叶榉树,Zelkova schneideriana Hand.-Mazz.,100,21.2,158,11,金庭镇林屋村双观音堂,三级,31.196551,120.324383,地区级示意,https://ylj.suzhou.gov.cn/szsylj/zygk/202502/149aa049258948e4b6588ba53e58247c.shtml,https://ylj.suzhou.gov.cn/szsylj/zygk/202502/149aa049258948e4b6588ba53e58247c/files/415d47168e944733809e7774f3aaa20f.doc
吴中区-吴中018,吴中区,吴中018,朴树,Celtis sinensis Pers.,200,17.2,267,12,金庭镇林屋村双观音堂,三级,31.157195,120.547886,地区级示意,https://ylj.suzhou.gov.cn/szsylj/zygk/202502/149aa049258948e4b6588ba53e58247c.shtml,https://ylj.suzhou.gov.cn/szsylj/zygk/202502/149aa049258948e4b6588ba53e58247c/files/415d47168e944733809e7774f3aaa20f.doc
吴中区-吴中019,吴中区,吴中019,银杏,Ginkgo biloba L.,150,12.3,225,9,金庭镇林屋村双观音堂,三级,31.192266,120.413633,地区级示意,https://ylj.suzhou.gov.cn/szsylj/zygk/202502/149aa049258948e4b6588ba53e58247c.shtml,https://ylj.suzhou.gov.cn/szsylj/zygk/202502/149aa049258948e4b6588ba53e58247c/files/415d47168e944733809e7774f3aaa20f.doc
吴中区-吴中020,吴中区,吴中020,银杏,Ginkgo biloba L.,800,10.1,370,8,金庭镇秉常村双塔头,一级,31.25627,120.504806,地区级示意,https://ylj.suzhou.gov.cn/szsylj/zygk/202502/149aa049258948e4b6588ba53e58247c.shtml,https://ylj.suzhou.gov.cn/szsylj/zygk/202502/149aa049258948e4b6588ba53e58247c/files/415d47168e944733809e7774f3aaa20f.doc
吴中区-吴中021,吴中区,吴中021,银杏,Ginkgo biloba L.,500,7.1,339,12,金庭镇林屋村镇夏上街石井头,一级,31.147011,120.388015,地区级示意,https://ylj.suzhou.gov.cn/szsylj/zygk/202502/149aa049258948e4b6588ba53e58247c.shtml,https://ylj.suzhou.gov.cn/szsylj/zygk/202502/149aa049258948e4b6588ba53e58247c/files/415d47168e944733809e7774f3aaa20f.doc
吴中区-吴中022,吴中区,吴中022,香樟,Camphora officinarum Nees,1200,21.3,738,22,金庭镇石公村明月湾景区,一级,31.149013,120.44977,地区级示意,https://ylj.suzhou.gov.cn/szsylj/zygk/202502/149aa049258948e4b6588ba53e58247c.shtml,https://ylj.suzhou.gov.cn/szsylj/zygk/202502/149aa049258948e4b6588ba53e58247c/files/415d47168e944733809e7774f3aaa20f.doc
吴中区-吴中023,吴中区,吴中023,香樟,Camphora officinarum Nees,600,21.2,472,27,金庭镇石公村樟坞里,一级,31.28097,120.429222,地区级示意,https://ylj.suzhou.gov.cn/szsylj/zygk/202502/149aa049258948e4b6588ba53e58247c.shtml,https://ylj.suzhou.gov.cn/szsylj/zygk/202502/149aa049258948e4b6588ba53e58247c/files/415d47168e944733809e7774f3aaa20f.doc
吴中区-吴中024,吴中区,吴中024,朴树,Celtis sinensis Pers.,110,10.2,250,14,金庭镇石公村樟坞里,三级,31.253703,120.444953,地区级示意,https://ylj.suzhou.gov.cn/szsylj/zygk/202502/149aa049258948e4b6588ba53e58247c.shtml,https://ylj.suzhou.gov.cn/szsylj/zygk/202502/149aa049258948e4b6588ba53e58247c/files/415d47168e944733809e7774f3aaa20f.doc
吴中区-吴中025,吴中区,吴中025,香樟,Camphora officinarum Nees,600,25.9,477,24,金庭镇秉常村罗汉坞,一级,31.243691,120.360006,地区级示意,https://ylj.suzhou.gov.cn/szsylj/zygk/202502/149aa049258948e4b6588ba53e58247c.shtml,https://ylj.suzhou.gov.cn/szsylj/zygk/202502/149aa049258948e4b6588ba53e58247c/files/415d47168e944733809e7774f3aaa20f.doc
吴中区-吴中026,吴中区,吴中026,香樟,Camphora officinarum Nees,600,26.3,466,23,金庭镇秉常村罗汉坞,一级,31.200773,120.442715,地区级示意,https://ylj.suzhou.gov.cn/szsylj/zygk/202502/149aa049258948e4b6588ba53e58247c.shtml,https://ylj.suzhou.gov.cn/szsylj/zygk/202502/149aa049258948e4b6588ba53e58247c/files/415d47168e944733809e7774f3aaa20f.doc
吴中区-吴中027,吴中区,吴中027,紫藤,Wisteria sinensis (Sims) Sweet,300,20.1,290,7,金庭镇秉常村罗汉坞,二级,31.269143,120.551043,地区级示意,https://ylj.suzhou.gov.cn/szsylj/zygk/202502/149aa049258948e4b6588ba53e58247c.shtml,https://ylj.suzhou.gov.cn/szsylj/zygk/202502/149aa049258948e4b6588ba53e58247c/files/415d47168e944733809e7774f3aaa20f.doc
吴中区-吴中028,吴中区,吴中028,香樟,Camphora officinarum Nees,300,14.2,413,14,金庭镇秉常村罗汉坞,二级,31.270614,120.53031,地区级示意,https://ylj.suzhou.gov.cn/szsylj/zygk/202502/149aa049258948e4b6588ba53e58247c.shtml,https://ylj.suzhou.gov.cn/szsylj/zygk/202502/149aa049258948e4b6588ba53e58247c/files/415d47168e944733809e7774f3aaa20f.doc
吴中区-吴中029,吴中区,吴中029,朴树,Celtis sinensis Pers.,500,15.2,255,15,金庭镇秉常村朴树头,一级,31.15359,120.423355,地区级示意,https://ylj.suzhou.gov.cn/szsylj/zygk/202502/149aa049258948e4b6588ba53e58247c.shtml,https://ylj.suzhou.gov.cn/szsylj/zygk/202502/149aa049258948e4b6588ba53e58247c/files/415d47168e944733809e7774f3aaa20f.doc
吴中区-吴中030,吴中区,吴中030,白皮松,Pinus bungeana Zucc. ex Endl.,200,15.2,214,8,金庭镇东蔡村春熙堂花厅花园,三级,31.191224,120.534647,地区级示意,https://ylj.suzhou.gov.cn/szsylj/zygk/202502/149aa049258948e4b6588ba53e58247c.shtml,https://ylj.suzhou.gov.cn/szsylj/zygk/202502/149aa049258948e4b6588ba53e58247c/files/415d47168e944733809e7774f3aaa20f.doc
吴中区-吴中031,吴中区,吴中031,银杏,Ginkgo biloba L.,400,12.4,264,6,金庭镇缥缈村西蔡里17号,二级,31.159262,120.365626,地区级示意,https://ylj.suzhou.gov.cn/szsylj/zygk/202502/149aa049258948e4b6588ba53e58247c.shtml,https://ylj.suzhou.gov.cn/szsylj/zygk/202502/149aa049258948e4b6588ba53e58247c/files/415d47168e944733809e7774f3aaa20f.doc
吴中区-吴中032,吴中区,吴中032,银杏,Ginkgo biloba L.,150,21.2,275,11,金庭镇缥缈村团结组西蔡里,三级,31.206826,120.483291,地区级示意,https://ylj.suzhou.gov.cn/szsylj/zygk/202502/149aa049258948e4b6588ba53e58247c.shtml,https://ylj.suzhou.gov.cn/szsylj/zygk/202502/149aa049258948e4b6588ba53e58247c/files/415d47168e944733809e7774f3aaa20f.doc
吴中区-吴中033,吴中区,吴中033,银杏,Ginkgo biloba L.,250,18.3,455,14,金庭镇缥缈村团结组西蔡里,三级,31.144755,120.541465,地区级示意,https://ylj.suzhou.gov.cn/szsylj/zygk/202502/149aa049258948e4b6588ba53e58247c.shtml,https://ylj.suzhou.gov.cn/szsylj/zygk/202502/149aa049258948e4b6588ba53e58247c/files/415d47168e944733809e7774f3aaa20f.doc
吴中区-吴中034,吴中区,吴中034,银杏,Ginkgo biloba L.,300,12.3,434,10,金庭镇缥缈村谢家堡,二级,31.260934,120.367614,地区级示意,https://ylj.suzhou.gov.cn/szsylj/zygk/202502/149aa049258948e4b6588ba53e58247c.shtml,https://ylj.suzhou.gov.cn/szsylj/zygk/202502/149aa049258948e4b6588ba53e58247c/files/415d47168e944733809e7774f3aaa20f.doc
吴中区-吴中035,吴中区,吴中035,香樟,Camphora officinarum Nees,1100,15.5,521,13,金庭镇东河社区吴金铎,一级,31.087337,120.477584,地区级示意,https://ylj.suzhou.gov.cn/szsylj/zygk/202502/149aa049258948e4b6588ba53e58247c.shtml,https://ylj.suzhou.gov.cn/szsylj/zygk/202502/149aa049258948e4b6588ba53e58247c/files/415d47168e944733809e7774f3aaa20f.doc
吴中区-吴中036,吴中区,吴中036,银杏,Ginkgo biloba L.,500,13.1,379,16,金庭镇东河社区金吴实积寺旁,一级,31.204755,120.611308,地区级示意,https://ylj.suzhou.gov.cn/szsylj/zygk/202502/149aa049258948e4b6588ba53e58247c.shtml,https://ylj.suzhou.gov.cn/szsylj/zygk/202502/149aa049258948e4b6588ba53e58247c/files/415d47168e944733809e7774f3aaa20f.doc
吴中区-吴中037,吴中区,吴中037,银杏,Ginkgo biloba L.,300,9.1,345,11,金庭镇东河社区医院北弄组，二图里,二级,31.189924,120.498428,地区级示意,https://ylj.suzhou.gov.cn/szsylj/zygk/202502/149aa049258948e4b6588ba53e58247c.shtml,https://ylj.suzhou.gov.cn/szsylj/zygk/202502/149aa049258948e4b6588ba53e58247c/files/415d47168e944733809e7774f3aaa20f.doc
吴中区-吴中038,吴中区,吴中038,香樟,Camphora officinarum Nees,400,9.1,94,6,金庭镇衙甪里村五丰山下组，山下,二级,31.221158,120.471639,地区级示意,https://ylj.suzhou.gov.cn/szsylj/zygk/202502/149aa049258948e4b6588ba53e58247c.shtml,https://ylj.suzhou.gov.cn/szsylj/zygk/202502/149aa049258948e4b6588ba53e58247c/files/415d47168e944733809e7774f3aaa20f.doc
吴中区-吴中039,吴中区,吴中039,香樟,Camphora officinarum Nees,110,11.1,244,17,金庭镇衙甪里村小坞里组，孟家堂,三级,31.18781,120.641182,地区级示意,https://ylj.suzhou.gov.cn/szsylj/zygk/202502/149aa049258948e4b6588ba53e58247c.shtml,https://ylj.suzhou.gov.cn/szsylj/zygk/202502/149aa049258948e4b6588ba53e58247c/files/415d47168e944733809e7774f3aaa20f.doc
吴中区-吴中040,吴中区,吴中040,香樟,Camphora officinarum Nees,500,15.1,430,15,金庭镇衙甪里村甪里组，天妃宫,一级,31.234726,120.634553,地区级示意,https://ylj.suzhou.gov.cn/szsylj/zygk/202502/149aa049258948e4b6588ba53e58247c.shtml,https://ylj.suzhou.gov.cn/szsylj/zygk/202502/149aa049258948e4b6588ba53e58247c/files/415d47168e944733809e7774f3aaa20f.doc
吴中区-吴中041,吴中区,吴中041,朴树,Celtis sinensis Pers.,400,9.1,205,13,金庭镇缥缈村铜观音庙,二级,31.108292,120.56074,地区级示意,https://ylj.suzhou.gov.cn/szsylj/zygk/202502/149aa049258948e4b6588ba53e58247c.shtml,https://ylj.suzhou.gov.cn/szsylj/zygk/202502/149aa049258948e4b6588ba53e58247c/files/415d47168e944733809e7774f3aaa20f.doc
吴中区-吴中042,吴中区,吴中042,香樟,Camphora officinarum Nees,500,22.1,443,18,金庭镇东村村大圣堂,一级,31.271527,120.392203,地区级示意,https://ylj.suzhou.gov.cn/szsylj/zygk/202502/149aa049258948e4b6588ba53e58247c.shtml,https://ylj.suzhou.gov.cn/szsylj/zygk/202502/149aa049258948e4b6588ba53e58247c/files/415d47168e944733809e7774f3aaa20f.doc
吴中区-吴中043,吴中区,吴中043,香樟,Camphora officinarum Nees,500,22.2,335,20,金庭镇东村村大圣堂,一级,31.196725,120.611192,地区级示意,https://ylj.suzhou.gov.cn/szsylj/zygk/202502/149aa049258948e4b6588ba53e58247c.shtml,https://ylj.suzhou.gov.cn/szsylj/zygk/202502/149aa049258948e4b6588ba53e58247c/files/415d47168e944733809e7774f3aaa20f.doc
吴中区-吴中044,吴中区,吴中044,香樟,Camphora officinarum Nees,800,22.3,500,18,金庭镇东村村大圣堂,一级,31.24859,120.615593,地区级示意,https://ylj.suzhou.gov.cn/szsylj/zygk/202502/149aa049258948e4b6588ba53e58247c.shtml,https://ylj.suzhou.gov.cn/szsylj/zygk/202502/149aa049258948e4b6588ba53e58247c/files/415d47168e944733809e7774f3aaa20f.doc
吴中区-吴中045,吴中区,吴中045,香樟,Camphora officinarum Nees,500,22.3,371,17,金庭镇东村村大圣堂,一级,31.231486,120.590938,地区级示意,https://ylj.suzhou.gov.cn/szsylj/zygk/202502/149aa049258948e4b6588ba53e58247c.shtml,https://ylj.suzhou.gov.cn/szsylj/zygk/202502/149aa049258948e4b6588ba53e58247c/files/415d47168e944733809e7774f3aaa20f.doc
吴中区-吴中046,吴中区,吴中046,香樟,Camphora officinarum Nees,800,23.1,639,20,金庭镇东村村大圣堂,一级,31.070649,120.451246,地区级示意,https://ylj.suzhou.gov.cn/szsylj/zygk/202502/149aa049258948e4b6588ba53e58247c.shtml,https://ylj.suzhou.gov.cn/szsylj/zygk/202502/149aa049258948e4b6588ba53e58247c/files/415d47168e944733809e7774f3aaa20f.doc
吴中区-吴中348,吴中区,吴中348,朴树,Celtis sinensis Pers.,300,6.5,233,11,金庭镇东村村太湖边,二级,31.28158,120.518901,地区级示意,https://ylj.suzhou.gov.cn/szsylj/zygk/202502/149aa049258948e4b6588ba53e58247c.shtml,https://ylj.suzhou.gov.cn/szsylj/zygk/202502/149aa049258948e4b6588ba53e58247c/files/415d47168e944733809e7774f3aaa20f.doc
吴中区-吴中349,吴中区,吴中349,茶,Camellia sinensis (L.) Kuntze,150,5.1,165,5,金庭镇堂里村梅堂坞,三级,31.127886,120.527825,地区级示意,https://ylj.suzhou.gov.cn/szsylj/zygk/202502/149aa049258948e4b6588ba53e58247c.shtml,https://ylj.suzhou.gov.cn/szsylj/zygk/202502/149aa049258948e4b6588ba53e58247c/files/415d47168e944733809e7774f3aaa20f.doc
吴中区-吴中350,吴中区,吴中350,香樟,Camphora officinarum Nees,120,11.1,336,19,金庭镇衙甪里村五丰组，马家门前,三级,31.185841,120.439181,地区级示意,https://ylj.suzhou.gov.cn/szsylj/zygk/202502/149aa049258948e4b6588ba53e58247c.shtml,https://ylj.suzhou.gov.cn/szsylj/zygk/202502/149aa049258948e4b6588ba53e58247c/files/415d47168e944733809e7774f3aaa20f.doc
吴中区-吴中351,吴中区,吴中351,香樟,Camphora officinarum Nees,200,8.9,450,17,金庭镇衙甪里村五丰组，蛇头山,三级,31.204105,120.343677,地区级示意,https://ylj.suzhou.gov.cn/szsylj/zygk/202502/149aa049258948e4b6588ba53e58247c.shtml,https://ylj.suzhou.gov.cn/szsylj/zygk/202502/149aa049258948e4b6588ba53e58247c/files/415d47168e944733809e7774f3aaa20f.doc
吴中区-吴中352,吴中区,吴中352,银杏,Ginkgo biloba L.,300,12.9,305,10,金庭镇缥缈村谢家堡,二级,31.107152,120.563709,地区级示意,https://ylj.suzhou.gov.cn/szsylj/zygk/202502/149aa049258948e4b6588ba53e58247c.shtml,https://ylj.suzhou.gov.cn/szsylj/zygk/202502/149aa049258948e4b6588ba53e58247c/files/415d47168e944733809e7774f3aaa20f.doc
吴中区-吴中353,吴中区,吴中353,杨梅,Morella rubra Lour.,200,6.5,460,12,金庭镇秉常村探虫小径,三级,31.184057,120.54002,地区级示意,https://ylj.suzhou.gov.cn/szsylj/zygk/202502/149aa049258948e4b6588ba53e58247c.shtml,https://ylj.suzhou.gov.cn/szsylj/zygk/202502/149aa049258948e4b6588ba53e58247c/files/415d47168e944733809e7774f3aaa20f.doc
吴中区-吴中308,吴中区,吴中308,银杏,Ginkgo biloba L.,500,19.2,280,14,临湖镇石塘村才丰陈舍观音堂,一级,31.295572,120.480875,地区级示意,https://ylj.suzhou.gov.cn/szsylj/zygk/202502/149aa049258948e4b6588ba53e58247c.shtml,https://ylj.suzhou.gov.cn/szsylj/zygk/202502/149aa049258948e4b6588ba53e58247c/files/415d47168e944733809e7774f3aaa20f.doc
吴中区-吴中283,吴中区,吴中283,银杏,Ginkgo biloba L.,400,24.1,402,13,甪直镇瑶盛村瑶盛港(玉皇殿),二级,31.271279,120.577517,地区级示意,https://ylj.suzhou.gov.cn/szsylj/zygk/202502/149aa049258948e4b6588ba53e58247c.shtml,https://ylj.suzhou.gov.cn/szsylj/zygk/202502/149aa049258948e4b6588ba53e58247c/files/415d47168e944733809e7774f3aaa20f.doc
吴中区-吴中284,吴中区,吴中284,银杏,Ginkgo biloba L.,250,15.1,168,8,甪直镇瑶盛村瑶盛港(土地庙旁),三级,31.13884,120.33615,地区级示意,https://ylj.suzhou.gov.cn/szsylj/zygk/202502/149aa049258948e4b6588ba53e58247c.shtml,https://ylj.suzhou.gov.cn/szsylj/zygk/202502/149aa049258948e4b6588ba53e58247c/files/415d47168e944733809e7774f3aaa20f.doc
吴中区-吴中285,吴中区,吴中285,银杏,Ginkgo biloba L.,420,15.1,327,9,甪直镇澄湖村(澄墩村)大姚寺（大觉寺）,二级,31.251669,120.548817,地区级示意,https://ylj.suzhou.gov.cn/szsylj/zygk/202502/149aa049258948e4b6588ba53e58247c.shtml,https://ylj.suzhou.gov.cn/szsylj/zygk/202502/149aa049258948e4b6588ba53e58247c/files/415d47168e944733809e7774f3aaa20f.doc
吴中区-吴中286,吴中区,吴中286,银杏,Ginkgo biloba L.,450,15.1,307,14,甪直镇澄湖村(澄墩村)大姚寺(金山城隍庙),二级,31.234651,120.570873,地区级示意,https://ylj.suzhou.gov.cn/szsylj/zygk/202502/149aa049258948e4b6588ba53e58247c.shtml,https://ylj.suzhou.gov.cn/szsylj/zygk/202502/149aa049258948e4b6588ba53e58247c/files/415d47168e944733809e7774f3aaa20f.doc
吴中区-吴中287,吴中区,吴中287,银杏,Ginkgo biloba L.,360,17.3,340,9,甪直镇澄湖村(澄墩村)金山寺（大觉寺）,二级,31.164513,120.33688,地区级示意,https://ylj.suzhou.gov.cn/szsylj/zygk/202502/149aa049258948e4b6588ba53e58247c.shtml,https://ylj.suzhou.gov.cn/szsylj/zygk/202502/149aa049258948e4b6588ba53e58247c/files/415d47168e944733809e7774f3aaa20f.doc
吴中区-吴中288,吴中区,吴中288,银杏,Ginkgo biloba L.,250,18.1,270,11,甪直镇湖浜村长浜里（长浜桥东侧/善隐庵旁）,三级,31.170138,120.44584,地区级示意,https://ylj.suzhou.gov.cn/szsylj/zygk/202502/149aa049258948e4b6588ba53e58247c.shtml,https://ylj.suzhou.gov.cn/szsylj/zygk/202502/149aa049258948e4b6588ba53e58247c/files/415d47168e944733809e7774f3aaa20f.doc
吴中区-吴中289,吴中区,吴中289,银杏,Ginkgo biloba L.,100,15.8,195,9,甪直镇湖浜村长浜里（长浜桥西）,三级,31.222742,120.327601,地区级示意,https://ylj.suzhou.gov.cn/szsylj/zygk/202502/149aa049258948e4b6588ba53e58247c.shtml,https://ylj.suzhou.gov.cn/szsylj/zygk/202502/149aa049258948e4b6588ba53e58247c/files/415d47168e944733809e7774f3aaa20f.doc
吴中区-吴中290,吴中区,吴中290,银杏,Ginkgo biloba L.,350,8.5,224,4,甪直镇马塔村（三马村）张行寺（张巷庙）,二级,31.305693,120.535002,地区级示意,https://ylj.suzhou.gov.cn/szsylj/zygk/202502/149aa049258948e4b6588ba53e58247c.shtml,https://ylj.suzhou.gov.cn/szsylj/zygk/202502/149aa049258948e4b6588ba53e58247c/files/415d47168e944733809e7774f3aaa20f.doc
吴中区-吴中295,吴中区,吴中295,银杏,Ginkgo biloba L.,1200,15.1,340,10,甪直镇保圣寺,一级,31.195851,120.593387,地区级示意,https://ylj.suzhou.gov.cn/szsylj/zygk/202502/149aa049258948e4b6588ba53e58247c.shtml,https://ylj.suzhou.gov.cn/szsylj/zygk/202502/149aa049258948e4b6588ba53e58247c/files/415d47168e944733809e7774f3aaa20f.doc
吴中区-吴中296,吴中区,吴中296,银杏,Ginkgo biloba L.,1500,21.3,460,15,甪直镇保圣寺,一级,31.08826,120.507062,地区级示意,https://ylj.suzhou.gov.cn/szsylj/zygk/202502/149aa049258948e4b6588ba53e58247c.shtml,https://ylj.suzhou.gov.cn/szsylj/zygk/202502/149aa049258948e4b6588ba53e58247c/files/415d47168e944733809e7774f3aaa20f.doc
吴中区-吴中297,吴中区,吴中297,银杏,Ginkgo biloba L.,1500,21.5,420,16,甪直镇保圣寺,一级,31.214005,120.431074,地区级示意,https://ylj.suzhou.gov.cn/szsylj/zygk/202502/149aa049258948e4b6588ba53e58247c.shtml,https://ylj.suzhou.gov.cn/szsylj/zygk/202502/149aa049258948e4b6588ba53e58247c/files/415d47168e944733809e7774f3aaa20f.doc
吴中区-吴中298,吴中区,吴中298,银杏,Ginkgo biloba L.,1500,20.5,400,8,甪直镇寺浜5号（保圣社区）老小学操场,一级,31.2228,120.399953,地区级示意,https://ylj.suzhou.gov.cn/szsylj/zygk/202502/149aa049258948e4b6588ba53e58247c.shtml,https://ylj.suzhou.gov.cn/szsylj/zygk/202502/149aa049258948e4b6588ba53e58247c/files/415d47168e944733809e7774f3aaa20f.doc
吴中区-吴中299,吴中区,吴中299,银杏,Ginkgo biloba L.,350,23.1,380,19,甪直镇保圣社区塔弄,二级,31.182687,120.4977,地区级示意,https://ylj.suzhou.gov.cn/szsylj/zygk/202502/149aa049258948e4b6588ba53e58247c.shtml,https://ylj.suzhou.gov.cn/szsylj/zygk/202502/149aa049258948e4b6588ba53e58247c/files/415d47168e944733809e7774f3aaa20f.doc
吴中区-吴中300,吴中区,吴中300,枸杞,Lycium chinense Mill.,120,3.1,35,3,甪直镇保圣寺,三级,31.299553,120.554089,地区级示意,https://ylj.suzhou.gov.cn/szsylj/zygk/202502/149aa049258948e4b6588ba53e58247c.shtml,https://ylj.suzhou.gov.cn/szsylj/zygk/202502/149aa049258948e4b6588ba53e58247c/files/415d47168e944733809e7774f3aaa20f.doc
吴中区-吴中301,吴中区,吴中301,罗汉松,Podocarpus macrophyllus (Thunb.) Sweet,120,8.1,129,7,甪直镇保圣寺,三级,31.078949,120.562038,地区级示意,https://ylj.suzhou.gov.cn/szsylj/zygk/202502/149aa049258948e4b6588ba53e58247c.shtml,https://ylj.suzhou.gov.cn/szsylj/zygk/202502/149aa049258948e4b6588ba53e58247c/files/415d47168e944733809e7774f3aaa20f.doc
吴中区-吴中302,吴中区,吴中302,皂荚,Gleditsia sinensis Lam.,100,7.5,170,9,保圣社区安桥下塘街,三级,31.160031,120.501034,地区级示意,https://ylj.suzhou.gov.cn/szsylj/zygk/202502/149aa049258948e4b6588ba53e58247c.shtml,https://ylj.suzhou.gov.cn/szsylj/zygk/202502/149aa049258948e4b6588ba53e58247c/files/415d47168e944733809e7774f3aaa20f.doc
吴中区-吴中225,吴中区,吴中225,榉树,Zelkova serrata (Thunb.) Makino,350,8.1,264,10,木渎镇王村高板庙,二级,31.169649,120.349443,地区级示意,https://ylj.suzhou.gov.cn/szsylj/zygk/202502/149aa049258948e4b6588ba53e58247c.shtml,https://ylj.suzhou.gov.cn/szsylj/zygk/202502/149aa049258948e4b6588ba53e58247c/files/415d47168e944733809e7774f3aaa20f.doc
吴中区-吴中226,吴中区,吴中226,银杏,Ginkgo biloba L.,140,15.2,565,9,木渎镇王村贺九岭,三级,31.233746,120.588551,地区级示意,https://ylj.suzhou.gov.cn/szsylj/zygk/202502/149aa049258948e4b6588ba53e58247c.shtml,https://ylj.suzhou.gov.cn/szsylj/zygk/202502/149aa049258948e4b6588ba53e58247c/files/415d47168e944733809e7774f3aaa20f.doc
吴中区-吴中227,吴中区,吴中227,香樟,Camphora officinarum Nees,180,18.1,310,21,木渎镇前丰村韩世忠寺内,三级,31.268883,120.361962,地区级示意,https://ylj.suzhou.gov.cn/szsylj/zygk/202502/149aa049258948e4b6588ba53e58247c.shtml,https://ylj.suzhou.gov.cn/szsylj/zygk/202502/149aa049258948e4b6588ba53e58247c/files/415d47168e944733809e7774f3aaa20f.doc
吴中区-吴中228,吴中区,吴中228,香樟,Camphora officinarum Nees,180,18.2,291,18,木渎镇前丰村韩世忠寺内,三级,31.101534,120.407217,地区级示意,https://ylj.suzhou.gov.cn/szsylj/zygk/202502/149aa049258948e4b6588ba53e58247c.shtml,https://ylj.suzhou.gov.cn/szsylj/zygk/202502/149aa049258948e4b6588ba53e58247c/files/415d47168e944733809e7774f3aaa20f.doc
吴中区-吴中277,吴中区,吴中277,石榴,Punica granatum L.,120,4.2,94,5,木渎镇山塘街村严家花园南,三级,31.164849,120.611118,地区级示意,https://ylj.suzhou.gov.cn/szsylj/zygk/202502/149aa049258948e4b6588ba53e58247c.shtml,https://ylj.suzhou.gov.cn/szsylj/zygk/202502/149aa049258948e4b6588ba53e58247c/files/415d47168e944733809e7774f3aaa20f.doc
吴中区-吴中278,吴中区,吴中278,石榴,Punica granatum L.,110,4.3,96,4,木渎镇山塘街村严家花园北,三级,31.272616,120.590836,地区级示意,https://ylj.suzhou.gov.cn/szsylj/zygk/202502/149aa049258948e4b6588ba53e58247c.shtml,https://ylj.suzhou.gov.cn/szsylj/zygk/202502/149aa049258948e4b6588ba53e58247c/files/415d47168e944733809e7774f3aaa20f.doc
吴中区-吴中279,吴中区,吴中279,广玉兰,Magnolia grandiflora L.,200,14.1,203,11,木渎镇山塘街村严家花园内,三级,31.11182,120.51459,地区级示意,https://ylj.suzhou.gov.cn/szsylj/zygk/202502/149aa049258948e4b6588ba53e58247c.shtml,https://ylj.suzhou.gov.cn/szsylj/zygk/202502/149aa049258948e4b6588ba53e58247c/files/415d47168e944733809e7774f3aaa20f.doc
吴中区-吴中280,吴中区,吴中280,罗汉松,Podocarpus macrophyllus (Thunb.) Sweet,500,12.2,195,10,木渎镇山塘街村古松园内,一级,31.116401,120.44367,地区级示意,https://ylj.suzhou.gov.cn/szsylj/zygk/202502/149aa049258948e4b6588ba53e58247c.shtml,https://ylj.suzhou.gov.cn/szsylj/zygk/202502/149aa049258948e4b6588ba53e58247c/files/415d47168e944733809e7774f3aaa20f.doc
吴中区-吴中281,吴中区,吴中281,银杏,Ginkgo biloba L.,200,19.8,305,9,木渎镇山塘街村古松园内,三级,31.267447,120.392075,地区级示意,https://ylj.suzhou.gov.cn/szsylj/zygk/202502/149aa049258948e4b6588ba53e58247c.shtml,https://ylj.suzhou.gov.cn/szsylj/zygk/202502/149aa049258948e4b6588ba53e58247c/files/415d47168e944733809e7774f3aaa20f.doc
吴中区-吴中282,吴中区,吴中282,朴树,Celtis sinensis Pers.,100,15.2,163,10,木渎镇下沙塘村中市街45号河边,三级,31.130758,120.572209,地区级示意,https://ylj.suzhou.gov.cn/szsylj/zygk/202502/149aa049258948e4b6588ba53e58247c.shtml,https://ylj.suzhou.gov.cn/szsylj/zygk/202502/149aa049258948e4b6588ba53e58247c/files/415d47168e944733809e7774f3aaa20f.doc
吴中区-吴中304,吴中区,吴中304,银杏,Ginkgo biloba L.,600,30.3,446,18,吴中高新区蠡墅社区长桥小学,一级,31.214576,120.493013,地区级示意,https://ylj.suzhou.gov.cn/szsylj/zygk/202502/149aa049258948e4b6588ba53e58247c.shtml,https://ylj.suzhou.gov.cn/szsylj/zygk/202502/149aa049258948e4b6588ba53e58247c/files/415d47168e944733809e7774f3aaa20f.doc
吴中区-吴中305,吴中区,吴中305,银杏,Ginkgo biloba L.,600,25.2,659,20,吴中高新区天华社区吴中人民医院新院区,一级,31.25741,120.351429,地区级示意,https://ylj.suzhou.gov.cn/szsylj/zygk/202502/149aa049258948e4b6588ba53e58247c.shtml,https://ylj.suzhou.gov.cn/szsylj/zygk/202502/149aa049258948e4b6588ba53e58247c/files/415d47168e944733809e7774f3aaa20f.doc
吴中区-吴中346,吴中区,吴中346,银杏,Ginkgo biloba L.,500,20.1,450,15,香山街道小横山社区高尔夫球场,一级,31.238932,120.553123,地区级示意,https://ylj.suzhou.gov.cn/szsylj/zygk/202502/149aa049258948e4b6588ba53e58247c.shtml,https://ylj.suzhou.gov.cn/szsylj/zygk/202502/149aa049258948e4b6588ba53e58247c/files/415d47168e944733809e7774f3aaa20f.doc
吴中区-吴中347,吴中区,吴中347,银杏,Ginkgo biloba L.,500,20.2,330,20,香山街道墅里社区昙花庵,一级,31.111767,120.462252,地区级示意,https://ylj.suzhou.gov.cn/szsylj/zygk/202502/149aa049258948e4b6588ba53e58247c.shtml,https://ylj.suzhou.gov.cn/szsylj/zygk/202502/149aa049258948e4b6588ba53e58247c/files/415d47168e944733809e7774f3aaa20f.doc
相城区-相001,相城区,相001,银杏,Ginkgo biloba L.,135,15,278,15,元和街道，吕池村（原众泾小学内）,三级,31.371004,120.669986,地区级示意,https://ylj.suzhou.gov.cn/szsylj/zygk/202502/1209c3a99b8748988485de7d3e48b78d.shtml,https://ylj.suzhou.gov.cn/szsylj/zygk/202502/1209c3a99b8748988485de7d3e48b78d/files/bcff83c742bc4a75a4e3e1957f6a9579.docx
相城区-相002,相城区,相002,银杏,Ginkgo biloba L.,1000,22,506,18,太平街道（老街孟将堂前 太平桥北）,一级,31.380875,120.662649,地区级示意,https://ylj.suzhou.gov.cn/szsylj/zygk/202502/1209c3a99b8748988485de7d3e48b78d.shtml,https://ylj.suzhou.gov.cn/szsylj/zygk/202502/1209c3a99b8748988485de7d3e48b78d/files/bcff83c742bc4a75a4e3e1957f6a9579.docx
相城区-相003,相城区,相003,银杏,Ginkgo biloba L.,155,9,168,7,黄桥街道，张庄村（张庄小学内）,三级,31.382023,120.677469,地区级示意,https://ylj.suzhou.gov.cn/szsylj/zygk/202502/1209c3a99b8748988485de7d3e48b78d.shtml,https://ylj.suzhou.gov.cn/szsylj/zygk/202502/1209c3a99b8748988485de7d3e48b78d/files/bcff83c742bc4a75a4e3e1957f6a9579.docx
相城区-相004,相城区,相004,银杏,Ginkgo biloba L.,800,18,444,18,黄埭镇，北村6组（北村白果园）,一级,31.49455,120.613568,地区级示意,https://ylj.suzhou.gov.cn/szsylj/zygk/202502/1209c3a99b8748988485de7d3e48b78d.shtml,https://ylj.suzhou.gov.cn/szsylj/zygk/202502/1209c3a99b8748988485de7d3e48b78d/files/bcff83c742bc4a75a4e3e1957f6a9579.docx
相城区-相008,相城区,相008,乌桕,Triadica sebifera (L.) Small,105,10,113,13,黄埭镇，金龙村5组（金龙村委会西南小桥西,三级,31.411413,120.576703,地区级示意,https://ylj.suzhou.gov.cn/szsylj/zygk/202502/1209c3a99b8748988485de7d3e48b78d.shtml,https://ylj.suzhou.gov.cn/szsylj/zygk/202502/1209c3a99b8748988485de7d3e48b78d/files/bcff83c742bc4a75a4e3e1957f6a9579.docx
姑苏区-平102,姑苏区,平102,银杏,Ginkgo biloba L.,551,20,361,10.8,东海岛新随里4号,一级,31.285813,120.618995,地区级示意,https://ylj.suzhou.gov.cn/szsylj/zygk/202502/c39761b4712441d9af389bf1cf5b1098.shtml,https://ylj.suzhou.gov.cn/szsylj/zygk/202502/c39761b4712441d9af389bf1cf5b1098/files/25574bf72502405aa8e3fff2c781aedf.docx
姑苏区-平103,姑苏区,平103,香樟,Camphora officinarum Nees,351,20,238,13.8,西北街110号,二级,31.30286,120.627469,地区级示意,https://ylj.suzhou.gov.cn/szsylj/zygk/202502/c39761b4712441d9af389bf1cf5b1098.shtml,https://ylj.suzhou.gov.cn/szsylj/zygk/202502/c39761b4712441d9af389bf1cf5b1098/files/25574bf72502405aa8e3fff2c781aedf.docx
姑苏区-平105,姑苏区,平105,榉树,Zelkova serrata (Thunb.) Makino,181,10,213,12,齐门外大街288号,三级,31.299858,120.635207,地区级示意,https://ylj.suzhou.gov.cn/szsylj/zygk/202502/c39761b4712441d9af389bf1cf5b1098.shtml,https://ylj.suzhou.gov.cn/szsylj/zygk/202502/c39761b4712441d9af389bf1cf5b1098/files/25574bf72502405aa8e3fff2c781aedf.docx
姑苏区-平107,姑苏区,平107,龙爪槐,Styphnolobium japonicum 'Pendula',296,4.6,30,4.6,苏州博物馆,三级,31.307817,120.587552,地区级示意,https://ylj.suzhou.gov.cn/szsylj/zygk/202502/c39761b4712441d9af389bf1cf5b1098.shtml,https://ylj.suzhou.gov.cn/szsylj/zygk/202502/c39761b4712441d9af389bf1cf5b1098/files/25574bf72502405aa8e3fff2c781aedf.docx
姑苏区-平108,姑苏区,平108,龙爪槐,Styphnolobium japonicum 'Pendula',296,4.2,80,4.8,苏州博物馆,三级,31.303457,120.628475,地区级示意,https://ylj.suzhou.gov.cn/szsylj/zygk/202502/c39761b4712441d9af389bf1cf5b1098.shtml,https://ylj.suzhou.gov.cn/szsylj/zygk/202502/c39761b4712441d9af389bf1cf5b1098/files/25574bf72502405aa8e3fff2c781aedf.docx
姑苏区-平109,姑苏区,平109,木瓜,Pseudocydonia sinensis (Thouin) C. K. Schneid,331,7,107,4.7,苏州博物馆,二级,31.331138,120.589609,地区级示意,https://ylj.suzhou.gov.cn/szsylj/zygk/202502/c39761b4712441d9af389bf1cf5b1098.shtml,https://ylj.suzhou.gov.cn/szsylj/zygk/202502/c39761b4712441d9af389bf1cf5b1098/files/25574bf72502405aa8e3fff2c781aedf.docx
姑苏区-平110,姑苏区,平110,木樨,Osmanthus fragrans (Thunb.) Lour.,201,15,40,7,苏州博物馆,三级,31.298654,120.595204,地区级示意,https://ylj.suzhou.gov.cn/szsylj/zygk/202502/c39761b4712441d9af389bf1cf5b1098.shtml,https://ylj.suzhou.gov.cn/szsylj/zygk/202502/c39761b4712441d9af389bf1cf5b1098/files/25574bf72502405aa8e3fff2c781aedf.docx
姑苏区-平111,姑苏区,平111,紫藤,Wisteria sinensis (Sims) Sweet,451,5.5,170,4.8,苏州博物馆,二级,31.321625,120.600946,地区级示意,https://ylj.suzhou.gov.cn/szsylj/zygk/202502/c39761b4712441d9af389bf1cf5b1098.shtml,https://ylj.suzhou.gov.cn/szsylj/zygk/202502/c39761b4712441d9af389bf1cf5b1098/files/25574bf72502405aa8e3fff2c781aedf.docx
姑苏区-平112,姑苏区,平112,紫藤,Wisteria sinensis (Sims) Sweet,451,4.8,56,4.1,苏州博物馆,二级,31.304551,120.589281,地区级示意,https://ylj.suzhou.gov.cn/szsylj/zygk/202502/c39761b4712441d9af389bf1cf5b1098.shtml,https://ylj.suzhou.gov.cn/szsylj/zygk/202502/c39761b4712441d9af389bf1cf5b1098/files/25574bf72502405aa8e3fff2c781aedf.docx
姑苏区-平113,姑苏区,平113,紫藤,Wisteria sinensis (Sims) Sweet,451,5.5,260,4.7,苏州博物馆,二级,31.300347,120.642201,地区级示意,https://ylj.suzhou.gov.cn/szsylj/zygk/202502/c39761b4712441d9af389bf1cf5b1098.shtml,https://ylj.suzhou.gov.cn/szsylj/zygk/202502/c39761b4712441d9af389bf1cf5b1098/files/25574bf72502405aa8e3fff2c781aedf.docx
姑苏区-平114,姑苏区,平114,木樨,Osmanthus fragrans (Thunb.) Lour.,151,5.2,56,5.3,苏州博物馆,三级,31.33452,120.619864,地区级示意,https://ylj.suzhou.gov.cn/szsylj/zygk/202502/c39761b4712441d9af389bf1cf5b1098.shtml,https://ylj.suzhou.gov.cn/szsylj/zygk/202502/c39761b4712441d9af389bf1cf5b1098/files/25574bf72502405aa8e3fff2c781aedf.docx
姑苏区-平115,姑苏区,平115,广玉兰,Magnolia grandiflora L.,121,23.5,236,11.9,苏州博物馆,三级,31.309936,120.62064,地区级示意,https://ylj.suzhou.gov.cn/szsylj/zygk/202502/c39761b4712441d9af389bf1cf5b1098.shtml,https://ylj.suzhou.gov.cn/szsylj/zygk/202502/c39761b4712441d9af389bf1cf5b1098/files/25574bf72502405aa8e3fff2c781aedf.docx
姑苏区-平116,姑苏区,平116,木樨,Osmanthus fragrans (Thunb.) Lour.,151,5.2,73,6.7,苏州博物馆,三级,31.335597,120.637995,地区级示意,https://ylj.suzhou.gov.cn/szsylj/zygk/202502/c39761b4712441d9af389bf1cf5b1098.shtml,https://ylj.suzhou.gov.cn/szsylj/zygk/202502/c39761b4712441d9af389bf1cf5b1098/files/25574bf72502405aa8e3fff2c781aedf.docx
姑苏区-平117,姑苏区,平117,黄杨,Buxus sinica (Rehder & E. H. Wilson) M. Cheng,211,5.5,91,4.8,苏州市六中,三级,31.314072,120.648763,地区级示意,https://ylj.suzhou.gov.cn/szsylj/zygk/202502/c39761b4712441d9af389bf1cf5b1098.shtml,https://ylj.suzhou.gov.cn/szsylj/zygk/202502/c39761b4712441d9af389bf1cf5b1098/files/25574bf72502405aa8e3fff2c781aedf.docx
姑苏区-平118,姑苏区,平118,广玉兰,Magnolia grandiflora L.,141,30,260,12.5,苏州市六中,三级,31.345717,120.625519,地区级示意,https://ylj.suzhou.gov.cn/szsylj/zygk/202502/c39761b4712441d9af389bf1cf5b1098.shtml,https://ylj.suzhou.gov.cn/szsylj/zygk/202502/c39761b4712441d9af389bf1cf5b1098/files/25574bf72502405aa8e3fff2c781aedf.docx
姑苏区-平119,姑苏区,平119,朴树,Celtis sinensis Pers.,151,12.5,226,8.6,东北街普福寺弄23-1幢,三级,31.337942,120.593639,地区级示意,https://ylj.suzhou.gov.cn/szsylj/zygk/202502/c39761b4712441d9af389bf1cf5b1098.shtml,https://ylj.suzhou.gov.cn/szsylj/zygk/202502/c39761b4712441d9af389bf1cf5b1098/files/25574bf72502405aa8e3fff2c781aedf.docx
姑苏区-平120,姑苏区,平120,广玉兰,Magnolia grandiflora L.,186,20,220,12,财神里小区,三级,31.284383,120.631211,地区级示意,https://ylj.suzhou.gov.cn/szsylj/zygk/202502/c39761b4712441d9af389bf1cf5b1098.shtml,https://ylj.suzhou.gov.cn/szsylj/zygk/202502/c39761b4712441d9af389bf1cf5b1098/files/25574bf72502405aa8e3fff2c781aedf.docx
姑苏区-平121,姑苏区,平121,广玉兰,Magnolia grandiflora L.,186,20,340,10.5,财神里小区,三级,31.30971,120.624728,地区级示意,https://ylj.suzhou.gov.cn/szsylj/zygk/202502/c39761b4712441d9af389bf1cf5b1098.shtml,https://ylj.suzhou.gov.cn/szsylj/zygk/202502/c39761b4712441d9af389bf1cf5b1098/files/25574bf72502405aa8e3fff2c781aedf.docx
姑苏区-平122,姑苏区,平122,广玉兰,Magnolia grandiflora L.,121,13,258,9,装驾桥巷34号,三级,31.313732,120.592298,地区级示意,https://ylj.suzhou.gov.cn/szsylj/zygk/202502/c39761b4712441d9af389bf1cf5b1098.shtml,https://ylj.suzhou.gov.cn/szsylj/zygk/202502/c39761b4712441d9af389bf1cf5b1098/files/25574bf72502405aa8e3fff2c781aedf.docx
姑苏区-平123,姑苏区,平123,广玉兰,Magnolia grandiflora L.,121,15,262,9,装驾桥巷34号,三级,31.291458,120.643243,地区级示意,https://ylj.suzhou.gov.cn/szsylj/zygk/202502/c39761b4712441d9af389bf1cf5b1098.shtml,https://ylj.suzhou.gov.cn/szsylj/zygk/202502/c39761b4712441d9af389bf1cf5b1098/files/25574bf72502405aa8e3fff2c781aedf.docx
姑苏区-平124,姑苏区,平124,广玉兰,Magnolia grandiflora L.,151,20,270,12,装驾桥巷34-1号,三级,31.298093,120.604071,地区级示意,https://ylj.suzhou.gov.cn/szsylj/zygk/202502/c39761b4712441d9af389bf1cf5b1098.shtml,https://ylj.suzhou.gov.cn/szsylj/zygk/202502/c39761b4712441d9af389bf1cf5b1098/files/25574bf72502405aa8e3fff2c781aedf.docx
姑苏区-平125,姑苏区,平125,木樨,Osmanthus fragrans (Thunb.) Lour.,151,5,79,6,装驾桥巷34-1号,三级,31.300536,120.642438,地区级示意,https://ylj.suzhou.gov.cn/szsylj/zygk/202502/c39761b4712441d9af389bf1cf5b1098.shtml,https://ylj.suzhou.gov.cn/szsylj/zygk/202502/c39761b4712441d9af389bf1cf5b1098/files/25574bf72502405aa8e3fff2c781aedf.docx
姑苏区-平126,姑苏区,平126,黄杨,Buxus sinica (Rehder & E. H. Wilson) M. Cheng,296,6,109,6.5,装驾桥巷34-1号,三级,31.345391,120.617663,地区级示意,https://ylj.suzhou.gov.cn/szsylj/zygk/202502/c39761b4712441d9af389bf1cf5b1098.shtml,https://ylj.suzhou.gov.cn/szsylj/zygk/202502/c39761b4712441d9af389bf1cf5b1098/files/25574bf72502405aa8e3fff2c781aedf.docx
姑苏区-平127,姑苏区,平127,广玉兰,Magnolia grandiflora L.,121,16,237,7.3,打线里小区东8号楼东侧,三级,31.322143,120.606072,地区级示意,https://ylj.suzhou.gov.cn/szsylj/zygk/202502/c39761b4712441d9af389bf1cf5b1098.shtml,https://ylj.suzhou.gov.cn/szsylj/zygk/202502/c39761b4712441d9af389bf1cf5b1098/files/25574bf72502405aa8e3fff2c781aedf.docx
姑苏区-平128,姑苏区,平128,银杏,Ginkgo biloba L.,171,18,191,7,苏州市第三中学,三级,31.332366,120.647893,地区级示意,https://ylj.suzhou.gov.cn/szsylj/zygk/202502/c39761b4712441d9af389bf1cf5b1098.shtml,https://ylj.suzhou.gov.cn/szsylj/zygk/202502/c39761b4712441d9af389bf1cf5b1098/files/25574bf72502405aa8e3fff2c781aedf.docx
姑苏区-平129,姑苏区,平129,银杏,Ginkgo biloba L.,171,15.3,210,8.5,苏州市第三中学,三级,31.32232,120.598548,地区级示意,https://ylj.suzhou.gov.cn/szsylj/zygk/202502/c39761b4712441d9af389bf1cf5b1098.shtml,https://ylj.suzhou.gov.cn/szsylj/zygk/202502/c39761b4712441d9af389bf1cf5b1098/files/25574bf72502405aa8e3fff2c781aedf.docx
姑苏区-平130,姑苏区,平130,广玉兰,Magnolia grandiflora L.,121,18.8,236,12.6,白塔西路24号,三级,31.306062,120.613583,地区级示意,https://ylj.suzhou.gov.cn/szsylj/zygk/202502/c39761b4712441d9af389bf1cf5b1098.shtml,https://ylj.suzhou.gov.cn/szsylj/zygk/202502/c39761b4712441d9af389bf1cf5b1098/files/25574bf72502405aa8e3fff2c781aedf.docx
姑苏区-平131,姑苏区,平131,广玉兰,Magnolia grandiflora L.,141,19.2,253,12.8,白塔西路24号,三级,31.311631,120.601555,地区级示意,https://ylj.suzhou.gov.cn/szsylj/zygk/202502/c39761b4712441d9af389bf1cf5b1098.shtml,https://ylj.suzhou.gov.cn/szsylj/zygk/202502/c39761b4712441d9af389bf1cf5b1098/files/25574bf72502405aa8e3fff2c781aedf.docx
姑苏区-平132,姑苏区,平132,腊梅,Chimonanthus praecox (L.) Link,221,5.3,31,5.7,坝上巷徐菜园弄9号,三级,31.330657,120.594991,地区级示意,https://ylj.suzhou.gov.cn/szsylj/zygk/202502/c39761b4712441d9af389bf1cf5b1098.shtml,https://ylj.suzhou.gov.cn/szsylj/zygk/202502/c39761b4712441d9af389bf1cf5b1098/files/25574bf72502405aa8e3fff2c781aedf.docx
姑苏区-平133,姑苏区,平133,银杏,Ginkgo biloba L.,651,20.5,411,13.7,狮林里小区,一级,31.284828,120.609142,地区级示意,https://ylj.suzhou.gov.cn/szsylj/zygk/202502/c39761b4712441d9af389bf1cf5b1098.shtml,https://ylj.suzhou.gov.cn/szsylj/zygk/202502/c39761b4712441d9af389bf1cf5b1098/files/25574bf72502405aa8e3fff2c781aedf.docx
姑苏区-平135,姑苏区,平135,木瓜,Pseudocydonia sinensis (Thouin) C. K. Schneid,121,7,109,4,范庄前16号,三级,31.314262,120.62462,地区级示意,https://ylj.suzhou.gov.cn/szsylj/zygk/202502/c39761b4712441d9af389bf1cf5b1098.shtml,https://ylj.suzhou.gov.cn/szsylj/zygk/202502/c39761b4712441d9af389bf1cf5b1098/files/25574bf72502405aa8e3fff2c781aedf.docx
姑苏区-平136,姑苏区,平136,银杏,Ginkgo biloba L.,251,18,283,10.8,景德路110号,三级,31.335541,120.640661,地区级示意,https://ylj.suzhou.gov.cn/szsylj/zygk/202502/c39761b4712441d9af389bf1cf5b1098.shtml,https://ylj.suzhou.gov.cn/szsylj/zygk/202502/c39761b4712441d9af389bf1cf5b1098/files/25574bf72502405aa8e3fff2c781aedf.docx
姑苏区-平137,姑苏区,平137,银杏,Ginkgo biloba L.,131,10,185,8.5,景德路94号,三级,31.333382,120.637427,地区级示意,https://ylj.suzhou.gov.cn/szsylj/zygk/202502/c39761b4712441d9af389bf1cf5b1098.shtml,https://ylj.suzhou.gov.cn/szsylj/zygk/202502/c39761b4712441d9af389bf1cf5b1098/files/25574bf72502405aa8e3fff2c781aedf.docx
姑苏区-平138,姑苏区,平138,银杏,Ginkgo biloba L.,151,10,205,5.5,景德路94号,三级,31.304377,120.632876,地区级示意,https://ylj.suzhou.gov.cn/szsylj/zygk/202502/c39761b4712441d9af389bf1cf5b1098.shtml,https://ylj.suzhou.gov.cn/szsylj/zygk/202502/c39761b4712441d9af389bf1cf5b1098/files/25574bf72502405aa8e3fff2c781aedf.docx
姑苏区-平139,姑苏区,平139,银杏,Ginkgo biloba L.,131,15,203,6.8,景德路94号,三级,31.334153,120.650137,地区级示意,https://ylj.suzhou.gov.cn/szsylj/zygk/202502/c39761b4712441d9af389bf1cf5b1098.shtml,https://ylj.suzhou.gov.cn/szsylj/zygk/202502/c39761b4712441d9af389bf1cf5b1098/files/25574bf72502405aa8e3fff2c781aedf.docx
姑苏区-平140,姑苏区,平140,银杏,Ginkgo biloba L.,406,20,323,8.3,景德路94号,二级,31.319733,120.627349,地区级示意,https://ylj.suzhou.gov.cn/szsylj/zygk/202502/c39761b4712441d9af389bf1cf5b1098.shtml,https://ylj.suzhou.gov.cn/szsylj/zygk/202502/c39761b4712441d9af389bf1cf5b1098/files/25574bf72502405aa8e3fff2c781aedf.docx
姑苏区-平141,姑苏区,平141,榉树,Zelkova serrata (Thunb.) Makino,151,12,214,9,旅游用品厂招待所,三级,31.313946,120.631651,地区级示意,https://ylj.suzhou.gov.cn/szsylj/zygk/202502/c39761b4712441d9af389bf1cf5b1098.shtml,https://ylj.suzhou.gov.cn/szsylj/zygk/202502/c39761b4712441d9af389bf1cf5b1098/files/25574bf72502405aa8e3fff2c781aedf.docx
姑苏区-平142,姑苏区,平142,银杏,Ginkgo biloba L.,206,20,305,13.5,旅游用品厂招待所,三级,31.304304,120.638127,地区级示意,https://ylj.suzhou.gov.cn/szsylj/zygk/202502/c39761b4712441d9af389bf1cf5b1098.shtml,https://ylj.suzhou.gov.cn/szsylj/zygk/202502/c39761b4712441d9af389bf1cf5b1098/files/25574bf72502405aa8e3fff2c781aedf.docx
姑苏区-平143,姑苏区,平143,紫薇,Lagerstroemia indica L.,221,8,100,4.5,马医科42号,三级,31.288302,120.614601,地区级示意,https://ylj.suzhou.gov.cn/szsylj/zygk/202502/c39761b4712441d9af389bf1cf5b1098.shtml,https://ylj.suzhou.gov.cn/szsylj/zygk/202502/c39761b4712441d9af389bf1cf5b1098/files/25574bf72502405aa8e3fff2c781aedf.docx
姑苏区-平144,姑苏区,平144,罗汉松,Podocarpus macrophyllus (Thunb.) Sweet,171,8,68,7,韩家巷4号,三级,31.330789,120.611324,地区级示意,https://ylj.suzhou.gov.cn/szsylj/zygk/202502/c39761b4712441d9af389bf1cf5b1098.shtml,https://ylj.suzhou.gov.cn/szsylj/zygk/202502/c39761b4712441d9af389bf1cf5b1098/files/25574bf72502405aa8e3fff2c781aedf.docx
姑苏区-平145,姑苏区,平145,木樨,Osmanthus fragrans (Thunb.) Lour.,131,9,69,5,韩家巷4号,三级,31.319118,120.627337,地区级示意,https://ylj.suzhou.gov.cn/szsylj/zygk/202502/c39761b4712441d9af389bf1cf5b1098.shtml,https://ylj.suzhou.gov.cn/szsylj/zygk/202502/c39761b4712441d9af389bf1cf5b1098/files/25574bf72502405aa8e3fff2c781aedf.docx
姑苏区-平146,姑苏区,平146,黄杨,Buxus sinica (Rehder & E. H. Wilson) M. Cheng,191,8,97,5.5,韩家巷4号,三级,31.327265,120.596058,地区级示意,https://ylj.suzhou.gov.cn/szsylj/zygk/202502/c39761b4712441d9af389bf1cf5b1098.shtml,https://ylj.suzhou.gov.cn/szsylj/zygk/202502/c39761b4712441d9af389bf1cf5b1098/files/25574bf72502405aa8e3fff2c781aedf.docx
姑苏区-平147,姑苏区,平147,白皮松,Pinus bungeana Zucc. ex Endl.,141,9.8,114,9,韩家巷4号,三级,31.317205,120.652762,地区级示意,https://ylj.suzhou.gov.cn/szsylj/zygk/202502/c39761b4712441d9af389bf1cf5b1098.shtml,https://ylj.suzhou.gov.cn/szsylj/zygk/202502/c39761b4712441d9af389bf1cf5b1098/files/25574bf72502405aa8e3fff2c781aedf.docx
姑苏区-平148,姑苏区,平148,白皮松,Pinus bungeana Zucc. ex Endl.,141,10,101,11.5,韩家巷4号,三级,31.328361,120.591203,地区级示意,https://ylj.suzhou.gov.cn/szsylj/zygk/202502/c39761b4712441d9af389bf1cf5b1098.shtml,https://ylj.suzhou.gov.cn/szsylj/zygk/202502/c39761b4712441d9af389bf1cf5b1098/files/25574bf72502405aa8e3fff2c781aedf.docx
姑苏区-平149,姑苏区,平149,木樨,Osmanthus fragrans (Thunb.) Lour.,131,4,67,5.1,韩家巷4号,三级,31.29631,120.61356,地区级示意,https://ylj.suzhou.gov.cn/szsylj/zygk/202502/c39761b4712441d9af389bf1cf5b1098.shtml,https://ylj.suzhou.gov.cn/szsylj/zygk/202502/c39761b4712441d9af389bf1cf5b1098/files/25574bf72502405aa8e3fff2c781aedf.docx
姑苏区-平150,姑苏区,平150,紫薇,Lagerstroemia indica L.,131,8,77,4,韩家巷4号,三级,31.286535,120.613843,地区级示意,https://ylj.suzhou.gov.cn/szsylj/zygk/202502/c39761b4712441d9af389bf1cf5b1098.shtml,https://ylj.suzhou.gov.cn/szsylj/zygk/202502/c39761b4712441d9af389bf1cf5b1098/files/25574bf72502405aa8e3fff2c781aedf.docx
姑苏区-平151,姑苏区,平151,木樨,Osmanthus fragrans (Thunb.) Lour.,131,9,82,4.5,韩家巷4号,三级,31.30198,120.619678,地区级示意,https://ylj.suzhou.gov.cn/szsylj/zygk/202502/c39761b4712441d9af389bf1cf5b1098.shtml,https://ylj.suzhou.gov.cn/szsylj/zygk/202502/c39761b4712441d9af389bf1cf5b1098/files/25574bf72502405aa8e3fff2c781aedf.docx
姑苏区-平153,姑苏区,平153,圆柏,Juniperus chinensis Roxb.,171,7.5,158,8,韩家巷4号,三级,31.315161,120.650947,地区级示意,https://ylj.suzhou.gov.cn/szsylj/zygk/202502/c39761b4712441d9af389bf1cf5b1098.shtml,https://ylj.suzhou.gov.cn/szsylj/zygk/202502/c39761b4712441d9af389bf1cf5b1098/files/25574bf72502405aa8e3fff2c781aedf.docx
姑苏区-平154,姑苏区,平154,圆柏,Juniperus chinensis Roxb.,141,4.5,81,2.9,韩家巷4号,三级,31.324449,120.603299,地区级示意,https://ylj.suzhou.gov.cn/szsylj/zygk/202502/c39761b4712441d9af389bf1cf5b1098.shtml,https://ylj.suzhou.gov.cn/szsylj/zygk/202502/c39761b4712441d9af389bf1cf5b1098/files/25574bf72502405aa8e3fff2c781aedf.docx
姑苏区-平156,姑苏区,平156,龙柏,Juniperus chinensis 'Kaizuca',211,9.2,131,8.5,慕园（富仁坊72-1/2号）,三级,31.315445,120.622024,地区级示意,https://ylj.suzhou.gov.cn/szsylj/zygk/202502/c39761b4712441d9af389bf1cf5b1098.shtml,https://ylj.suzhou.gov.cn/szsylj/zygk/202502/c39761b4712441d9af389bf1cf5b1098/files/25574bf72502405aa8e3fff2c781aedf.docx
姑苏区-平157,姑苏区,平157,黄杨,Buxus sinica (Rehder & E. H. Wilson) M. Cheng,211,4.1,46,3.7,慕园（富仁坊72-1/2号）,三级,31.332235,120.617502,地区级示意,https://ylj.suzhou.gov.cn/szsylj/zygk/202502/c39761b4712441d9af389bf1cf5b1098.shtml,https://ylj.suzhou.gov.cn/szsylj/zygk/202502/c39761b4712441d9af389bf1cf5b1098/files/25574bf72502405aa8e3fff2c781aedf.docx
姑苏区-平158,姑苏区,平158,黄杨,Buxus sinica (Rehder & E. H. Wilson) M. Cheng,161,5,102,5.4,慕园（富仁坊72-1/2号）,三级,31.30954,120.598939,地区级示意,https://ylj.suzhou.gov.cn/szsylj/zygk/202502/c39761b4712441d9af389bf1cf5b1098.shtml,https://ylj.suzhou.gov.cn/szsylj/zygk/202502/c39761b4712441d9af389bf1cf5b1098/files/25574bf72502405aa8e3fff2c781aedf.docx
姑苏区-平159,姑苏区,平159,朴树,Celtis sinensis Pers.,401,20,306,6.4,怡园里4号,二级,31.292537,120.629963,地区级示意,https://ylj.suzhou.gov.cn/szsylj/zygk/202502/c39761b4712441d9af389bf1cf5b1098.shtml,https://ylj.suzhou.gov.cn/szsylj/zygk/202502/c39761b4712441d9af389bf1cf5b1098/files/25574bf72502405aa8e3fff2c781aedf.docx
姑苏区-平160,姑苏区,平160,黄杨,Buxus sinica (Rehder & E. H. Wilson) M. Cheng,171,7,87,6,庆元坊12号,三级,31.331207,120.633703,地区级示意,https://ylj.suzhou.gov.cn/szsylj/zygk/202502/c39761b4712441d9af389bf1cf5b1098.shtml,https://ylj.suzhou.gov.cn/szsylj/zygk/202502/c39761b4712441d9af389bf1cf5b1098/files/25574bf72502405aa8e3fff2c781aedf.docx
姑苏区-平161,姑苏区,平161,银杏,Ginkgo biloba L.,131,20,217,10.5,马医科23-3号,三级,31.292655,120.595215,地区级示意,https://ylj.suzhou.gov.cn/szsylj/zygk/202502/c39761b4712441d9af389bf1cf5b1098.shtml,https://ylj.suzhou.gov.cn/szsylj/zygk/202502/c39761b4712441d9af389bf1cf5b1098/files/25574bf72502405aa8e3fff2c781aedf.docx
姑苏区-平162,姑苏区,平162,银杏,Ginkgo biloba L.,201,20,273,12,马医科23号,三级,31.330042,120.646328,地区级示意,https://ylj.suzhou.gov.cn/szsylj/zygk/202502/c39761b4712441d9af389bf1cf5b1098.shtml,https://ylj.suzhou.gov.cn/szsylj/zygk/202502/c39761b4712441d9af389bf1cf5b1098/files/25574bf72502405aa8e3fff2c781aedf.docx
姑苏区-平164,姑苏区,平164,木樨,Osmanthus fragrans (Thunb.) Lour.,201,6.6,123,8.4,史家巷41号,三级,31.313201,120.597439,地区级示意,https://ylj.suzhou.gov.cn/szsylj/zygk/202502/c39761b4712441d9af389bf1cf5b1098.shtml,https://ylj.suzhou.gov.cn/szsylj/zygk/202502/c39761b4712441d9af389bf1cf5b1098/files/25574bf72502405aa8e3fff2c781aedf.docx
姑苏区-平165,姑苏区,平165,广玉兰,Magnolia grandiflora L.,121,20.4,295,14.8,史家巷41号,三级,31.327801,120.621876,地区级示意,https://ylj.suzhou.gov.cn/szsylj/zygk/202502/c39761b4712441d9af389bf1cf5b1098.shtml,https://ylj.suzhou.gov.cn/szsylj/zygk/202502/c39761b4712441d9af389bf1cf5b1098/files/25574bf72502405aa8e3fff2c781aedf.docx
姑苏区-平166,姑苏区,平166,银杏,Ginkgo biloba L.,161,20.5,210,11.4,平江实验学校,三级,31.320942,120.65109,地区级示意,https://ylj.suzhou.gov.cn/szsylj/zygk/202502/c39761b4712441d9af389bf1cf5b1098.shtml,https://ylj.suzhou.gov.cn/szsylj/zygk/202502/c39761b4712441d9af389bf1cf5b1098/files/25574bf72502405aa8e3fff2c781aedf.docx
姑苏区-平167,姑苏区,平167,银杏,Ginkgo biloba L.,191,20,225,13,平江实验学校,三级,31.285668,120.604679,地区级示意,https://ylj.suzhou.gov.cn/szsylj/zygk/202502/c39761b4712441d9af389bf1cf5b1098.shtml,https://ylj.suzhou.gov.cn/szsylj/zygk/202502/c39761b4712441d9af389bf1cf5b1098/files/25574bf72502405aa8e3fff2c781aedf.docx
姑苏区-平168,姑苏区,平168,银杏,Ginkgo biloba L.,231,17.9,210,132,平江实验学校,三级,31.339251,120.617331,地区级示意,https://ylj.suzhou.gov.cn/szsylj/zygk/202502/c39761b4712441d9af389bf1cf5b1098.shtml,https://ylj.suzhou.gov.cn/szsylj/zygk/202502/c39761b4712441d9af389bf1cf5b1098/files/25574bf72502405aa8e3fff2c781aedf.docx
姑苏区-平169,姑苏区,平169,银杏,Ginkgo biloba L.,131,10.2,118,5.9,平江实验学校,三级,31.283948,120.620618,地区级示意,https://ylj.suzhou.gov.cn/szsylj/zygk/202502/c39761b4712441d9af389bf1cf5b1098.shtml,https://ylj.suzhou.gov.cn/szsylj/zygk/202502/c39761b4712441d9af389bf1cf5b1098/files/25574bf72502405aa8e3fff2c781aedf.docx
姑苏区-平170,姑苏区,平170,银杏,Ginkgo biloba L.,131,12.9,135,4.4,平江实验学校,三级,31.341843,120.625176,地区级示意,https://ylj.suzhou.gov.cn/szsylj/zygk/202502/c39761b4712441d9af389bf1cf5b1098.shtml,https://ylj.suzhou.gov.cn/szsylj/zygk/202502/c39761b4712441d9af389bf1cf5b1098/files/25574bf72502405aa8e3fff2c781aedf.docx
姑苏区-平171,姑苏区,平171,银杏,Ginkgo biloba L.,171,18.6,166,8,平江实验学校,三级,31.333215,120.63867,地区级示意,https://ylj.suzhou.gov.cn/szsylj/zygk/202502/c39761b4712441d9af389bf1cf5b1098.shtml,https://ylj.suzhou.gov.cn/szsylj/zygk/202502/c39761b4712441d9af389bf1cf5b1098/files/25574bf72502405aa8e3fff2c781aedf.docx
姑苏区-平172,姑苏区,平172,银杏,Ginkgo biloba L.,171,18.3,238,9.8,平江实验学校,三级,31.325581,120.631593,地区级示意,https://ylj.suzhou.gov.cn/szsylj/zygk/202502/c39761b4712441d9af389bf1cf5b1098.shtml,https://ylj.suzhou.gov.cn/szsylj/zygk/202502/c39761b4712441d9af389bf1cf5b1098/files/25574bf72502405aa8e3fff2c781aedf.docx
姑苏区-平173,姑苏区,平173,银杏,Ginkgo biloba L.,171,18.5,225,16.1,平江实验学校,三级,31.303123,120.605583,地区级示意,https://ylj.suzhou.gov.cn/szsylj/zygk/202502/c39761b4712441d9af389bf1cf5b1098.shtml,https://ylj.suzhou.gov.cn/szsylj/zygk/202502/c39761b4712441d9af389bf1cf5b1098/files/25574bf72502405aa8e3fff2c781aedf.docx
姑苏区-平174,姑苏区,平174,银杏,Ginkgo biloba L.,171,22.6,232,11.5,平江实验学校,三级,31.302991,120.653009,地区级示意,https://ylj.suzhou.gov.cn/szsylj/zygk/202502/c39761b4712441d9af389bf1cf5b1098.shtml,https://ylj.suzhou.gov.cn/szsylj/zygk/202502/c39761b4712441d9af389bf1cf5b1098/files/25574bf72502405aa8e3fff2c781aedf.docx
姑苏区-平175,姑苏区,平175,银杏,Ginkgo biloba L.,171,20,226,13.1,平江实验学校,三级,31.330916,120.648956,地区级示意,https://ylj.suzhou.gov.cn/szsylj/zygk/202502/c39761b4712441d9af389bf1cf5b1098.shtml,https://ylj.suzhou.gov.cn/szsylj/zygk/202502/c39761b4712441d9af389bf1cf5b1098/files/25574bf72502405aa8e3fff2c781aedf.docx
姑苏区-平176,姑苏区,平176,银杏,Ginkgo biloba L.,171,20,186,11.3,平江实验学校,三级,31.289318,120.635866,地区级示意,https://ylj.suzhou.gov.cn/szsylj/zygk/202502/c39761b4712441d9af389bf1cf5b1098.shtml,https://ylj.suzhou.gov.cn/szsylj/zygk/202502/c39761b4712441d9af389bf1cf5b1098/files/25574bf72502405aa8e3fff2c781aedf.docx
姑苏区-平178,姑苏区,平178,圆柏,Juniperus chinensis Roxb.,296,12.8,98,5.1,平江实验学校,三级,31.287685,120.610807,地区级示意,https://ylj.suzhou.gov.cn/szsylj/zygk/202502/c39761b4712441d9af389bf1cf5b1098.shtml,https://ylj.suzhou.gov.cn/szsylj/zygk/202502/c39761b4712441d9af389bf1cf5b1098/files/25574bf72502405aa8e3fff2c781aedf.docx
姑苏区-平179,姑苏区,平179,银杏,Ginkgo biloba L.,141,17,190,12.2,平江实验学校,三级,31.338693,120.600059,地区级示意,https://ylj.suzhou.gov.cn/szsylj/zygk/202502/c39761b4712441d9af389bf1cf5b1098.shtml,https://ylj.suzhou.gov.cn/szsylj/zygk/202502/c39761b4712441d9af389bf1cf5b1098/files/25574bf72502405aa8e3fff2c781aedf.docx
姑苏区-平180,姑苏区,平180,银杏,Ginkgo biloba L.,171,15.6,215,5.7,平江实验学校,三级,31.321097,120.615436,地区级示意,https://ylj.suzhou.gov.cn/szsylj/zygk/202502/c39761b4712441d9af389bf1cf5b1098.shtml,https://ylj.suzhou.gov.cn/szsylj/zygk/202502/c39761b4712441d9af389bf1cf5b1098/files/25574bf72502405aa8e3fff2c781aedf.docx
姑苏区-平181,姑苏区,平181,银杏,Ginkgo biloba L.,141,13,182,7.3,平江实验学校,三级,31.3074,120.652399,地区级示意,https://ylj.suzhou.gov.cn/szsylj/zygk/202502/c39761b4712441d9af389bf1cf5b1098.shtml,https://ylj.suzhou.gov.cn/szsylj/zygk/202502/c39761b4712441d9af389bf1cf5b1098/files/25574bf72502405aa8e3fff2c781aedf.docx
姑苏区-平182,姑苏区,平182,银杏,Ginkgo biloba L.,151,14.5,208,11.5,平江实验学校,三级,31.318686,120.582516,地区级示意,https://ylj.suzhou.gov.cn/szsylj/zygk/202502/c39761b4712441d9af389bf1cf5b1098.shtml,https://ylj.suzhou.gov.cn/szsylj/zygk/202502/c39761b4712441d9af389bf1cf5b1098/files/25574bf72502405aa8e3fff2c781aedf.docx
姑苏区-平183,姑苏区,平183,银杏,Ginkgo biloba L.,161,22.3,213,11.2,平江实验学校,三级,31.284643,120.622717,地区级示意,https://ylj.suzhou.gov.cn/szsylj/zygk/202502/c39761b4712441d9af389bf1cf5b1098.shtml,https://ylj.suzhou.gov.cn/szsylj/zygk/202502/c39761b4712441d9af389bf1cf5b1098/files/25574bf72502405aa8e3fff2c781aedf.docx
姑苏区-平186,姑苏区,平186,罗汉松,Podocarpus macrophyllus (Thunb.) Sweet,121,5,106,5,干将东路622号,三级,31.318967,120.604347,地区级示意,https://ylj.suzhou.gov.cn/szsylj/zygk/202502/c39761b4712441d9af389bf1cf5b1098.shtml,https://ylj.suzhou.gov.cn/szsylj/zygk/202502/c39761b4712441d9af389bf1cf5b1098/files/25574bf72502405aa8e3fff2c781aedf.docx
姑苏区-平187,姑苏区,平187,圆柏,Juniperus chinensis Roxb.,171,9,116,6.8,仓街10号,三级,31.299386,120.634819,地区级示意,https://ylj.suzhou.gov.cn/szsylj/zygk/202502/c39761b4712441d9af389bf1cf5b1098.shtml,https://ylj.suzhou.gov.cn/szsylj/zygk/202502/c39761b4712441d9af389bf1cf5b1098/files/25574bf72502405aa8e3fff2c781aedf.docx
姑苏区-平188,姑苏区,平188,皂荚,Gleditsia sinensis Lam.,171,15.9,182,8.5,蕴秀园,三级,31.322874,120.639237,地区级示意,https://ylj.suzhou.gov.cn/szsylj/zygk/202502/c39761b4712441d9af389bf1cf5b1098.shtml,https://ylj.suzhou.gov.cn/szsylj/zygk/202502/c39761b4712441d9af389bf1cf5b1098/files/25574bf72502405aa8e3fff2c781aedf.docx
姑苏区-平189,姑苏区,平189,银杏,Ginkgo biloba L.,306,18,310,16.5,大儒中心小学,二级,31.296455,120.644603,地区级示意,https://ylj.suzhou.gov.cn/szsylj/zygk/202502/c39761b4712441d9af389bf1cf5b1098.shtml,https://ylj.suzhou.gov.cn/szsylj/zygk/202502/c39761b4712441d9af389bf1cf5b1098/files/25574bf72502405aa8e3fff2c781aedf.docx
姑苏区-平190,姑苏区,平190,榉树,Zelkova serrata (Thunb.) Makino,191,16.5,230,21.5,大儒中心小学,三级,31.302932,120.616823,地区级示意,https://ylj.suzhou.gov.cn/szsylj/zygk/202502/c39761b4712441d9af389bf1cf5b1098.shtml,https://ylj.suzhou.gov.cn/szsylj/zygk/202502/c39761b4712441d9af389bf1cf5b1098/files/25574bf72502405aa8e3fff2c781aedf.docx
姑苏区-平191,姑苏区,平191,罗汉松,Podocarpus macrophyllus (Thunb.) Sweet,191,9.6,125,5.2,观东小区,三级,31.297951,120.605263,地区级示意,https://ylj.suzhou.gov.cn/szsylj/zygk/202502/c39761b4712441d9af389bf1cf5b1098.shtml,https://ylj.suzhou.gov.cn/szsylj/zygk/202502/c39761b4712441d9af389bf1cf5b1098/files/25574bf72502405aa8e3fff2c781aedf.docx
姑苏区-平192,姑苏区,平192,黄杨,Buxus sinica (Rehder & E. H. Wilson) M. Cheng,551,9,125,6.4,兰亭苑47号,一级,31.314438,120.632103,地区级示意,https://ylj.suzhou.gov.cn/szsylj/zygk/202502/c39761b4712441d9af389bf1cf5b1098.shtml,https://ylj.suzhou.gov.cn/szsylj/zygk/202502/c39761b4712441d9af389bf1cf5b1098/files/25574bf72502405aa8e3fff2c781aedf.docx
姑苏区-平193,姑苏区,平193,黄杨,Buxus sinica (Rehder & E. H. Wilson) M. Cheng,171,5.6,102,5.5,曹胡徐巷69号,三级,31.321244,120.636285,地区级示意,https://ylj.suzhou.gov.cn/szsylj/zygk/202502/c39761b4712441d9af389bf1cf5b1098.shtml,https://ylj.suzhou.gov.cn/szsylj/zygk/202502/c39761b4712441d9af389bf1cf5b1098/files/25574bf72502405aa8e3fff2c781aedf.docx
姑苏区-平194,姑苏区,平194,银杏,Ginkgo biloba L.,121,20,143,5.5,兰亭苑47号,三级,31.342944,120.610231,地区级示意,https://ylj.suzhou.gov.cn/szsylj/zygk/202502/c39761b4712441d9af389bf1cf5b1098.shtml,https://ylj.suzhou.gov.cn/szsylj/zygk/202502/c39761b4712441d9af389bf1cf5b1098/files/25574bf72502405aa8e3fff2c781aedf.docx
姑苏区-平195,姑苏区,平195,黄杨,Buxus sinica (Rehder & E. H .Wilson) M. Cheng,151,10.9,64,5.5,白塔东路60号,三级,31.322048,120.619341,地区级示意,https://ylj.suzhou.gov.cn/szsylj/zygk/202502/c39761b4712441d9af389bf1cf5b1098.shtml,https://ylj.suzhou.gov.cn/szsylj/zygk/202502/c39761b4712441d9af389bf1cf5b1098/files/25574bf72502405aa8e3fff2c781aedf.docx
姑苏区-平197,姑苏区,平197,紫藤,Wisteria sinensis (Sims) Sweet,551,4.3,47,5.2,白塔东路60号,一级,31.319151,120.645337,地区级示意,https://ylj.suzhou.gov.cn/szsylj/zygk/202502/c39761b4712441d9af389bf1cf5b1098.shtml,https://ylj.suzhou.gov.cn/szsylj/zygk/202502/c39761b4712441d9af389bf1cf5b1098/files/25574bf72502405aa8e3fff2c781aedf.docx
姑苏区-平198,姑苏区,平198,枸骨,Ilex cornuta Lindl. & Paxton,211,5.5,62,5.4,白塔东路60号,三级,31.295473,120.632215,地区级示意,https://ylj.suzhou.gov.cn/szsylj/zygk/202502/c39761b4712441d9af389bf1cf5b1098.shtml,https://ylj.suzhou.gov.cn/szsylj/zygk/202502/c39761b4712441d9af389bf1cf5b1098/files/25574bf72502405aa8e3fff2c781aedf.docx
姑苏区-平199,姑苏区,平199,广玉兰,Magnolia grandiflora L.,121,16.3,162,9.5,白塔东路60号,三级,31.295962,120.603102,地区级示意,https://ylj.suzhou.gov.cn/szsylj/zygk/202502/c39761b4712441d9af389bf1cf5b1098.shtml,https://ylj.suzhou.gov.cn/szsylj/zygk/202502/c39761b4712441d9af389bf1cf5b1098/files/25574bf72502405aa8e3fff2c781aedf.docx
姑苏区-平201,姑苏区,平201,黄杨,Buxus sinica (Rehder & E. H. Wilson) M. Cheng,121,7,64,4.5,颜家巷26号,三级,31.307361,120.644541,地区级示意,https://ylj.suzhou.gov.cn/szsylj/zygk/202502/c39761b4712441d9af389bf1cf5b1098.shtml,https://ylj.suzhou.gov.cn/szsylj/zygk/202502/c39761b4712441d9af389bf1cf5b1098/files/25574bf72502405aa8e3fff2c781aedf.docx
姑苏区-平202,姑苏区,平202,圆柏,Juniperus chinensis Roxb.,251,10,69,4.4,钮家巷2号,三级,31.294918,120.589448,地区级示意,https://ylj.suzhou.gov.cn/szsylj/zygk/202502/c39761b4712441d9af389bf1cf5b1098.shtml,https://ylj.suzhou.gov.cn/szsylj/zygk/202502/c39761b4712441d9af389bf1cf5b1098/files/25574bf72502405aa8e3fff2c781aedf.docx
姑苏区-平203,姑苏区,平203,龙柏,Juniperus chinensis 'Kaizuca',151,10,105,6.5,钮家巷2号,三级,31.313575,120.653093,地区级示意,https://ylj.suzhou.gov.cn/szsylj/zygk/202502/c39761b4712441d9af389bf1cf5b1098.shtml,https://ylj.suzhou.gov.cn/szsylj/zygk/202502/c39761b4712441d9af389bf1cf5b1098/files/25574bf72502405aa8e3fff2c781aedf.docx
姑苏区-平204,姑苏区,平204,龙柏,Juniperus chinensis 'Kaizuca',151,12,103,7.5,钮家巷2号,三级,31.307451,120.615919,地区级示意,https://ylj.suzhou.gov.cn/szsylj/zygk/202502/c39761b4712441d9af389bf1cf5b1098.shtml,https://ylj.suzhou.gov.cn/szsylj/zygk/202502/c39761b4712441d9af389bf1cf5b1098/files/25574bf72502405aa8e3fff2c781aedf.docx
姑苏区-平205,姑苏区,平205,榉树,Zelkova serrata (Thunb.) Makino,121,19.8,230,10.1,建新巷29号,三级,31.324139,120.637716,地区级示意,https://ylj.suzhou.gov.cn/szsylj/zygk/202502/c39761b4712441d9af389bf1cf5b1098.shtml,https://ylj.suzhou.gov.cn/szsylj/zygk/202502/c39761b4712441d9af389bf1cf5b1098/files/25574bf72502405aa8e3fff2c781aedf.docx
姑苏区-平206,姑苏区,平206,罗汉松,Podocarpus macrophyllus (Thunb.) Sweet,221,6.6,94,5.5,建新巷30号,三级,31.309117,120.587149,地区级示意,https://ylj.suzhou.gov.cn/szsylj/zygk/202502/c39761b4712441d9af389bf1cf5b1098.shtml,https://ylj.suzhou.gov.cn/szsylj/zygk/202502/c39761b4712441d9af389bf1cf5b1098/files/25574bf72502405aa8e3fff2c781aedf.docx
姑苏区-平207,姑苏区,平207,白皮松,Pinus bungeana Zucc. ex Endl.,151,22.5,140,12.7,肖家巷55号,三级,31.319027,120.594465,地区级示意,https://ylj.suzhou.gov.cn/szsylj/zygk/202502/c39761b4712441d9af389bf1cf5b1098.shtml,https://ylj.suzhou.gov.cn/szsylj/zygk/202502/c39761b4712441d9af389bf1cf5b1098/files/25574bf72502405aa8e3fff2c781aedf.docx
姑苏区-平209,姑苏区,平209,紫薇,Lagerstroemia indica L.,231,6.3,103,7.6,卫道观前民生里9号,三级,31.304899,120.619688,地区级示意,https://ylj.suzhou.gov.cn/szsylj/zygk/202502/c39761b4712441d9af389bf1cf5b1098.shtml,https://ylj.suzhou.gov.cn/szsylj/zygk/202502/c39761b4712441d9af389bf1cf5b1098/files/25574bf72502405aa8e3fff2c781aedf.docx
姑苏区-平210,姑苏区,平210,龙柏,Juniperus chinensis 'Kaizuca',171,13.8,119,6.5,混堂巷1号,三级,31.312234,120.615099,地区级示意,https://ylj.suzhou.gov.cn/szsylj/zygk/202502/c39761b4712441d9af389bf1cf5b1098.shtml,https://ylj.suzhou.gov.cn/szsylj/zygk/202502/c39761b4712441d9af389bf1cf5b1098/files/25574bf72502405aa8e3fff2c781aedf.docx
姑苏区-平211,姑苏区,平211,柿,Diospyros kaki Thunb.,121,9.2,146,7.5,墨客园（大新桥巷10号）,三级,31.329169,120.622551,地区级示意,https://ylj.suzhou.gov.cn/szsylj/zygk/202502/c39761b4712441d9af389bf1cf5b1098.shtml,https://ylj.suzhou.gov.cn/szsylj/zygk/202502/c39761b4712441d9af389bf1cf5b1098/files/25574bf72502405aa8e3fff2c781aedf.docx
姑苏区-平212,姑苏区,平212,黄杨,Buxus sinica (Rehder & E. H. Wilson) M. Cheng,131,6.2,62,3.7,大柳枝巷13号,三级,31.332362,120.593701,地区级示意,https://ylj.suzhou.gov.cn/szsylj/zygk/202502/c39761b4712441d9af389bf1cf5b1098.shtml,https://ylj.suzhou.gov.cn/szsylj/zygk/202502/c39761b4712441d9af389bf1cf5b1098/files/25574bf72502405aa8e3fff2c781aedf.docx
姑苏区-平213,姑苏区,平213,木樨,Osmanthus fragrans (Thunb.) Lour.,121,5.2,75,5.5,大柳枝巷13号,三级,31.332943,120.587296,地区级示意,https://ylj.suzhou.gov.cn/szsylj/zygk/202502/c39761b4712441d9af389bf1cf5b1098.shtml,https://ylj.suzhou.gov.cn/szsylj/zygk/202502/c39761b4712441d9af389bf1cf5b1098/files/25574bf72502405aa8e3fff2c781aedf.docx
姑苏区-平214,姑苏区,平214,龙柏,Juniperus chinensis 'Kaizuca',151,6.6,70,4.3,胡相思巷22号,三级,31.325177,120.611988,地区级示意,https://ylj.suzhou.gov.cn/szsylj/zygk/202502/c39761b4712441d9af389bf1cf5b1098.shtml,https://ylj.suzhou.gov.cn/szsylj/zygk/202502/c39761b4712441d9af389bf1cf5b1098/files/25574bf72502405aa8e3fff2c781aedf.docx
姑苏区-平215,姑苏区,平215,木樨,Osmanthus fragrans (Thunb.) Lour.,121,6,71,5,北寺塔,三级,31.315538,120.60498,地区级示意,https://ylj.suzhou.gov.cn/szsylj/zygk/202502/c39761b4712441d9af389bf1cf5b1098.shtml,https://ylj.suzhou.gov.cn/szsylj/zygk/202502/c39761b4712441d9af389bf1cf5b1098/files/25574bf72502405aa8e3fff2c781aedf.docx
姑苏区-平216,姑苏区,平216,木樨,Osmanthus fragrans (Thunb.) Lour.,121,7,81,5,北寺塔,三级,31.336294,120.611909,地区级示意,https://ylj.suzhou.gov.cn/szsylj/zygk/202502/c39761b4712441d9af389bf1cf5b1098.shtml,https://ylj.suzhou.gov.cn/szsylj/zygk/202502/c39761b4712441d9af389bf1cf5b1098/files/25574bf72502405aa8e3fff2c781aedf.docx
姑苏区-平217,姑苏区,平217,木樨,Osmanthus fragrans (Thunb.) Lour.,121,6,79,5,北寺塔,三级,31.328082,120.609366,地区级示意,https://ylj.suzhou.gov.cn/szsylj/zygk/202502/c39761b4712441d9af389bf1cf5b1098.shtml,https://ylj.suzhou.gov.cn/szsylj/zygk/202502/c39761b4712441d9af389bf1cf5b1098/files/25574bf72502405aa8e3fff2c781aedf.docx
姑苏区-平218,姑苏区,平218,木樨,Osmanthus fragrans (Thunb.) Lour.,121,7,82,5,北寺塔,三级,31.325253,120.624132,地区级示意,https://ylj.suzhou.gov.cn/szsylj/zygk/202502/c39761b4712441d9af389bf1cf5b1098.shtml,https://ylj.suzhou.gov.cn/szsylj/zygk/202502/c39761b4712441d9af389bf1cf5b1098/files/25574bf72502405aa8e3fff2c781aedf.docx
姑苏区-平219,姑苏区,平219,女贞,Ligustrum lucidum W. T. Aiton,123,13.1,163,10.9,苏州市第一初级中学校,三级,31.328471,120.635572,地区级示意,https://ylj.suzhou.gov.cn/szsylj/zygk/202502/c39761b4712441d9af389bf1cf5b1098.shtml,https://ylj.suzhou.gov.cn/szsylj/zygk/202502/c39761b4712441d9af389bf1cf5b1098/files/25574bf72502405aa8e3fff2c781aedf.docx
姑苏区-平221,姑苏区,平221,香樟,Camphora officinarum Nees,180,17.6,374,17.3,朴园,三级,31.334933,120.623665,地区级示意,https://ylj.suzhou.gov.cn/szsylj/zygk/202502/c39761b4712441d9af389bf1cf5b1098.shtml,https://ylj.suzhou.gov.cn/szsylj/zygk/202502/c39761b4712441d9af389bf1cf5b1098/files/25574bf72502405aa8e3fff2c781aedf.docx
姑苏区-平222,姑苏区,平222,黄杨,Buxus sinica (Rehder & E. H. Wilson) M. Cheng,138,5.6,100,9,朴园,三级,31.295668,120.64909,地区级示意,https://ylj.suzhou.gov.cn/szsylj/zygk/202502/c39761b4712441d9af389bf1cf5b1098.shtml,https://ylj.suzhou.gov.cn/szsylj/zygk/202502/c39761b4712441d9af389bf1cf5b1098/files/25574bf72502405aa8e3fff2c781aedf.docx
姑苏区-平223,姑苏区,平223,白皮松,Pinus bungeana Zucc. ex Endl.,176,7.8,197,7,苏州市刺绣研究所（环秀山庄）,三级,31.319862,120.635256,地区级示意,https://ylj.suzhou.gov.cn/szsylj/zygk/202502/c39761b4712441d9af389bf1cf5b1098.shtml,https://ylj.suzhou.gov.cn/szsylj/zygk/202502/c39761b4712441d9af389bf1cf5b1098/files/25574bf72502405aa8e3fff2c781aedf.docx
姑苏区-平224,姑苏区,平224,木香花,Rosa banksiae Aiton,137,2,60,4.9,三茅观巷14号,三级,31.301971,120.624647,地区级示意,https://ylj.suzhou.gov.cn/szsylj/zygk/202502/c39761b4712441d9af389bf1cf5b1098.shtml,https://ylj.suzhou.gov.cn/szsylj/zygk/202502/c39761b4712441d9af389bf1cf5b1098/files/25574bf72502405aa8e3fff2c781aedf.docx
姑苏区-平225,姑苏区,平225,银杏,Ginkgo biloba L.,118,17,160,7.7,阊门饭店,三级,31.304487,120.596635,地区级示意,https://ylj.suzhou.gov.cn/szsylj/zygk/202502/c39761b4712441d9af389bf1cf5b1098.shtml,https://ylj.suzhou.gov.cn/szsylj/zygk/202502/c39761b4712441d9af389bf1cf5b1098/files/25574bf72502405aa8e3fff2c781aedf.docx
姑苏区-平226,姑苏区,平226,木樨,Osmanthus fragrans (Thunb.) Lour.,140,6.5,109,8.2,阊门饭店,三级,31.295068,120.635743,地区级示意,https://ylj.suzhou.gov.cn/szsylj/zygk/202502/c39761b4712441d9af389bf1cf5b1098.shtml,https://ylj.suzhou.gov.cn/szsylj/zygk/202502/c39761b4712441d9af389bf1cf5b1098/files/25574bf72502405aa8e3fff2c781aedf.docx
姑苏区-平227,姑苏区,平227,朴树,Celtis sinensis Pers.,129,18.6,291,14.8,阊门饭店,三级,31.321774,120.605987,地区级示意,https://ylj.suzhou.gov.cn/szsylj/zygk/202502/c39761b4712441d9af389bf1cf5b1098.shtml,https://ylj.suzhou.gov.cn/szsylj/zygk/202502/c39761b4712441d9af389bf1cf5b1098/files/25574bf72502405aa8e3fff2c781aedf.docx
姑苏区-平228,姑苏区,平228,腊梅,Chimonanthus praecox (L.) Link,123,4.2,211,5.8,阊门饭店,三级,31.307579,120.597575,地区级示意,https://ylj.suzhou.gov.cn/szsylj/zygk/202502/c39761b4712441d9af389bf1cf5b1098.shtml,https://ylj.suzhou.gov.cn/szsylj/zygk/202502/c39761b4712441d9af389bf1cf5b1098/files/25574bf72502405aa8e3fff2c781aedf.docx
姑苏区-平229,姑苏区,平229,木樨,Osmanthus fragrans (Thunb.) Lour.,180,6,145,5.4,阊门饭店,三级,31.303487,120.638116,地区级示意,https://ylj.suzhou.gov.cn/szsylj/zygk/202502/c39761b4712441d9af389bf1cf5b1098.shtml,https://ylj.suzhou.gov.cn/szsylj/zygk/202502/c39761b4712441d9af389bf1cf5b1098/files/25574bf72502405aa8e3fff2c781aedf.docx
姑苏区-平230,姑苏区,平230,黄杨,Buxus sinica (Rehder & E. H. Wilson) M. Cheng,133,5.4,137,8,慕园（富仁坊72-1/2号）,三级,31.299955,120.630543,地区级示意,https://ylj.suzhou.gov.cn/szsylj/zygk/202502/c39761b4712441d9af389bf1cf5b1098.shtml,https://ylj.suzhou.gov.cn/szsylj/zygk/202502/c39761b4712441d9af389bf1cf5b1098/files/25574bf72502405aa8e3fff2c781aedf.docx
姑苏区-平231,姑苏区,平231,朴树,Celtis sinensis Pers.,110,14.6,192,14,平江路120号,三级,31.325917,120.610881,地区级示意,https://ylj.suzhou.gov.cn/szsylj/zygk/202502/c39761b4712441d9af389bf1cf5b1098.shtml,https://ylj.suzhou.gov.cn/szsylj/zygk/202502/c39761b4712441d9af389bf1cf5b1098/files/25574bf72502405aa8e3fff2c781aedf.docx
姑苏区-平232,姑苏区,平232,木樨,Osmanthus fragrans (Thunb.) Lour.,115,7.5,88,5.4,混堂巷1号,三级,31.316528,120.649815,地区级示意,https://ylj.suzhou.gov.cn/szsylj/zygk/202502/c39761b4712441d9af389bf1cf5b1098.shtml,https://ylj.suzhou.gov.cn/szsylj/zygk/202502/c39761b4712441d9af389bf1cf5b1098/files/25574bf72502405aa8e3fff2c781aedf.docx
姑苏区-平233,姑苏区,平233,朴树,Celtis sinensis Pers.,113,14.6,198,11.2,苏州市第一初级中学校,三级,31.301363,120.625323,地区级示意,https://ylj.suzhou.gov.cn/szsylj/zygk/202502/c39761b4712441d9af389bf1cf5b1098.shtml,https://ylj.suzhou.gov.cn/szsylj/zygk/202502/c39761b4712441d9af389bf1cf5b1098/files/25574bf72502405aa8e3fff2c781aedf.docx
姑苏区-平234,姑苏区,平234,罗汉松,Podocarpus macrophyllus (Thunb.) Sweet,115,7.9,247,5.7,苏州阀门厂,三级,31.341326,120.599178,地区级示意,https://ylj.suzhou.gov.cn/szsylj/zygk/202502/c39761b4712441d9af389bf1cf5b1098.shtml,https://ylj.suzhou.gov.cn/szsylj/zygk/202502/c39761b4712441d9af389bf1cf5b1098/files/25574bf72502405aa8e3fff2c781aedf.docx
姑苏区-平235,姑苏区,平235,龙柏,Juniperus chinensis 'Kaizuca',108,11.2,410,8.4,苏州阀门厂,三级,31.329417,120.604506,地区级示意,https://ylj.suzhou.gov.cn/szsylj/zygk/202502/c39761b4712441d9af389bf1cf5b1098.shtml,https://ylj.suzhou.gov.cn/szsylj/zygk/202502/c39761b4712441d9af389bf1cf5b1098/files/25574bf72502405aa8e3fff2c781aedf.docx
姑苏区-平236,姑苏区,平236,圆柏,Juniperus chinensis Roxb.,112,14.3,337,6.6,苏州阀门厂,三级,31.305118,120.605656,地区级示意,https://ylj.suzhou.gov.cn/szsylj/zygk/202502/c39761b4712441d9af389bf1cf5b1098.shtml,https://ylj.suzhou.gov.cn/szsylj/zygk/202502/c39761b4712441d9af389bf1cf5b1098/files/25574bf72502405aa8e3fff2c781aedf.docx
姑苏区-平237,姑苏区,平237,银杏,Ginkgo biloba L.,111,14,244,8,苏州市刺绣研究所（环秀山庄）,三级,31.319499,120.620991,地区级示意,https://ylj.suzhou.gov.cn/szsylj/zygk/202502/c39761b4712441d9af389bf1cf5b1098.shtml,https://ylj.suzhou.gov.cn/szsylj/zygk/202502/c39761b4712441d9af389bf1cf5b1098/files/25574bf72502405aa8e3fff2c781aedf.docx
姑苏区-平238,姑苏区,平238,黄杨,Buxus sinica (Rehder & E. H. Wilson) M. Cheng,109,5,64,5.9,阊门饭店,三级,31.325364,120.640683,地区级示意,https://ylj.suzhou.gov.cn/szsylj/zygk/202502/c39761b4712441d9af389bf1cf5b1098.shtml,https://ylj.suzhou.gov.cn/szsylj/zygk/202502/c39761b4712441d9af389bf1cf5b1098/files/25574bf72502405aa8e3fff2c781aedf.docx
姑苏区-平239,姑苏区,平239,银杏,Ginkgo biloba L.,112,15,156,7.4,阊门饭店,三级,31.320064,120.624385,地区级示意,https://ylj.suzhou.gov.cn/szsylj/zygk/202502/c39761b4712441d9af389bf1cf5b1098.shtml,https://ylj.suzhou.gov.cn/szsylj/zygk/202502/c39761b4712441d9af389bf1cf5b1098/files/25574bf72502405aa8e3fff2c781aedf.docx
姑苏区-平240,姑苏区,平240,榔榆,Ulmus parvifolia Jacq.,110,11,198,10,慕园（富仁坊72-1/2号）,三级,31.316596,120.602845,地区级示意,https://ylj.suzhou.gov.cn/szsylj/zygk/202502/c39761b4712441d9af389bf1cf5b1098.shtml,https://ylj.suzhou.gov.cn/szsylj/zygk/202502/c39761b4712441d9af389bf1cf5b1098/files/25574bf72502405aa8e3fff2c781aedf.docx
姑苏区-平241,姑苏区,平241,黄杨,Buxus sinica (Rehder & E. H. Wilson) M. Cheng,113,7,58,6,慕园（富仁坊72-1/2号）,三级,31.333643,120.623456,地区级示意,https://ylj.suzhou.gov.cn/szsylj/zygk/202502/c39761b4712441d9af389bf1cf5b1098.shtml,https://ylj.suzhou.gov.cn/szsylj/zygk/202502/c39761b4712441d9af389bf1cf5b1098/files/25574bf72502405aa8e3fff2c781aedf.docx
姑苏区-平242,姑苏区,平242,龙柏,Juniperus chinensis 'Kaizuca',112,9,134,6.5,廻龙阁9号,三级,31.314016,120.624285,地区级示意,https://ylj.suzhou.gov.cn/szsylj/zygk/202502/c39761b4712441d9af389bf1cf5b1098.shtml,https://ylj.suzhou.gov.cn/szsylj/zygk/202502/c39761b4712441d9af389bf1cf5b1098/files/25574bf72502405aa8e3fff2c781aedf.docx
姑苏区-平244,姑苏区,平244,黄杨,Buxus sinica (Rehder & E. H. Wilson) M. Cheng,106,5.8,54,4.1,平江华府酒店（箓葭巷88号）,三级,31.297188,120.622733,地区级示意,https://ylj.suzhou.gov.cn/szsylj/zygk/202502/c39761b4712441d9af389bf1cf5b1098.shtml,https://ylj.suzhou.gov.cn/szsylj/zygk/202502/c39761b4712441d9af389bf1cf5b1098/files/25574bf72502405aa8e3fff2c781aedf.docx
姑苏区-平245,姑苏区,平245,糙叶树,Aphananthe aspera (Thunb.) Planch.,106,19.3,183,15.3,西花桥巷11号,三级,31.319989,120.607613,地区级示意,https://ylj.suzhou.gov.cn/szsylj/zygk/202502/c39761b4712441d9af389bf1cf5b1098.shtml,https://ylj.suzhou.gov.cn/szsylj/zygk/202502/c39761b4712441d9af389bf1cf5b1098/files/25574bf72502405aa8e3fff2c781aedf.docx
姑苏区-平249,姑苏区,平249,广玉兰,Magnolia grandiflora L.,106,17,212,14.5,花驳岸22、26、32号拐角,三级,31.33793,120.593086,地区级示意,https://ylj.suzhou.gov.cn/szsylj/zygk/202502/c39761b4712441d9af389bf1cf5b1098.shtml,https://ylj.suzhou.gov.cn/szsylj/zygk/202502/c39761b4712441d9af389bf1cf5b1098/files/25574bf72502405aa8e3fff2c781aedf.docx
姑苏区-平251,姑苏区,平251,单体红山茶,Camellia uraku (Mak.) Kitamura,112,3.5,57,3,城东中心小学,三级,31.342838,120.639208,地区级示意,https://ylj.suzhou.gov.cn/szsylj/zygk/202502/c39761b4712441d9af389bf1cf5b1098.shtml,https://ylj.suzhou.gov.cn/szsylj/zygk/202502/c39761b4712441d9af389bf1cf5b1098/files/25574bf72502405aa8e3fff2c781aedf.docx
姑苏区-平252,姑苏区,平252,木樨,Osmanthus fragrans (Thunb.) Lour.,113,7,75,4.6,城东中心小学,三级,31.317132,120.643761,地区级示意,https://ylj.suzhou.gov.cn/szsylj/zygk/202502/c39761b4712441d9af389bf1cf5b1098.shtml,https://ylj.suzhou.gov.cn/szsylj/zygk/202502/c39761b4712441d9af389bf1cf5b1098/files/25574bf72502405aa8e3fff2c781aedf.docx
姑苏区-平253,姑苏区,平253,木樨,Osmanthus fragrans (Thunb.) Lour.,163,8,108,7.6,城东中心小学,三级,31.294361,120.61205,地区级示意,https://ylj.suzhou.gov.cn/szsylj/zygk/202502/c39761b4712441d9af389bf1cf5b1098.shtml,https://ylj.suzhou.gov.cn/szsylj/zygk/202502/c39761b4712441d9af389bf1cf5b1098/files/25574bf72502405aa8e3fff2c781aedf.docx
姑苏区-平254,姑苏区,平254,朴树,Celtis sinensis Pers.,113,15.6,57,10.4,城东中心小学,三级,31.293207,120.61202,地区级示意,https://ylj.suzhou.gov.cn/szsylj/zygk/202502/c39761b4712441d9af389bf1cf5b1098.shtml,https://ylj.suzhou.gov.cn/szsylj/zygk/202502/c39761b4712441d9af389bf1cf5b1098/files/25574bf72502405aa8e3fff2c781aedf.docx
姑苏区-平255,姑苏区,平255,黄杨,Buxus sinica (Rehder & E. H. Wilson) M. Cheng,133,8,74,3.6,西花桥巷17号,三级,31.323977,120.59578,地区级示意,https://ylj.suzhou.gov.cn/szsylj/zygk/202502/c39761b4712441d9af389bf1cf5b1098.shtml,https://ylj.suzhou.gov.cn/szsylj/zygk/202502/c39761b4712441d9af389bf1cf5b1098/files/25574bf72502405aa8e3fff2c781aedf.docx
姑苏区-平256,姑苏区,平256,黄杨,Buxus sinica (Rehder & E. H. Wilson) M. Cheng,132,5,74,3.6,马大箓巷37号,三级,31.32429,120.641541,地区级示意,https://ylj.suzhou.gov.cn/szsylj/zygk/202502/c39761b4712441d9af389bf1cf5b1098.shtml,https://ylj.suzhou.gov.cn/szsylj/zygk/202502/c39761b4712441d9af389bf1cf5b1098/files/25574bf72502405aa8e3fff2c781aedf.docx
姑苏区-平257,姑苏区,平257,龙柏,Juniperus chinensis 'Kaizuca',132,10.1,421,9,苏州阀门厂,三级,31.312704,120.607167,地区级示意,https://ylj.suzhou.gov.cn/szsylj/zygk/202502/c39761b4712441d9af389bf1cf5b1098.shtml,https://ylj.suzhou.gov.cn/szsylj/zygk/202502/c39761b4712441d9af389bf1cf5b1098/files/25574bf72502405aa8e3fff2c781aedf.docx
姑苏区-平258,姑苏区,平258,广玉兰,Magnolia grandiflora L.,112,15.2,286,7.7,学士林小区,三级,31.2985,120.595727,地区级示意,https://ylj.suzhou.gov.cn/szsylj/zygk/202502/c39761b4712441d9af389bf1cf5b1098.shtml,https://ylj.suzhou.gov.cn/szsylj/zygk/202502/c39761b4712441d9af389bf1cf5b1098/files/25574bf72502405aa8e3fff2c781aedf.docx
姑苏区-平259,姑苏区,平259,罗汉松,Podocarpus macrophyllus (Thunb.) Sweet,112,6.7,115,5.2,庙堂巷10号,三级,31.308667,120.595455,地区级示意,https://ylj.suzhou.gov.cn/szsylj/zygk/202502/c39761b4712441d9af389bf1cf5b1098.shtml,https://ylj.suzhou.gov.cn/szsylj/zygk/202502/c39761b4712441d9af389bf1cf5b1098/files/25574bf72502405aa8e3fff2c781aedf.docx
姑苏区-平260,姑苏区,平260,石榴,Punica granatum L.,112,4,83,4.5,马大箓巷37号,三级,31.31138,120.639192,地区级示意,https://ylj.suzhou.gov.cn/szsylj/zygk/202502/c39761b4712441d9af389bf1cf5b1098.shtml,https://ylj.suzhou.gov.cn/szsylj/zygk/202502/c39761b4712441d9af389bf1cf5b1098/files/25574bf72502405aa8e3fff2c781aedf.docx
姑苏区-平261,姑苏区,平261,石榴,Punica granatum L.,112,3,90,4.9,马大箓巷37号,三级,31.332868,120.632105,地区级示意,https://ylj.suzhou.gov.cn/szsylj/zygk/202502/c39761b4712441d9af389bf1cf5b1098.shtml,https://ylj.suzhou.gov.cn/szsylj/zygk/202502/c39761b4712441d9af389bf1cf5b1098/files/25574bf72502405aa8e3fff2c781aedf.docx
姑苏区-平263,姑苏区,平263,木樨,Osmanthus fragrans (Thunb.) Lour.,106,4.6,94,3.5,肖家巷15号艾步蟾故居,三级,31.324323,120.583704,地区级示意,https://ylj.suzhou.gov.cn/szsylj/zygk/202502/c39761b4712441d9af389bf1cf5b1098.shtml,https://ylj.suzhou.gov.cn/szsylj/zygk/202502/c39761b4712441d9af389bf1cf5b1098/files/25574bf72502405aa8e3fff2c781aedf.docx
姑苏区-平264,姑苏区,平264,榆,Ulmus pumila L.,106,15,251,9.8,阊门下塘13号,三级,31.287413,120.633924,地区级示意,https://ylj.suzhou.gov.cn/szsylj/zygk/202502/c39761b4712441d9af389bf1cf5b1098.shtml,https://ylj.suzhou.gov.cn/szsylj/zygk/202502/c39761b4712441d9af389bf1cf5b1098/files/25574bf72502405aa8e3fff2c781aedf.docx
姑苏区-平265,姑苏区,平265,榉树,Zelkova serrata (Thunb.) Makino,126,16.3,21,10.7,纽家巷东大院1号,三级,31.303442,120.626249,地区级示意,https://ylj.suzhou.gov.cn/szsylj/zygk/202502/c39761b4712441d9af389bf1cf5b1098.shtml,https://ylj.suzhou.gov.cn/szsylj/zygk/202502/c39761b4712441d9af389bf1cf5b1098/files/25574bf72502405aa8e3fff2c781aedf.docx
姑苏区-平266,姑苏区,平266,黄杨,Buxus sinica (Rehder & E. H. Wilson) M. Cheng,126,8.6,81,3.8,平江路236号,三级,31.309083,120.624965,地区级示意,https://ylj.suzhou.gov.cn/szsylj/zygk/202502/c39761b4712441d9af389bf1cf5b1098.shtml,https://ylj.suzhou.gov.cn/szsylj/zygk/202502/c39761b4712441d9af389bf1cf5b1098/files/25574bf72502405aa8e3fff2c781aedf.docx
姑苏区-平267,姑苏区,平267,黄杨,Buxus sinica (Rehder & E. H. Wilson) M. Cheng,126,7,75,4,传芳巷31号,三级,31.330725,120.639899,地区级示意,https://ylj.suzhou.gov.cn/szsylj/zygk/202502/c39761b4712441d9af389bf1cf5b1098.shtml,https://ylj.suzhou.gov.cn/szsylj/zygk/202502/c39761b4712441d9af389bf1cf5b1098/files/25574bf72502405aa8e3fff2c781aedf.docx
姑苏区-平268,姑苏区,平268,香樟,Camphora officinarum Nees,106,20.3,266,10.3,谢衙前三中内健身房北,三级,31.337736,120.620684,地区级示意,https://ylj.suzhou.gov.cn/szsylj/zygk/202502/c39761b4712441d9af389bf1cf5b1098.shtml,https://ylj.suzhou.gov.cn/szsylj/zygk/202502/c39761b4712441d9af389bf1cf5b1098/files/25574bf72502405aa8e3fff2c781aedf.docx
姑苏区-平269,姑苏区,平269,香樟,Camphora officinarum Nees,106,15.3,267,10.6,谢衙前三中内健身房北,三级,31.314958,120.637855,地区级示意,https://ylj.suzhou.gov.cn/szsylj/zygk/202502/c39761b4712441d9af389bf1cf5b1098.shtml,https://ylj.suzhou.gov.cn/szsylj/zygk/202502/c39761b4712441d9af389bf1cf5b1098/files/25574bf72502405aa8e3fff2c781aedf.docx
姑苏区-平270,姑苏区,平270,黄杨,Buxus sinica (Rehder & E. H. Wilson) M. Cheng,106,5.1,69,4.3,尚堂弄迎晓里（平江路）,三级,31.33004,120.607931,地区级示意,https://ylj.suzhou.gov.cn/szsylj/zygk/202502/c39761b4712441d9af389bf1cf5b1098.shtml,https://ylj.suzhou.gov.cn/szsylj/zygk/202502/c39761b4712441d9af389bf1cf5b1098/files/25574bf72502405aa8e3fff2c781aedf.docx
姑苏区-平271,姑苏区,平271,朴树,Celtis sinensis Pers.,100,10.2,218,11.2,齐门路118号,三级,31.291399,120.598907,地区级示意,https://ylj.suzhou.gov.cn/szsylj/zygk/202502/c39761b4712441d9af389bf1cf5b1098.shtml,https://ylj.suzhou.gov.cn/szsylj/zygk/202502/c39761b4712441d9af389bf1cf5b1098/files/25574bf72502405aa8e3fff2c781aedf.docx
姑苏区-金310,姑苏区,金310,朴树,Celtis sinensis Pers.,151,18,240,12.8,山塘街762号,三级,31.327245,120.633424,地区级示意,https://ylj.suzhou.gov.cn/szsylj/zygk/202502/c39761b4712441d9af389bf1cf5b1098.shtml,https://ylj.suzhou.gov.cn/szsylj/zygk/202502/c39761b4712441d9af389bf1cf5b1098/files/25574bf72502405aa8e3fff2c781aedf.docx
姑苏区-金313,姑苏区,金313,银杏,Ginkgo biloba L.,121,12,157,7.5,普济桥下塘4号,三级,31.311781,120.601081,地区级示意,https://ylj.suzhou.gov.cn/szsylj/zygk/202502/c39761b4712441d9af389bf1cf5b1098.shtml,https://ylj.suzhou.gov.cn/szsylj/zygk/202502/c39761b4712441d9af389bf1cf5b1098/files/25574bf72502405aa8e3fff2c781aedf.docx
姑苏区-金314,姑苏区,金314,白皮松,Pinus bungeana Zucc. ex Endl.,121,12,134,10,普济桥下塘4号,三级,31.334318,120.631816,地区级示意,https://ylj.suzhou.gov.cn/szsylj/zygk/202502/c39761b4712441d9af389bf1cf5b1098.shtml,https://ylj.suzhou.gov.cn/szsylj/zygk/202502/c39761b4712441d9af389bf1cf5b1098/files/25574bf72502405aa8e3fff2c781aedf.docx
姑苏区-金315,姑苏区,金315,银杏,Ginkgo biloba L.,201,18,241,9,来凤桥下塘北堍东岸,三级,31.305131,120.633749,地区级示意,https://ylj.suzhou.gov.cn/szsylj/zygk/202502/c39761b4712441d9af389bf1cf5b1098.shtml,https://ylj.suzhou.gov.cn/szsylj/zygk/202502/c39761b4712441d9af389bf1cf5b1098/files/25574bf72502405aa8e3fff2c781aedf.docx
姑苏区-金316,姑苏区,金316,银杏,Ginkgo biloba L.,201,20,256,11.5,来凤桥下塘北堍东岸,三级,31.305138,120.639211,地区级示意,https://ylj.suzhou.gov.cn/szsylj/zygk/202502/c39761b4712441d9af389bf1cf5b1098.shtml,https://ylj.suzhou.gov.cn/szsylj/zygk/202502/c39761b4712441d9af389bf1cf5b1098/files/25574bf72502405aa8e3fff2c781aedf.docx
姑苏区-金317,姑苏区,金317,罗汉松,Podocarpus macrophyllus (Thunb.) Sweet,151,9,145,6.5,来凤桥下塘北堍东岸,三级,31.29031,120.638499,地区级示意,https://ylj.suzhou.gov.cn/szsylj/zygk/202502/c39761b4712441d9af389bf1cf5b1098.shtml,https://ylj.suzhou.gov.cn/szsylj/zygk/202502/c39761b4712441d9af389bf1cf5b1098/files/25574bf72502405aa8e3fff2c781aedf.docx
姑苏区-金318,姑苏区,金318,龙柏,Juniperus chinensis 'Kaizuca',141,10,151,7.8,苏州农业职业技术学院,三级,31.341323,120.640469,地区级示意,https://ylj.suzhou.gov.cn/szsylj/zygk/202502/c39761b4712441d9af389bf1cf5b1098.shtml,https://ylj.suzhou.gov.cn/szsylj/zygk/202502/c39761b4712441d9af389bf1cf5b1098/files/25574bf72502405aa8e3fff2c781aedf.docx
姑苏区-金319,姑苏区,金319,龙柏,Juniperus chinensis 'Kaizuca',141,9,170,8,苏州农业职业技术学院,三级,31.312522,120.627689,地区级示意,https://ylj.suzhou.gov.cn/szsylj/zygk/202502/c39761b4712441d9af389bf1cf5b1098.shtml,https://ylj.suzhou.gov.cn/szsylj/zygk/202502/c39761b4712441d9af389bf1cf5b1098/files/25574bf72502405aa8e3fff2c781aedf.docx
姑苏区-金320,姑苏区,金320,龙柏,Juniperus chinensis 'Kaizuca',141,12,147,10.5,苏州农业职业技术学院,三级,31.294218,120.621976,地区级示意,https://ylj.suzhou.gov.cn/szsylj/zygk/202502/c39761b4712441d9af389bf1cf5b1098.shtml,https://ylj.suzhou.gov.cn/szsylj/zygk/202502/c39761b4712441d9af389bf1cf5b1098/files/25574bf72502405aa8e3fff2c781aedf.docx
姑苏区-金321,姑苏区,金321,龙柏,Juniperus chinensis 'Kaizuca',141,10,132,9.5,苏州农业职业技术学院,三级,31.296256,120.648651,地区级示意,https://ylj.suzhou.gov.cn/szsylj/zygk/202502/c39761b4712441d9af389bf1cf5b1098.shtml,https://ylj.suzhou.gov.cn/szsylj/zygk/202502/c39761b4712441d9af389bf1cf5b1098/files/25574bf72502405aa8e3fff2c781aedf.docx
姑苏区-金322,姑苏区,金322,龙柏,Juniperus chinensis 'Kaizuca',141,10,158,6.2,苏州农业职业技术学院,三级,31.285418,120.602601,地区级示意,https://ylj.suzhou.gov.cn/szsylj/zygk/202502/c39761b4712441d9af389bf1cf5b1098.shtml,https://ylj.suzhou.gov.cn/szsylj/zygk/202502/c39761b4712441d9af389bf1cf5b1098/files/25574bf72502405aa8e3fff2c781aedf.docx
姑苏区-金324,姑苏区,金324,龙柏,Juniperus chinensis 'Kaizuca',121,8,119,6.3,苏州农业职业技术学院,三级,31.293118,120.63713,地区级示意,https://ylj.suzhou.gov.cn/szsylj/zygk/202502/c39761b4712441d9af389bf1cf5b1098.shtml,https://ylj.suzhou.gov.cn/szsylj/zygk/202502/c39761b4712441d9af389bf1cf5b1098/files/25574bf72502405aa8e3fff2c781aedf.docx
姑苏区-金325,姑苏区,金325,龙柏,Juniperus chinensis 'Kaizuca',121,9.5,122,9,苏州农业职业技术学院,三级,31.325707,120.605126,地区级示意,https://ylj.suzhou.gov.cn/szsylj/zygk/202502/c39761b4712441d9af389bf1cf5b1098.shtml,https://ylj.suzhou.gov.cn/szsylj/zygk/202502/c39761b4712441d9af389bf1cf5b1098/files/25574bf72502405aa8e3fff2c781aedf.docx
姑苏区-金326,姑苏区,金326,龙柏,Juniperus chinensis 'Kaizuca',121,10,134,7,苏州农业职业技术学院,三级,31.312987,120.632649,地区级示意,https://ylj.suzhou.gov.cn/szsylj/zygk/202502/c39761b4712441d9af389bf1cf5b1098.shtml,https://ylj.suzhou.gov.cn/szsylj/zygk/202502/c39761b4712441d9af389bf1cf5b1098/files/25574bf72502405aa8e3fff2c781aedf.docx
姑苏区-金327,姑苏区,金327,龙柏,Juniperus chinensis 'Kaizuca',121,11,136,7,苏州农业职业技术学院,三级,31.309186,120.58678,地区级示意,https://ylj.suzhou.gov.cn/szsylj/zygk/202502/c39761b4712441d9af389bf1cf5b1098.shtml,https://ylj.suzhou.gov.cn/szsylj/zygk/202502/c39761b4712441d9af389bf1cf5b1098/files/25574bf72502405aa8e3fff2c781aedf.docx
姑苏区-金329,姑苏区,金329,龙柏,Juniperus chinensis 'Kaizuca',121,10,119,6.5,苏州农业职业技术学院,三级,31.323492,120.586668,地区级示意,https://ylj.suzhou.gov.cn/szsylj/zygk/202502/c39761b4712441d9af389bf1cf5b1098.shtml,https://ylj.suzhou.gov.cn/szsylj/zygk/202502/c39761b4712441d9af389bf1cf5b1098/files/25574bf72502405aa8e3fff2c781aedf.docx
姑苏区-金330,姑苏区,金330,龙柏,Juniperus chinensis 'Kaizuca',121,8,193,6,苏州农业职业技术学院,三级,31.297587,120.587503,地区级示意,https://ylj.suzhou.gov.cn/szsylj/zygk/202502/c39761b4712441d9af389bf1cf5b1098.shtml,https://ylj.suzhou.gov.cn/szsylj/zygk/202502/c39761b4712441d9af389bf1cf5b1098/files/25574bf72502405aa8e3fff2c781aedf.docx
姑苏区-金331,姑苏区,金331,龙柏,Juniperus chinensis 'Kaizuca',121,8,111,7,苏州农业职业技术学院,三级,31.34439,120.623784,地区级示意,https://ylj.suzhou.gov.cn/szsylj/zygk/202502/c39761b4712441d9af389bf1cf5b1098.shtml,https://ylj.suzhou.gov.cn/szsylj/zygk/202502/c39761b4712441d9af389bf1cf5b1098/files/25574bf72502405aa8e3fff2c781aedf.docx
姑苏区-金332,姑苏区,金332,银杏,Ginkgo biloba L.,121,17,182,12,苏州农业职业技术学院,三级,31.315773,120.614865,地区级示意,https://ylj.suzhou.gov.cn/szsylj/zygk/202502/c39761b4712441d9af389bf1cf5b1098.shtml,https://ylj.suzhou.gov.cn/szsylj/zygk/202502/c39761b4712441d9af389bf1cf5b1098/files/25574bf72502405aa8e3fff2c781aedf.docx
姑苏区-金333,姑苏区,金333,银杏,Ginkgo biloba L.,121,17,168,12,苏州农业职业技术学院,三级,31.325982,120.625193,地区级示意,https://ylj.suzhou.gov.cn/szsylj/zygk/202502/c39761b4712441d9af389bf1cf5b1098.shtml,https://ylj.suzhou.gov.cn/szsylj/zygk/202502/c39761b4712441d9af389bf1cf5b1098/files/25574bf72502405aa8e3fff2c781aedf.docx
姑苏区-金334,姑苏区,金334,黄檀,Dalbergia hupeana Hance,121,16,136,13.5,苏州农业职业技术学院,三级,31.338599,120.613623,地区级示意,https://ylj.suzhou.gov.cn/szsylj/zygk/202502/c39761b4712441d9af389bf1cf5b1098.shtml,https://ylj.suzhou.gov.cn/szsylj/zygk/202502/c39761b4712441d9af389bf1cf5b1098/files/25574bf72502405aa8e3fff2c781aedf.docx
姑苏区-金335,姑苏区,金335,银杏,Ginkgo biloba L.,121,15,181,9,绣花弄3号,三级,31.309308,120.622248,地区级示意,https://ylj.suzhou.gov.cn/szsylj/zygk/202502/c39761b4712441d9af389bf1cf5b1098.shtml,https://ylj.suzhou.gov.cn/szsylj/zygk/202502/c39761b4712441d9af389bf1cf5b1098/files/25574bf72502405aa8e3fff2c781aedf.docx
姑苏区-金336,姑苏区,金336,银杏,Ginkgo biloba L.,121,15,226,9,绣花弄3号,三级,31.296943,120.619907,地区级示意,https://ylj.suzhou.gov.cn/szsylj/zygk/202502/c39761b4712441d9af389bf1cf5b1098.shtml,https://ylj.suzhou.gov.cn/szsylj/zygk/202502/c39761b4712441d9af389bf1cf5b1098/files/25574bf72502405aa8e3fff2c781aedf.docx
姑苏区-金337,姑苏区,金337,银杏,Ginkgo biloba L.,121,25,192,8.5,路西街32号,三级,31.341468,120.618033,地区级示意,https://ylj.suzhou.gov.cn/szsylj/zygk/202502/c39761b4712441d9af389bf1cf5b1098.shtml,https://ylj.suzhou.gov.cn/szsylj/zygk/202502/c39761b4712441d9af389bf1cf5b1098/files/25574bf72502405aa8e3fff2c781aedf.docx
姑苏区-金338,姑苏区,金338,银杏,Ginkgo biloba L.,121,27,183,15,路西街32号,三级,31.323491,120.612291,地区级示意,https://ylj.suzhou.gov.cn/szsylj/zygk/202502/c39761b4712441d9af389bf1cf5b1098.shtml,https://ylj.suzhou.gov.cn/szsylj/zygk/202502/c39761b4712441d9af389bf1cf5b1098/files/25574bf72502405aa8e3fff2c781aedf.docx
姑苏区-金339,姑苏区,金339,广玉兰,Magnolia grandiflora L.,141,16,330,11.5,潭子里58号,三级,31.330433,120.639143,地区级示意,https://ylj.suzhou.gov.cn/szsylj/zygk/202502/c39761b4712441d9af389bf1cf5b1098.shtml,https://ylj.suzhou.gov.cn/szsylj/zygk/202502/c39761b4712441d9af389bf1cf5b1098/files/25574bf72502405aa8e3fff2c781aedf.docx
姑苏区-金340,姑苏区,金340,广玉兰,Magnolia grandiflora L.,121,18,280,10.8,广济路238号,三级,31.319024,120.642291,地区级示意,https://ylj.suzhou.gov.cn/szsylj/zygk/202502/c39761b4712441d9af389bf1cf5b1098.shtml,https://ylj.suzhou.gov.cn/szsylj/zygk/202502/c39761b4712441d9af389bf1cf5b1098/files/25574bf72502405aa8e3fff2c781aedf.docx
姑苏区-金341,姑苏区,金341,银杏,Ginkgo biloba L.,121,12,128,5.5,北浩弄68号,三级,31.32455,120.59642,地区级示意,https://ylj.suzhou.gov.cn/szsylj/zygk/202502/c39761b4712441d9af389bf1cf5b1098.shtml,https://ylj.suzhou.gov.cn/szsylj/zygk/202502/c39761b4712441d9af389bf1cf5b1098/files/25574bf72502405aa8e3fff2c781aedf.docx
姑苏区-金342,姑苏区,金342,银杏,Ginkgo biloba L.,121,18,163,4.5,北浩弄68号,三级,31.30092,120.652742,地区级示意,https://ylj.suzhou.gov.cn/szsylj/zygk/202502/c39761b4712441d9af389bf1cf5b1098.shtml,https://ylj.suzhou.gov.cn/szsylj/zygk/202502/c39761b4712441d9af389bf1cf5b1098/files/25574bf72502405aa8e3fff2c781aedf.docx
姑苏区-金343,姑苏区,金343,香樟,Camphora officinarum Nees,251,17,168,9.5,北浩弄68号,三级,31.339815,120.612162,地区级示意,https://ylj.suzhou.gov.cn/szsylj/zygk/202502/c39761b4712441d9af389bf1cf5b1098.shtml,https://ylj.suzhou.gov.cn/szsylj/zygk/202502/c39761b4712441d9af389bf1cf5b1098/files/25574bf72502405aa8e3fff2c781aedf.docx
姑苏区-金344,姑苏区,金344,香樟,Camphora officinarum Nees,251,17,226,15,北浩弄68号,三级,31.316809,120.643488,地区级示意,https://ylj.suzhou.gov.cn/szsylj/zygk/202502/c39761b4712441d9af389bf1cf5b1098.shtml,https://ylj.suzhou.gov.cn/szsylj/zygk/202502/c39761b4712441d9af389bf1cf5b1098/files/25574bf72502405aa8e3fff2c781aedf.docx
姑苏区-金345,姑苏区,金345,黄杨,Buxus sinica (Rehder & E. H. Wilson) M. Cheng,121,6,76,6,木场头21号,三级,31.304899,120.623335,地区级示意,https://ylj.suzhou.gov.cn/szsylj/zygk/202502/c39761b4712441d9af389bf1cf5b1098.shtml,https://ylj.suzhou.gov.cn/szsylj/zygk/202502/c39761b4712441d9af389bf1cf5b1098/files/25574bf72502405aa8e3fff2c781aedf.docx
姑苏区-金346,姑苏区,金346,黄杨,Buxus sinica (Rehder & E. H. Wilson) M. Cheng,121,6,70,6.2,木耳场4号,三级,31.343649,120.600305,地区级示意,https://ylj.suzhou.gov.cn/szsylj/zygk/202502/c39761b4712441d9af389bf1cf5b1098.shtml,https://ylj.suzhou.gov.cn/szsylj/zygk/202502/c39761b4712441d9af389bf1cf5b1098/files/25574bf72502405aa8e3fff2c781aedf.docx
姑苏区-金347,姑苏区,金347,黄杨,Buxus sinica (Rehder & E. H. Wilson) M. Cheng,171,7,138,6,木耳场38号,三级,31.334332,120.62149,地区级示意,https://ylj.suzhou.gov.cn/szsylj/zygk/202502/c39761b4712441d9af389bf1cf5b1098.shtml,https://ylj.suzhou.gov.cn/szsylj/zygk/202502/c39761b4712441d9af389bf1cf5b1098/files/25574bf72502405aa8e3fff2c781aedf.docx
姑苏区-金348,姑苏区,金348,广玉兰,Magnolia grandiflora L.,121,16,165,9,白姆桥东弄4号,三级,31.298355,120.633069,地区级示意,https://ylj.suzhou.gov.cn/szsylj/zygk/202502/c39761b4712441d9af389bf1cf5b1098.shtml,https://ylj.suzhou.gov.cn/szsylj/zygk/202502/c39761b4712441d9af389bf1cf5b1098/files/25574bf72502405aa8e3fff2c781aedf.docx
姑苏区-金349,姑苏区,金349,山茶,Camellia japonica L.,121,4,54,4.5,山塘街502号,三级,31.329088,120.60445,地区级示意,https://ylj.suzhou.gov.cn/szsylj/zygk/202502/c39761b4712441d9af389bf1cf5b1098.shtml,https://ylj.suzhou.gov.cn/szsylj/zygk/202502/c39761b4712441d9af389bf1cf5b1098/files/25574bf72502405aa8e3fff2c781aedf.docx
姑苏区-金350,姑苏区,金350,香樟,Camphora officinarum Nees,506,18,560,21,苏州市第五中学,一级,31.297817,120.651626,地区级示意,https://ylj.suzhou.gov.cn/szsylj/zygk/202502/c39761b4712441d9af389bf1cf5b1098.shtml,https://ylj.suzhou.gov.cn/szsylj/zygk/202502/c39761b4712441d9af389bf1cf5b1098/files/25574bf72502405aa8e3fff2c781aedf.docx
姑苏区-金351,姑苏区,金351,二球悬铃木,Platanus acerifolia (Aiton) Willd.,151,30,372,21,苏州市第五中学,三级,31.326994,120.647857,地区级示意,https://ylj.suzhou.gov.cn/szsylj/zygk/202502/c39761b4712441d9af389bf1cf5b1098.shtml,https://ylj.suzhou.gov.cn/szsylj/zygk/202502/c39761b4712441d9af389bf1cf5b1098/files/25574bf72502405aa8e3fff2c781aedf.docx
姑苏区-金352,姑苏区,金352,银杏,Ginkgo biloba L.,151,18,208,11,三乐湾,三级,31.291254,120.627647,地区级示意,https://ylj.suzhou.gov.cn/szsylj/zygk/202502/c39761b4712441d9af389bf1cf5b1098.shtml,https://ylj.suzhou.gov.cn/szsylj/zygk/202502/c39761b4712441d9af389bf1cf5b1098/files/25574bf72502405aa8e3fff2c781aedf.docx
姑苏区-金353,姑苏区,金353,银杏,Ginkgo biloba L.,181,17,227,15,金阊人民医院,三级,31.324373,120.635332,地区级示意,https://ylj.suzhou.gov.cn/szsylj/zygk/202502/c39761b4712441d9af389bf1cf5b1098.shtml,https://ylj.suzhou.gov.cn/szsylj/zygk/202502/c39761b4712441d9af389bf1cf5b1098/files/25574bf72502405aa8e3fff2c781aedf.docx
姑苏区-金354,姑苏区,金354,广玉兰,Magnolia grandiflora L.,116,18,153,6.5,来凤桥下塘,三级,31.325925,120.608352,地区级示意,https://ylj.suzhou.gov.cn/szsylj/zygk/202502/c39761b4712441d9af389bf1cf5b1098.shtml,https://ylj.suzhou.gov.cn/szsylj/zygk/202502/c39761b4712441d9af389bf1cf5b1098/files/25574bf72502405aa8e3fff2c781aedf.docx
姑苏区-金355,姑苏区,金355,广玉兰,Magnolia grandiflora L.,116,18,218,8,来凤桥下塘,三级,31.295844,120.610517,地区级示意,https://ylj.suzhou.gov.cn/szsylj/zygk/202502/c39761b4712441d9af389bf1cf5b1098.shtml,https://ylj.suzhou.gov.cn/szsylj/zygk/202502/c39761b4712441d9af389bf1cf5b1098/files/25574bf72502405aa8e3fff2c781aedf.docx
姑苏区-金357,姑苏区,金357,银杏,Ginkgo biloba L.,541,8,474,6.9,学士小学,一级,31.29995,120.637664,地区级示意,https://ylj.suzhou.gov.cn/szsylj/zygk/202502/c39761b4712441d9af389bf1cf5b1098.shtml,https://ylj.suzhou.gov.cn/szsylj/zygk/202502/c39761b4712441d9af389bf1cf5b1098/files/25574bf72502405aa8e3fff2c781aedf.docx
姑苏区-金358,姑苏区,金358,广玉兰,Magnolia grandiflora L.,141,18,323,10.3,民族乐器一厂,三级,31.346145,120.61451,地区级示意,https://ylj.suzhou.gov.cn/szsylj/zygk/202502/c39761b4712441d9af389bf1cf5b1098.shtml,https://ylj.suzhou.gov.cn/szsylj/zygk/202502/c39761b4712441d9af389bf1cf5b1098/files/25574bf72502405aa8e3fff2c781aedf.docx
姑苏区-金359,姑苏区,金359,木樨,Osmanthus fragrans (Thunb.) Lour.,171,7,95,5.7,民族乐器一厂,三级,31.326961,120.589596,地区级示意,https://ylj.suzhou.gov.cn/szsylj/zygk/202502/c39761b4712441d9af389bf1cf5b1098.shtml,https://ylj.suzhou.gov.cn/szsylj/zygk/202502/c39761b4712441d9af389bf1cf5b1098/files/25574bf72502405aa8e3fff2c781aedf.docx
姑苏区-金362,姑苏区,金362,黄杨,Buxus sinica (Rehder & E. H. Wilson) M. Cheng,201,5,85,6.5,市儿童医院（景德路）,三级,31.321337,120.64254,地区级示意,https://ylj.suzhou.gov.cn/szsylj/zygk/202502/c39761b4712441d9af389bf1cf5b1098.shtml,https://ylj.suzhou.gov.cn/szsylj/zygk/202502/c39761b4712441d9af389bf1cf5b1098/files/25574bf72502405aa8e3fff2c781aedf.docx
姑苏区-金368,姑苏区,金368,银杏,Ginkgo biloba L.,151,16,225,7,市十六中学,三级,31.290728,120.624336,地区级示意,https://ylj.suzhou.gov.cn/szsylj/zygk/202502/c39761b4712441d9af389bf1cf5b1098.shtml,https://ylj.suzhou.gov.cn/szsylj/zygk/202502/c39761b4712441d9af389bf1cf5b1098/files/25574bf72502405aa8e3fff2c781aedf.docx
姑苏区-金369,姑苏区,金369,银杏,Ginkgo biloba L.,141,16,197,7.5,市十六中学,三级,31.340635,120.632699,地区级示意,https://ylj.suzhou.gov.cn/szsylj/zygk/202502/c39761b4712441d9af389bf1cf5b1098.shtml,https://ylj.suzhou.gov.cn/szsylj/zygk/202502/c39761b4712441d9af389bf1cf5b1098/files/25574bf72502405aa8e3fff2c781aedf.docx
姑苏区-金370,姑苏区,金370,银杏,Ginkgo biloba L.,141,16,181,6,市十六中学,三级,31.304026,120.643007,地区级示意,https://ylj.suzhou.gov.cn/szsylj/zygk/202502/c39761b4712441d9af389bf1cf5b1098.shtml,https://ylj.suzhou.gov.cn/szsylj/zygk/202502/c39761b4712441d9af389bf1cf5b1098/files/25574bf72502405aa8e3fff2c781aedf.docx
姑苏区-金371,姑苏区,金371,银杏,Ginkgo biloba L.,201,20,270,13,市十六中学,三级,31.331024,120.6217,地区级示意,https://ylj.suzhou.gov.cn/szsylj/zygk/202502/c39761b4712441d9af389bf1cf5b1098.shtml,https://ylj.suzhou.gov.cn/szsylj/zygk/202502/c39761b4712441d9af389bf1cf5b1098/files/25574bf72502405aa8e3fff2c781aedf.docx
姑苏区-金372,姑苏区,金372,银杏,Ginkgo biloba L.,171,20,219,9.9,市十六中学,三级,31.29269,120.605866,地区级示意,https://ylj.suzhou.gov.cn/szsylj/zygk/202502/c39761b4712441d9af389bf1cf5b1098.shtml,https://ylj.suzhou.gov.cn/szsylj/zygk/202502/c39761b4712441d9af389bf1cf5b1098/files/25574bf72502405aa8e3fff2c781aedf.docx
姑苏区-金373,姑苏区,金373,朴树,Celtis sinensis Pers.,141,18,201,8.5,市十六中学,三级,31.313899,120.615252,地区级示意,https://ylj.suzhou.gov.cn/szsylj/zygk/202502/c39761b4712441d9af389bf1cf5b1098.shtml,https://ylj.suzhou.gov.cn/szsylj/zygk/202502/c39761b4712441d9af389bf1cf5b1098/files/25574bf72502405aa8e3fff2c781aedf.docx
姑苏区-金374,姑苏区,金374,枣,Ziziphus jujuba (L.) Lam.,121,12,106,8.4,市十六中学,三级,31.315769,120.606135,地区级示意,https://ylj.suzhou.gov.cn/szsylj/zygk/202502/c39761b4712441d9af389bf1cf5b1098.shtml,https://ylj.suzhou.gov.cn/szsylj/zygk/202502/c39761b4712441d9af389bf1cf5b1098/files/25574bf72502405aa8e3fff2c781aedf.docx
姑苏区-金375,姑苏区,金375,瓶兰花,Diospyros armata Hemsl.,121,6,96,3.9,申庄前4-1号,三级,31.337796,120.605982,地区级示意,https://ylj.suzhou.gov.cn/szsylj/zygk/202502/c39761b4712441d9af389bf1cf5b1098.shtml,https://ylj.suzhou.gov.cn/szsylj/zygk/202502/c39761b4712441d9af389bf1cf5b1098/files/25574bf72502405aa8e3fff2c781aedf.docx
姑苏区-金376,姑苏区,金376,黄杨,Buxus sinica (Rehder & E. H. Wilson) M. Cheng,121,4,71,5,申庄前4-1号,三级,31.291054,120.603114,地区级示意,https://ylj.suzhou.gov.cn/szsylj/zygk/202502/c39761b4712441d9af389bf1cf5b1098.shtml,https://ylj.suzhou.gov.cn/szsylj/zygk/202502/c39761b4712441d9af389bf1cf5b1098/files/25574bf72502405aa8e3fff2c781aedf.docx
姑苏区-金377,姑苏区,金377,紫薇,Lagerstroemia indica L.,121,10,113,5,申庄前4-1号,三级,31.307067,120.589019,地区级示意,https://ylj.suzhou.gov.cn/szsylj/zygk/202502/c39761b4712441d9af389bf1cf5b1098.shtml,https://ylj.suzhou.gov.cn/szsylj/zygk/202502/c39761b4712441d9af389bf1cf5b1098/files/25574bf72502405aa8e3fff2c781aedf.docx
姑苏区-金378,姑苏区,金378,罗汉松,Podocarpus macrophyllus (Thunb.) Sweet,121,8,183,7.1,乘马坡横巷10号星加幼儿园,三级,31.313715,120.617195,地区级示意,https://ylj.suzhou.gov.cn/szsylj/zygk/202502/c39761b4712441d9af389bf1cf5b1098.shtml,https://ylj.suzhou.gov.cn/szsylj/zygk/202502/c39761b4712441d9af389bf1cf5b1098/files/25574bf72502405aa8e3fff2c781aedf.docx
姑苏区-金379,姑苏区,金379,广玉兰,Magnolia grandiflora L.,141,16,238,13,长春巷23号,三级,31.314321,120.622985,地区级示意,https://ylj.suzhou.gov.cn/szsylj/zygk/202502/c39761b4712441d9af389bf1cf5b1098.shtml,https://ylj.suzhou.gov.cn/szsylj/zygk/202502/c39761b4712441d9af389bf1cf5b1098/files/25574bf72502405aa8e3fff2c781aedf.docx
姑苏区-金380,姑苏区,金380,罗汉松,Podocarpus macrophyllus (Thunb.) Sweet,141,5,82,6,西麒麟巷5号,三级,31.317665,120.594486,地区级示意,https://ylj.suzhou.gov.cn/szsylj/zygk/202502/c39761b4712441d9af389bf1cf5b1098.shtml,https://ylj.suzhou.gov.cn/szsylj/zygk/202502/c39761b4712441d9af389bf1cf5b1098/files/25574bf72502405aa8e3fff2c781aedf.docx
姑苏区-金381,姑苏区,金381,木樨,Osmanthus fragrans (Thunb.) Lour.,121,6,91,5.5,西麒麟巷5号,三级,31.308013,120.654145,地区级示意,https://ylj.suzhou.gov.cn/szsylj/zygk/202502/c39761b4712441d9af389bf1cf5b1098.shtml,https://ylj.suzhou.gov.cn/szsylj/zygk/202502/c39761b4712441d9af389bf1cf5b1098/files/25574bf72502405aa8e3fff2c781aedf.docx
姑苏区-金382,姑苏区,金382,木樨,Osmanthus fragrans (Thunb.) Lour.,121,6,97,5.5,西麒麟巷5号,三级,31.295634,120.641122,地区级示意,https://ylj.suzhou.gov.cn/szsylj/zygk/202502/c39761b4712441d9af389bf1cf5b1098.shtml,https://ylj.suzhou.gov.cn/szsylj/zygk/202502/c39761b4712441d9af389bf1cf5b1098/files/25574bf72502405aa8e3fff2c781aedf.docx
姑苏区-金383,姑苏区,金383,糙叶树,Aphananthe aspera (Thunb.) Planch.,161,12,217,9,养育巷376号,三级,31.347317,120.619823,地区级示意,https://ylj.suzhou.gov.cn/szsylj/zygk/202502/c39761b4712441d9af389bf1cf5b1098.shtml,https://ylj.suzhou.gov.cn/szsylj/zygk/202502/c39761b4712441d9af389bf1cf5b1098/files/25574bf72502405aa8e3fff2c781aedf.docx
姑苏区-金385,姑苏区,金385,银杏,Ginkgo biloba L.,251,20,277,8.7,王洗马巷16号门口,三级,31.303778,120.628006,地区级示意,https://ylj.suzhou.gov.cn/szsylj/zygk/202502/c39761b4712441d9af389bf1cf5b1098.shtml,https://ylj.suzhou.gov.cn/szsylj/zygk/202502/c39761b4712441d9af389bf1cf5b1098/files/25574bf72502405aa8e3fff2c781aedf.docx
姑苏区-金386,姑苏区,金386,银杏,Ginkgo biloba L.,171,20,255,9,王洗马巷16号门口,三级,31.317755,120.611003,地区级示意,https://ylj.suzhou.gov.cn/szsylj/zygk/202502/c39761b4712441d9af389bf1cf5b1098.shtml,https://ylj.suzhou.gov.cn/szsylj/zygk/202502/c39761b4712441d9af389bf1cf5b1098/files/25574bf72502405aa8e3fff2c781aedf.docx
姑苏区-金387,姑苏区,金387,黄杨,Buxus sinica (Rehder & E. H. Wilson) M. Cheng,121,7,56,4,王洗马巷7号,三级,31.305607,120.631902,地区级示意,https://ylj.suzhou.gov.cn/szsylj/zygk/202502/c39761b4712441d9af389bf1cf5b1098.shtml,https://ylj.suzhou.gov.cn/szsylj/zygk/202502/c39761b4712441d9af389bf1cf5b1098/files/25574bf72502405aa8e3fff2c781aedf.docx
姑苏区-金389,姑苏区,金389,木樨,Osmanthus fragrans (Thunb.) Lour.,191,6,92,7.3,马大箓巷和平里9号,三级,31.313628,120.612012,地区级示意,https://ylj.suzhou.gov.cn/szsylj/zygk/202502/c39761b4712441d9af389bf1cf5b1098.shtml,https://ylj.suzhou.gov.cn/szsylj/zygk/202502/c39761b4712441d9af389bf1cf5b1098/files/25574bf72502405aa8e3fff2c781aedf.docx
姑苏区-金390,姑苏区,金390,木樨,Osmanthus fragrans (Thunb.) Lour.,191,7,91,5.3,马大箓巷和平里9号,三级,31.299222,120.644975,地区级示意,https://ylj.suzhou.gov.cn/szsylj/zygk/202502/c39761b4712441d9af389bf1cf5b1098.shtml,https://ylj.suzhou.gov.cn/szsylj/zygk/202502/c39761b4712441d9af389bf1cf5b1098/files/25574bf72502405aa8e3fff2c781aedf.docx
姑苏区-金392,姑苏区,金392,广玉兰,Magnolia grandiflora L.,141,20,212,9.3,马大箓巷8号,三级,31.290644,120.608812,地区级示意,https://ylj.suzhou.gov.cn/szsylj/zygk/202502/c39761b4712441d9af389bf1cf5b1098.shtml,https://ylj.suzhou.gov.cn/szsylj/zygk/202502/c39761b4712441d9af389bf1cf5b1098/files/25574bf72502405aa8e3fff2c781aedf.docx
姑苏区-金393,姑苏区,金393,柿,Diospyros kaki Thunb.,121,9,138,8.3,高师巷23号,三级,31.297816,120.625622,地区级示意,https://ylj.suzhou.gov.cn/szsylj/zygk/202502/c39761b4712441d9af389bf1cf5b1098.shtml,https://ylj.suzhou.gov.cn/szsylj/zygk/202502/c39761b4712441d9af389bf1cf5b1098/files/25574bf72502405aa8e3fff2c781aedf.docx
姑苏区-金394,姑苏区,金394,罗汉松,Podocarpus macrophyllus (Thunb.) Sweet,121,10,150,4.3,高师巷23号,三级,31.342099,120.605515,地区级示意,https://ylj.suzhou.gov.cn/szsylj/zygk/202502/c39761b4712441d9af389bf1cf5b1098.shtml,https://ylj.suzhou.gov.cn/szsylj/zygk/202502/c39761b4712441d9af389bf1cf5b1098/files/25574bf72502405aa8e3fff2c781aedf.docx
姑苏区-金395,姑苏区,金395,木樨,Osmanthus fragrans (Thunb.) Lour.,161,6,112,5.5,高师巷24号,三级,31.298443,120.585686,地区级示意,https://ylj.suzhou.gov.cn/szsylj/zygk/202502/c39761b4712441d9af389bf1cf5b1098.shtml,https://ylj.suzhou.gov.cn/szsylj/zygk/202502/c39761b4712441d9af389bf1cf5b1098/files/25574bf72502405aa8e3fff2c781aedf.docx
姑苏区-金396,姑苏区,金396,黄杨,Buxus sinica (Rehder & E. H. Wilson) M. Cheng,161,10,57,6.5,高师巷24号,三级,31.290548,120.61277,地区级示意,https://ylj.suzhou.gov.cn/szsylj/zygk/202502/c39761b4712441d9af389bf1cf5b1098.shtml,https://ylj.suzhou.gov.cn/szsylj/zygk/202502/c39761b4712441d9af389bf1cf5b1098/files/25574bf72502405aa8e3fff2c781aedf.docx
姑苏区-金397,姑苏区,金397,黄杨,Buxus sinica (Rehder & E. H. Wilson) M. Cheng,121,6,74,4,宝林寺前22号,三级,31.320205,120.642027,地区级示意,https://ylj.suzhou.gov.cn/szsylj/zygk/202502/c39761b4712441d9af389bf1cf5b1098.shtml,https://ylj.suzhou.gov.cn/szsylj/zygk/202502/c39761b4712441d9af389bf1cf5b1098/files/25574bf72502405aa8e3fff2c781aedf.docx
姑苏区-金398,姑苏区,金398,龙柏,Juniperus chinensis 'Kaizuca',121,10,144,4,文衙弄11号,三级,31.324425,120.632467,地区级示意,https://ylj.suzhou.gov.cn/szsylj/zygk/202502/c39761b4712441d9af389bf1cf5b1098.shtml,https://ylj.suzhou.gov.cn/szsylj/zygk/202502/c39761b4712441d9af389bf1cf5b1098/files/25574bf72502405aa8e3fff2c781aedf.docx
姑苏区-金399,姑苏区,金399,龙柏,Juniperus chinensis 'Kaizuca',121,10.5,124,4,文衙弄11号,三级,31.339556,120.620225,地区级示意,https://ylj.suzhou.gov.cn/szsylj/zygk/202502/c39761b4712441d9af389bf1cf5b1098.shtml,https://ylj.suzhou.gov.cn/szsylj/zygk/202502/c39761b4712441d9af389bf1cf5b1098/files/25574bf72502405aa8e3fff2c781aedf.docx
姑苏区-金404,姑苏区,金404,紫藤,Wisteria sinensis (Sims) Sweet,171,3.5,65,5,阊门饭店,三级,31.331223,120.611209,地区级示意,https://ylj.suzhou.gov.cn/szsylj/zygk/202502/c39761b4712441d9af389bf1cf5b1098.shtml,https://ylj.suzhou.gov.cn/szsylj/zygk/202502/c39761b4712441d9af389bf1cf5b1098/files/25574bf72502405aa8e3fff2c781aedf.docx
姑苏区-金405,姑苏区,金405,鸡爪槭,Acer palmatum Thunb.,121,5,118,5.1,阊门饭店,三级,31.29204,120.630256,地区级示意,https://ylj.suzhou.gov.cn/szsylj/zygk/202502/c39761b4712441d9af389bf1cf5b1098.shtml,https://ylj.suzhou.gov.cn/szsylj/zygk/202502/c39761b4712441d9af389bf1cf5b1098/files/25574bf72502405aa8e3fff2c781aedf.docx
姑苏区-金406,姑苏区,金406,黄杨,Buxus sinica (Rehder & E. H. Wilson) M. Cheng,151,4,103,7,阊门饭店,三级,31.300237,120.603392,地区级示意,https://ylj.suzhou.gov.cn/szsylj/zygk/202502/c39761b4712441d9af389bf1cf5b1098.shtml,https://ylj.suzhou.gov.cn/szsylj/zygk/202502/c39761b4712441d9af389bf1cf5b1098/files/25574bf72502405aa8e3fff2c781aedf.docx
姑苏区-金408,姑苏区,金408,银杏,Ginkgo biloba L.,251,20,304,8.5,官宰弄9号,三级,31.344891,120.606028,地区级示意,https://ylj.suzhou.gov.cn/szsylj/zygk/202502/c39761b4712441d9af389bf1cf5b1098.shtml,https://ylj.suzhou.gov.cn/szsylj/zygk/202502/c39761b4712441d9af389bf1cf5b1098/files/25574bf72502405aa8e3fff2c781aedf.docx
姑苏区-金409,姑苏区,金409,朴树,Celtis sinensis Pers.,121,11.5,223,12.6,泰伯庙内,三级,31.298346,120.59266,地区级示意,https://ylj.suzhou.gov.cn/szsylj/zygk/202502/c39761b4712441d9af389bf1cf5b1098.shtml,https://ylj.suzhou.gov.cn/szsylj/zygk/202502/c39761b4712441d9af389bf1cf5b1098/files/25574bf72502405aa8e3fff2c781aedf.docx
姑苏区-金410,姑苏区,金410,黄杨,Buxus sinica (Rehder & E. H. Wilson) M. Cheng,171,8,128,7.8,五峰弄19号,三级,31.291728,120.631333,地区级示意,https://ylj.suzhou.gov.cn/szsylj/zygk/202502/c39761b4712441d9af389bf1cf5b1098.shtml,https://ylj.suzhou.gov.cn/szsylj/zygk/202502/c39761b4712441d9af389bf1cf5b1098/files/25574bf72502405aa8e3fff2c781aedf.docx
姑苏区-金411,姑苏区,金411,黄杨,Buxus sinica (Rehder & E. H. Wilson) M. Cheng,201,8,87,6.5,西角墙10号,三级,31.305973,120.591437,地区级示意,https://ylj.suzhou.gov.cn/szsylj/zygk/202502/c39761b4712441d9af389bf1cf5b1098.shtml,https://ylj.suzhou.gov.cn/szsylj/zygk/202502/c39761b4712441d9af389bf1cf5b1098/files/25574bf72502405aa8e3fff2c781aedf.docx
姑苏区-金412,姑苏区,金412,银杏,Ginkgo biloba L.,511,13.4,340,17,宫弄3号,一级,31.311886,120.605846,地区级示意,https://ylj.suzhou.gov.cn/szsylj/zygk/202502/c39761b4712441d9af389bf1cf5b1098.shtml,https://ylj.suzhou.gov.cn/szsylj/zygk/202502/c39761b4712441d9af389bf1cf5b1098/files/25574bf72502405aa8e3fff2c781aedf.docx
姑苏区-金413,姑苏区,金413,银杏,Ginkgo biloba L.,131,15,192,5.5,河沿街105号,三级,31.343923,120.619732,地区级示意,https://ylj.suzhou.gov.cn/szsylj/zygk/202502/c39761b4712441d9af389bf1cf5b1098.shtml,https://ylj.suzhou.gov.cn/szsylj/zygk/202502/c39761b4712441d9af389bf1cf5b1098/files/25574bf72502405aa8e3fff2c781aedf.docx
姑苏区-金414,姑苏区,金414,银杏,Ginkgo biloba L.,136,18,178,5.8,河沿街105号,三级,31.332999,120.649953,地区级示意,https://ylj.suzhou.gov.cn/szsylj/zygk/202502/c39761b4712441d9af389bf1cf5b1098.shtml,https://ylj.suzhou.gov.cn/szsylj/zygk/202502/c39761b4712441d9af389bf1cf5b1098/files/25574bf72502405aa8e3fff2c781aedf.docx
姑苏区-金415,姑苏区,金415,香樟,Camphora officinarum Nees,171,20,403,13.5,朴园,三级,31.298684,120.601631,地区级示意,https://ylj.suzhou.gov.cn/szsylj/zygk/202502/c39761b4712441d9af389bf1cf5b1098.shtml,https://ylj.suzhou.gov.cn/szsylj/zygk/202502/c39761b4712441d9af389bf1cf5b1098/files/25574bf72502405aa8e3fff2c781aedf.docx
姑苏区-金416,姑苏区,金416,龙柏,Juniperus chinensis 'Kaizuca',401,8,103,3.6,朴园,二级,31.316183,120.583943,地区级示意,https://ylj.suzhou.gov.cn/szsylj/zygk/202502/c39761b4712441d9af389bf1cf5b1098.shtml,https://ylj.suzhou.gov.cn/szsylj/zygk/202502/c39761b4712441d9af389bf1cf5b1098/files/25574bf72502405aa8e3fff2c781aedf.docx
姑苏区-金417,姑苏区,金417,黄杨,Buxus sinica (Rehder & E. H. Wilson) M. Cheng,151,5,76,5.4,朴园,三级,31.297288,120.616661,地区级示意,https://ylj.suzhou.gov.cn/szsylj/zygk/202502/c39761b4712441d9af389bf1cf5b1098.shtml,https://ylj.suzhou.gov.cn/szsylj/zygk/202502/c39761b4712441d9af389bf1cf5b1098/files/25574bf72502405aa8e3fff2c781aedf.docx
姑苏区-金418,姑苏区,金418,木樨,Osmanthus fragrans (Thunb.) Lour.,291,4.2,91,6,朴园,三级,31.310176,120.620427,地区级示意,https://ylj.suzhou.gov.cn/szsylj/zygk/202502/c39761b4712441d9af389bf1cf5b1098.shtml,https://ylj.suzhou.gov.cn/szsylj/zygk/202502/c39761b4712441d9af389bf1cf5b1098/files/25574bf72502405aa8e3fff2c781aedf.docx
姑苏区-金419,姑苏区,金419,木樨,Osmanthus fragrans (Thunb.) Lour.,246,7,91,7,朴园,三级,31.298459,120.592488,地区级示意,https://ylj.suzhou.gov.cn/szsylj/zygk/202502/c39761b4712441d9af389bf1cf5b1098.shtml,https://ylj.suzhou.gov.cn/szsylj/zygk/202502/c39761b4712441d9af389bf1cf5b1098/files/25574bf72502405aa8e3fff2c781aedf.docx
姑苏区-金420,姑苏区,金420,龙柏,Juniperus chinensis 'Kaizuca',251,10,105,2.5,朴园,三级,31.291402,120.609181,地区级示意,https://ylj.suzhou.gov.cn/szsylj/zygk/202502/c39761b4712441d9af389bf1cf5b1098.shtml,https://ylj.suzhou.gov.cn/szsylj/zygk/202502/c39761b4712441d9af389bf1cf5b1098/files/25574bf72502405aa8e3fff2c781aedf.docx
姑苏区-金421,姑苏区,金421,龙柏,Juniperus chinensis 'Kaizuca',291,13,30,5.5,朴园,三级,31.328064,120.586976,地区级示意,https://ylj.suzhou.gov.cn/szsylj/zygk/202502/c39761b4712441d9af389bf1cf5b1098.shtml,https://ylj.suzhou.gov.cn/szsylj/zygk/202502/c39761b4712441d9af389bf1cf5b1098/files/25574bf72502405aa8e3fff2c781aedf.docx
姑苏区-金422,姑苏区,金422,龙柏,Juniperus chinensis 'Kaizuca',191,13,28,9,朴园,三级,31.321893,120.647672,地区级示意,https://ylj.suzhou.gov.cn/szsylj/zygk/202502/c39761b4712441d9af389bf1cf5b1098.shtml,https://ylj.suzhou.gov.cn/szsylj/zygk/202502/c39761b4712441d9af389bf1cf5b1098/files/25574bf72502405aa8e3fff2c781aedf.docx
姑苏区-金423,姑苏区,金423,木樨,Osmanthus fragrans (Thunb.) Lour.,231,5,62,4,朴园,三级,31.291649,120.599389,地区级示意,https://ylj.suzhou.gov.cn/szsylj/zygk/202502/c39761b4712441d9af389bf1cf5b1098.shtml,https://ylj.suzhou.gov.cn/szsylj/zygk/202502/c39761b4712441d9af389bf1cf5b1098/files/25574bf72502405aa8e3fff2c781aedf.docx
姑苏区-金424,姑苏区,金424,木樨,Osmanthus fragrans (Thunb.) Lour.,151,6,81,3.3,朴园,三级,31.304392,120.653332,地区级示意,https://ylj.suzhou.gov.cn/szsylj/zygk/202502/c39761b4712441d9af389bf1cf5b1098.shtml,https://ylj.suzhou.gov.cn/szsylj/zygk/202502/c39761b4712441d9af389bf1cf5b1098/files/25574bf72502405aa8e3fff2c781aedf.docx
姑苏区-金426,姑苏区,金426,龙柏,Juniperus chinensis 'Kaizuca',251,14,110,7.5,朴园,三级,31.309797,120.603085,地区级示意,https://ylj.suzhou.gov.cn/szsylj/zygk/202502/c39761b4712441d9af389bf1cf5b1098.shtml,https://ylj.suzhou.gov.cn/szsylj/zygk/202502/c39761b4712441d9af389bf1cf5b1098/files/25574bf72502405aa8e3fff2c781aedf.docx
姑苏区-金427,姑苏区,金427,木樨,Osmanthus fragrans (Thunb.) Lour.,201,6,69,4.7,朴园,三级,31.309217,120.586174,地区级示意,https://ylj.suzhou.gov.cn/szsylj/zygk/202502/c39761b4712441d9af389bf1cf5b1098.shtml,https://ylj.suzhou.gov.cn/szsylj/zygk/202502/c39761b4712441d9af389bf1cf5b1098/files/25574bf72502405aa8e3fff2c781aedf.docx
姑苏区-金428,姑苏区,金428,龙柏,Juniperus chinensis 'Kaizuca',251,12,162,8,朴园,三级,31.32306,120.64009,地区级示意,https://ylj.suzhou.gov.cn/szsylj/zygk/202502/c39761b4712441d9af389bf1cf5b1098.shtml,https://ylj.suzhou.gov.cn/szsylj/zygk/202502/c39761b4712441d9af389bf1cf5b1098/files/25574bf72502405aa8e3fff2c781aedf.docx
姑苏区-金429,姑苏区,金429,龙柏,Juniperus chinensis 'Kaizuca',251,9.5,111,6.5,朴园,三级,31.338586,120.609814,地区级示意,https://ylj.suzhou.gov.cn/szsylj/zygk/202502/c39761b4712441d9af389bf1cf5b1098.shtml,https://ylj.suzhou.gov.cn/szsylj/zygk/202502/c39761b4712441d9af389bf1cf5b1098/files/25574bf72502405aa8e3fff2c781aedf.docx
姑苏区-金430,姑苏区,金430,白皮松,Pinus bungeana Zucc. ex Endl.,121,12,106,6.3,朴园,三级,31.329333,120.630678,地区级示意,https://ylj.suzhou.gov.cn/szsylj/zygk/202502/c39761b4712441d9af389bf1cf5b1098.shtml,https://ylj.suzhou.gov.cn/szsylj/zygk/202502/c39761b4712441d9af389bf1cf5b1098/files/25574bf72502405aa8e3fff2c781aedf.docx
姑苏区-金431,姑苏区,金431,广玉兰,Magnolia grandiflora L.,121,16,298,8.5,江苏省苏州昆剧院,三级,31.317487,120.63634,地区级示意,https://ylj.suzhou.gov.cn/szsylj/zygk/202502/c39761b4712441d9af389bf1cf5b1098.shtml,https://ylj.suzhou.gov.cn/szsylj/zygk/202502/c39761b4712441d9af389bf1cf5b1098/files/25574bf72502405aa8e3fff2c781aedf.docx
姑苏区-金432,姑苏区,金432,罗汉松,Podocarpus macrophyllus (Thunb.) Sweet,121,6,207,8,桃花坞大街158号,三级,31.343619,120.62458,地区级示意,https://ylj.suzhou.gov.cn/szsylj/zygk/202502/c39761b4712441d9af389bf1cf5b1098.shtml,https://ylj.suzhou.gov.cn/szsylj/zygk/202502/c39761b4712441d9af389bf1cf5b1098/files/25574bf72502405aa8e3fff2c781aedf.docx
姑苏区-金434,姑苏区,金434,梓树,Catalpa ovata G. Don,121,9,217,6.5,苏州市四中（桃坞高级中学）,三级,31.299674,120.624344,地区级示意,https://ylj.suzhou.gov.cn/szsylj/zygk/202502/c39761b4712441d9af389bf1cf5b1098.shtml,https://ylj.suzhou.gov.cn/szsylj/zygk/202502/c39761b4712441d9af389bf1cf5b1098/files/25574bf72502405aa8e3fff2c781aedf.docx
姑苏区-金435,姑苏区,金435,麻栎,Quercus acutissima Carruth.,121,20,207,13.8,石幢新村15幢,三级,31.298553,120.618661,地区级示意,https://ylj.suzhou.gov.cn/szsylj/zygk/202502/c39761b4712441d9af389bf1cf5b1098.shtml,https://ylj.suzhou.gov.cn/szsylj/zygk/202502/c39761b4712441d9af389bf1cf5b1098/files/25574bf72502405aa8e3fff2c781aedf.docx
姑苏区-金436,姑苏区,金436,银杏,Ginkgo biloba L.,121,15,151,10,尚义桥东77号,三级,31.332938,120.633729,地区级示意,https://ylj.suzhou.gov.cn/szsylj/zygk/202502/c39761b4712441d9af389bf1cf5b1098.shtml,https://ylj.suzhou.gov.cn/szsylj/zygk/202502/c39761b4712441d9af389bf1cf5b1098/files/25574bf72502405aa8e3fff2c781aedf.docx
姑苏区-金437,姑苏区,金437,榉树,Zelkova serrata (Thunb.) Makino,121,15,257,13.5,西园寺,三级,31.326364,120.646972,地区级示意,https://ylj.suzhou.gov.cn/szsylj/zygk/202502/c39761b4712441d9af389bf1cf5b1098.shtml,https://ylj.suzhou.gov.cn/szsylj/zygk/202502/c39761b4712441d9af389bf1cf5b1098/files/25574bf72502405aa8e3fff2c781aedf.docx
姑苏区-金438,姑苏区,金438,香樟,Camphora officinarum Nees,121,15,241,10.5,西园寺,三级,31.303252,120.601379,地区级示意,https://ylj.suzhou.gov.cn/szsylj/zygk/202502/c39761b4712441d9af389bf1cf5b1098.shtml,https://ylj.suzhou.gov.cn/szsylj/zygk/202502/c39761b4712441d9af389bf1cf5b1098/files/25574bf72502405aa8e3fff2c781aedf.docx
姑苏区-金439,姑苏区,金439,银杏,Ginkgo biloba L.,171,7.5,0,5.4,西园寺,三级,31.346298,120.618691,地区级示意,https://ylj.suzhou.gov.cn/szsylj/zygk/202502/c39761b4712441d9af389bf1cf5b1098.shtml,https://ylj.suzhou.gov.cn/szsylj/zygk/202502/c39761b4712441d9af389bf1cf5b1098/files/25574bf72502405aa8e3fff2c781aedf.docx
姑苏区-金440,姑苏区,金440,银杏,Ginkgo biloba L.,171,8.5,187,3.8,西园寺,三级,31.289791,120.64155,地区级示意,https://ylj.suzhou.gov.cn/szsylj/zygk/202502/c39761b4712441d9af389bf1cf5b1098.shtml,https://ylj.suzhou.gov.cn/szsylj/zygk/202502/c39761b4712441d9af389bf1cf5b1098/files/25574bf72502405aa8e3fff2c781aedf.docx
姑苏区-金441,姑苏区,金441,银杏,Ginkgo biloba L.,171,12,157,7,西园寺,三级,31.30091,120.630245,地区级示意,https://ylj.suzhou.gov.cn/szsylj/zygk/202502/c39761b4712441d9af389bf1cf5b1098.shtml,https://ylj.suzhou.gov.cn/szsylj/zygk/202502/c39761b4712441d9af389bf1cf5b1098/files/25574bf72502405aa8e3fff2c781aedf.docx
姑苏区-金442,姑苏区,金442,银杏,Ginkgo biloba L.,221,16,229,9,西园寺,三级,31.307506,120.619409,地区级示意,https://ylj.suzhou.gov.cn/szsylj/zygk/202502/c39761b4712441d9af389bf1cf5b1098.shtml,https://ylj.suzhou.gov.cn/szsylj/zygk/202502/c39761b4712441d9af389bf1cf5b1098/files/25574bf72502405aa8e3fff2c781aedf.docx
姑苏区-金443,姑苏区,金443,银杏,Ginkgo biloba L.,221,18,211,13.5,西园寺,三级,31.321305,120.640209,地区级示意,https://ylj.suzhou.gov.cn/szsylj/zygk/202502/c39761b4712441d9af389bf1cf5b1098.shtml,https://ylj.suzhou.gov.cn/szsylj/zygk/202502/c39761b4712441d9af389bf1cf5b1098/files/25574bf72502405aa8e3fff2c781aedf.docx
姑苏区-金444,姑苏区,金444,银杏,Ginkgo biloba L.,171,17,167,7,西园寺,三级,31.300514,120.651153,地区级示意,https://ylj.suzhou.gov.cn/szsylj/zygk/202502/c39761b4712441d9af389bf1cf5b1098.shtml,https://ylj.suzhou.gov.cn/szsylj/zygk/202502/c39761b4712441d9af389bf1cf5b1098/files/25574bf72502405aa8e3fff2c781aedf.docx
姑苏区-金445,姑苏区,金445,香樟,Camphora officinarum Nees,121,17,269,18.5,西园寺,三级,31.332166,120.617228,地区级示意,https://ylj.suzhou.gov.cn/szsylj/zygk/202502/c39761b4712441d9af389bf1cf5b1098.shtml,https://ylj.suzhou.gov.cn/szsylj/zygk/202502/c39761b4712441d9af389bf1cf5b1098/files/25574bf72502405aa8e3fff2c781aedf.docx
姑苏区-金446,姑苏区,金446,香樟,Camphora officinarum Nees,121,17,295,18,西园寺,三级,31.294253,120.603477,地区级示意,https://ylj.suzhou.gov.cn/szsylj/zygk/202502/c39761b4712441d9af389bf1cf5b1098.shtml,https://ylj.suzhou.gov.cn/szsylj/zygk/202502/c39761b4712441d9af389bf1cf5b1098/files/25574bf72502405aa8e3fff2c781aedf.docx
姑苏区-金447,姑苏区,金447,香樟,Camphora officinarum Nees,121,17,317,15,西园寺,三级,31.310732,120.637498,地区级示意,https://ylj.suzhou.gov.cn/szsylj/zygk/202502/c39761b4712441d9af389bf1cf5b1098.shtml,https://ylj.suzhou.gov.cn/szsylj/zygk/202502/c39761b4712441d9af389bf1cf5b1098/files/25574bf72502405aa8e3fff2c781aedf.docx
姑苏区-金448,姑苏区,金448,紫藤,Wisteria sinensis (Sims) Sweet,121,3.8,31,5,西园寺,三级,31.343673,120.625944,地区级示意,https://ylj.suzhou.gov.cn/szsylj/zygk/202502/c39761b4712441d9af389bf1cf5b1098.shtml,https://ylj.suzhou.gov.cn/szsylj/zygk/202502/c39761b4712441d9af389bf1cf5b1098/files/25574bf72502405aa8e3fff2c781aedf.docx
姑苏区-金450,姑苏区,金450,紫藤,Wisteria sinensis (Sims) Sweet,121,4,240,17,西园寺,三级,31.305544,120.590535,地区级示意,https://ylj.suzhou.gov.cn/szsylj/zygk/202502/c39761b4712441d9af389bf1cf5b1098.shtml,https://ylj.suzhou.gov.cn/szsylj/zygk/202502/c39761b4712441d9af389bf1cf5b1098/files/25574bf72502405aa8e3fff2c781aedf.docx
姑苏区-金451,姑苏区,金451,榉树,Zelkova serrata (Thunb.) Makino,121,12,178,13,西园寺,三级,31.319932,120.625947,地区级示意,https://ylj.suzhou.gov.cn/szsylj/zygk/202502/c39761b4712441d9af389bf1cf5b1098.shtml,https://ylj.suzhou.gov.cn/szsylj/zygk/202502/c39761b4712441d9af389bf1cf5b1098/files/25574bf72502405aa8e3fff2c781aedf.docx
姑苏区-金452,姑苏区,金452,香樟,Camphora officinarum Nees,121,20,199,12,西园寺,三级,31.31758,120.654842,地区级示意,https://ylj.suzhou.gov.cn/szsylj/zygk/202502/c39761b4712441d9af389bf1cf5b1098.shtml,https://ylj.suzhou.gov.cn/szsylj/zygk/202502/c39761b4712441d9af389bf1cf5b1098/files/25574bf72502405aa8e3fff2c781aedf.docx
姑苏区-金453,姑苏区,金453,香樟,Camphora officinarum Nees,171,20,307,26.5,西园寺,三级,31.320864,120.59665,地区级示意,https://ylj.suzhou.gov.cn/szsylj/zygk/202502/c39761b4712441d9af389bf1cf5b1098.shtml,https://ylj.suzhou.gov.cn/szsylj/zygk/202502/c39761b4712441d9af389bf1cf5b1098/files/25574bf72502405aa8e3fff2c781aedf.docx
姑苏区-金454,姑苏区,金454,银杏,Ginkgo biloba L.,121,20,157,12.5,西园寺,三级,31.328504,120.633782,地区级示意,https://ylj.suzhou.gov.cn/szsylj/zygk/202502/c39761b4712441d9af389bf1cf5b1098.shtml,https://ylj.suzhou.gov.cn/szsylj/zygk/202502/c39761b4712441d9af389bf1cf5b1098/files/25574bf72502405aa8e3fff2c781aedf.docx
姑苏区-金455,姑苏区,金455,龙柏,Juniperus chinensis 'Kaizuca',121,19.6,132,4,寒山寺,三级,31.310343,120.650379,地区级示意,https://ylj.suzhou.gov.cn/szsylj/zygk/202502/c39761b4712441d9af389bf1cf5b1098.shtml,https://ylj.suzhou.gov.cn/szsylj/zygk/202502/c39761b4712441d9af389bf1cf5b1098/files/25574bf72502405aa8e3fff2c781aedf.docx
姑苏区-金456,姑苏区,金456,龙柏,Juniperus chinensis 'Kaizuca',171,17.3,130,3.1,寒山寺,三级,31.294551,120.639235,地区级示意,https://ylj.suzhou.gov.cn/szsylj/zygk/202502/c39761b4712441d9af389bf1cf5b1098.shtml,https://ylj.suzhou.gov.cn/szsylj/zygk/202502/c39761b4712441d9af389bf1cf5b1098/files/25574bf72502405aa8e3fff2c781aedf.docx
姑苏区-金457,姑苏区,金457,黄杨,Buxus sinica (Rehder & E. H. Wilson) M. Cheng,171,5.7,86,8.8,寒山寺,三级,31.342894,120.60815,地区级示意,https://ylj.suzhou.gov.cn/szsylj/zygk/202502/c39761b4712441d9af389bf1cf5b1098.shtml,https://ylj.suzhou.gov.cn/szsylj/zygk/202502/c39761b4712441d9af389bf1cf5b1098/files/25574bf72502405aa8e3fff2c781aedf.docx
姑苏区-金458,姑苏区,金458,银杏,Ginkgo biloba L.,121,21.3,221,10.4,寒山寺,三级,31.345447,120.61007,地区级示意,https://ylj.suzhou.gov.cn/szsylj/zygk/202502/c39761b4712441d9af389bf1cf5b1098.shtml,https://ylj.suzhou.gov.cn/szsylj/zygk/202502/c39761b4712441d9af389bf1cf5b1098/files/25574bf72502405aa8e3fff2c781aedf.docx
姑苏区-金459,姑苏区,金459,木樨,Osmanthus fragrans (Thunb.) Lour.,121,4.2,46,4.2,寒山寺,三级,31.331694,120.617395,地区级示意,https://ylj.suzhou.gov.cn/szsylj/zygk/202502/c39761b4712441d9af389bf1cf5b1098.shtml,https://ylj.suzhou.gov.cn/szsylj/zygk/202502/c39761b4712441d9af389bf1cf5b1098/files/25574bf72502405aa8e3fff2c781aedf.docx
姑苏区-金460,姑苏区,金460,榔榆,Ulmus parvifolia Jacq.,121,22.1,313,10.8,寒山寺,三级,31.309068,120.628987,地区级示意,https://ylj.suzhou.gov.cn/szsylj/zygk/202502/c39761b4712441d9af389bf1cf5b1098.shtml,https://ylj.suzhou.gov.cn/szsylj/zygk/202502/c39761b4712441d9af389bf1cf5b1098/files/25574bf72502405aa8e3fff2c781aedf.docx
姑苏区-金461,姑苏区,金461,银杏,Ginkgo biloba L.,121,18.9,242,4.5,寒山寺,三级,31.332499,120.619697,地区级示意,https://ylj.suzhou.gov.cn/szsylj/zygk/202502/c39761b4712441d9af389bf1cf5b1098.shtml,https://ylj.suzhou.gov.cn/szsylj/zygk/202502/c39761b4712441d9af389bf1cf5b1098/files/25574bf72502405aa8e3fff2c781aedf.docx
姑苏区-金462,姑苏区,金462,黄杨,Buxus sinica (Rehder & E. H. Wilson) M. Cheng,215,7.8,179,6.1,北五泾浜47号,三级,31.319326,120.630193,地区级示意,https://ylj.suzhou.gov.cn/szsylj/zygk/202502/c39761b4712441d9af389bf1cf5b1098.shtml,https://ylj.suzhou.gov.cn/szsylj/zygk/202502/c39761b4712441d9af389bf1cf5b1098/files/25574bf72502405aa8e3fff2c781aedf.docx
姑苏区-金463,姑苏区,金463,黄杨,Buxus sinica (Rehder & E. H. Wilson) M. Cheng,123,6.8,83,8.5,苏州市第五中学,三级,31.284263,120.610788,地区级示意,https://ylj.suzhou.gov.cn/szsylj/zygk/202502/c39761b4712441d9af389bf1cf5b1098.shtml,https://ylj.suzhou.gov.cn/szsylj/zygk/202502/c39761b4712441d9af389bf1cf5b1098/files/25574bf72502405aa8e3fff2c781aedf.docx
姑苏区-金464,姑苏区,金464,香樟,Camphora officinarum Nees,137,20,380,22,苏州市第五中学,三级,31.316642,120.641245,地区级示意,https://ylj.suzhou.gov.cn/szsylj/zygk/202502/c39761b4712441d9af389bf1cf5b1098.shtml,https://ylj.suzhou.gov.cn/szsylj/zygk/202502/c39761b4712441d9af389bf1cf5b1098/files/25574bf72502405aa8e3fff2c781aedf.docx
姑苏区-金465,姑苏区,金465,石榴,Punica granatum L.,117,7.2,88,6.5,西园寺,三级,31.33009,120.603382,地区级示意,https://ylj.suzhou.gov.cn/szsylj/zygk/202502/c39761b4712441d9af389bf1cf5b1098.shtml,https://ylj.suzhou.gov.cn/szsylj/zygk/202502/c39761b4712441d9af389bf1cf5b1098/files/25574bf72502405aa8e3fff2c781aedf.docx
姑苏区-金467,姑苏区,金467,香樟,Camphora officinarum Nees,157,20,282,26,西园寺,三级,31.293324,120.604446,地区级示意,https://ylj.suzhou.gov.cn/szsylj/zygk/202502/c39761b4712441d9af389bf1cf5b1098.shtml,https://ylj.suzhou.gov.cn/szsylj/zygk/202502/c39761b4712441d9af389bf1cf5b1098/files/25574bf72502405aa8e3fff2c781aedf.docx
姑苏区-金468,姑苏区,金468,银杏,Ginkgo biloba L.,119,18,149,10,西园寺,三级,31.32666,120.584374,地区级示意,https://ylj.suzhou.gov.cn/szsylj/zygk/202502/c39761b4712441d9af389bf1cf5b1098.shtml,https://ylj.suzhou.gov.cn/szsylj/zygk/202502/c39761b4712441d9af389bf1cf5b1098/files/25574bf72502405aa8e3fff2c781aedf.docx
姑苏区-金469,姑苏区,金469,银杏,Ginkgo biloba L.,133,18.3,165,15,西园寺,三级,31.325686,120.653527,地区级示意,https://ylj.suzhou.gov.cn/szsylj/zygk/202502/c39761b4712441d9af389bf1cf5b1098.shtml,https://ylj.suzhou.gov.cn/szsylj/zygk/202502/c39761b4712441d9af389bf1cf5b1098/files/25574bf72502405aa8e3fff2c781aedf.docx
姑苏区-金470,姑苏区,金470,银杏,Ginkgo biloba L.,166,19.4,197,14,西园寺,三级,31.324622,120.637375,地区级示意,https://ylj.suzhou.gov.cn/szsylj/zygk/202502/c39761b4712441d9af389bf1cf5b1098.shtml,https://ylj.suzhou.gov.cn/szsylj/zygk/202502/c39761b4712441d9af389bf1cf5b1098/files/25574bf72502405aa8e3fff2c781aedf.docx
姑苏区-金471,姑苏区,金471,枫杨,Pterocarya stenoptera C. DC.,117,18.1,299,16,西园寺,三级,31.334141,120.620314,地区级示意,https://ylj.suzhou.gov.cn/szsylj/zygk/202502/c39761b4712441d9af389bf1cf5b1098.shtml,https://ylj.suzhou.gov.cn/szsylj/zygk/202502/c39761b4712441d9af389bf1cf5b1098/files/25574bf72502405aa8e3fff2c781aedf.docx
姑苏区-金472,姑苏区,金472,香樟,Camphora officinarum Nees,143,15,322,21.5,西园寺,三级,31.312918,120.582991,地区级示意,https://ylj.suzhou.gov.cn/szsylj/zygk/202502/c39761b4712441d9af389bf1cf5b1098.shtml,https://ylj.suzhou.gov.cn/szsylj/zygk/202502/c39761b4712441d9af389bf1cf5b1098/files/25574bf72502405aa8e3fff2c781aedf.docx
姑苏区-金473,姑苏区,金473,木樨,Osmanthus fragrans (Thunb.) Lour.,135,7.4,131,7.4,苏州农业职业技术学院,三级,31.329053,120.633434,地区级示意,https://ylj.suzhou.gov.cn/szsylj/zygk/202502/c39761b4712441d9af389bf1cf5b1098.shtml,https://ylj.suzhou.gov.cn/szsylj/zygk/202502/c39761b4712441d9af389bf1cf5b1098/files/25574bf72502405aa8e3fff2c781aedf.docx
姑苏区-金474,姑苏区,金474,木樨,Osmanthus fragrans (Thunb.) Lour.,133,7.6,132,6.8,苏州农业职业技术学院,三级,31.326978,120.599505,地区级示意,https://ylj.suzhou.gov.cn/szsylj/zygk/202502/c39761b4712441d9af389bf1cf5b1098.shtml,https://ylj.suzhou.gov.cn/szsylj/zygk/202502/c39761b4712441d9af389bf1cf5b1098/files/25574bf72502405aa8e3fff2c781aedf.docx
姑苏区-金475,姑苏区,金475,木樨,Osmanthus fragrans (Thunb.) Lour.,123,6.7,92,6.4,苏州农业职业技术学院,三级,31.328614,120.593597,地区级示意,https://ylj.suzhou.gov.cn/szsylj/zygk/202502/c39761b4712441d9af389bf1cf5b1098.shtml,https://ylj.suzhou.gov.cn/szsylj/zygk/202502/c39761b4712441d9af389bf1cf5b1098/files/25574bf72502405aa8e3fff2c781aedf.docx
姑苏区-金476,姑苏区,金476,木樨,Osmanthus fragrans (Thunb.) Lour.,132,6.9,123,6.5,苏州农业职业技术学院,三级,31.295593,120.607039,地区级示意,https://ylj.suzhou.gov.cn/szsylj/zygk/202502/c39761b4712441d9af389bf1cf5b1098.shtml,https://ylj.suzhou.gov.cn/szsylj/zygk/202502/c39761b4712441d9af389bf1cf5b1098/files/25574bf72502405aa8e3fff2c781aedf.docx
姑苏区-金478,姑苏区,金478,木樨,Osmanthus fragrans (Thunb.) Lour.,146,7.6,126,7.4,苏州农业职业技术学院,三级,31.318881,120.594963,地区级示意,https://ylj.suzhou.gov.cn/szsylj/zygk/202502/c39761b4712441d9af389bf1cf5b1098.shtml,https://ylj.suzhou.gov.cn/szsylj/zygk/202502/c39761b4712441d9af389bf1cf5b1098/files/25574bf72502405aa8e3fff2c781aedf.docx
姑苏区-金479,姑苏区,金479,木樨,Osmanthus fragrans (Thunb.) Lour.,215,7.8,142,6.8,苏州农业职业技术学院,三级,31.315896,120.630621,地区级示意,https://ylj.suzhou.gov.cn/szsylj/zygk/202502/c39761b4712441d9af389bf1cf5b1098.shtml,https://ylj.suzhou.gov.cn/szsylj/zygk/202502/c39761b4712441d9af389bf1cf5b1098/files/25574bf72502405aa8e3fff2c781aedf.docx
姑苏区-金480,姑苏区,金480,木樨,Osmanthus fragrans (Thunb.) Lour.,149,8,132,7.2,苏州农业职业技术学院,三级,31.339695,120.62064,地区级示意,https://ylj.suzhou.gov.cn/szsylj/zygk/202502/c39761b4712441d9af389bf1cf5b1098.shtml,https://ylj.suzhou.gov.cn/szsylj/zygk/202502/c39761b4712441d9af389bf1cf5b1098/files/25574bf72502405aa8e3fff2c781aedf.docx
姑苏区-金481,姑苏区,金481,木樨,Osmanthus fragrans (Thunb.) Lour.,205,8.3,164,7.3,苏州农业职业技术学院,三级,31.300895,120.630773,地区级示意,https://ylj.suzhou.gov.cn/szsylj/zygk/202502/c39761b4712441d9af389bf1cf5b1098.shtml,https://ylj.suzhou.gov.cn/szsylj/zygk/202502/c39761b4712441d9af389bf1cf5b1098/files/25574bf72502405aa8e3fff2c781aedf.docx
姑苏区-金482,姑苏区,金482,木樨,Osmanthus fragrans (Thunb.) Lour.,131,7.5,124,7.7,苏州农业职业技术学院,三级,31.289784,120.642768,地区级示意,https://ylj.suzhou.gov.cn/szsylj/zygk/202502/c39761b4712441d9af389bf1cf5b1098.shtml,https://ylj.suzhou.gov.cn/szsylj/zygk/202502/c39761b4712441d9af389bf1cf5b1098/files/25574bf72502405aa8e3fff2c781aedf.docx
姑苏区-金484,姑苏区,金484,朴树,Celtis sinensis Pers.,112,17,154,14,苏州市立医院北区,三级,31.339148,120.600532,地区级示意,https://ylj.suzhou.gov.cn/szsylj/zygk/202502/c39761b4712441d9af389bf1cf5b1098.shtml,https://ylj.suzhou.gov.cn/szsylj/zygk/202502/c39761b4712441d9af389bf1cf5b1098/files/25574bf72502405aa8e3fff2c781aedf.docx
姑苏区-金485,姑苏区,金485,香樟,Camphora officinarum Nees,111,17,284,20,苏州市第五中学,三级,31.322927,120.615985,地区级示意,https://ylj.suzhou.gov.cn/szsylj/zygk/202502/c39761b4712441d9af389bf1cf5b1098.shtml,https://ylj.suzhou.gov.cn/szsylj/zygk/202502/c39761b4712441d9af389bf1cf5b1098/files/25574bf72502405aa8e3fff2c781aedf.docx
姑苏区-金486,姑苏区,金486,银杏,Ginkgo biloba L.,115,17,144,10.5,西园寺,三级,31.295421,120.620985,地区级示意,https://ylj.suzhou.gov.cn/szsylj/zygk/202502/c39761b4712441d9af389bf1cf5b1098.shtml,https://ylj.suzhou.gov.cn/szsylj/zygk/202502/c39761b4712441d9af389bf1cf5b1098/files/25574bf72502405aa8e3fff2c781aedf.docx
姑苏区-金487,姑苏区,金487,黄杨,Buxus sinica (Rehder & E. H. Wilson) M. Cheng,113,7,61,4.2,西园寺,三级,31.337048,120.622332,地区级示意,https://ylj.suzhou.gov.cn/szsylj/zygk/202502/c39761b4712441d9af389bf1cf5b1098.shtml,https://ylj.suzhou.gov.cn/szsylj/zygk/202502/c39761b4712441d9af389bf1cf5b1098/files/25574bf72502405aa8e3fff2c781aedf.docx
姑苏区-金488,姑苏区,金488,香樟,Camphora officinarum Nees,111,20,263,24.5,西园寺,三级,31.320697,120.633861,地区级示意,https://ylj.suzhou.gov.cn/szsylj/zygk/202502/c39761b4712441d9af389bf1cf5b1098.shtml,https://ylj.suzhou.gov.cn/szsylj/zygk/202502/c39761b4712441d9af389bf1cf5b1098/files/25574bf72502405aa8e3fff2c781aedf.docx
姑苏区-金489,姑苏区,金489,紫薇,Lagerstroemia indica L.,113,7,140,8,西园寺,三级,31.315078,120.628692,地区级示意,https://ylj.suzhou.gov.cn/szsylj/zygk/202502/c39761b4712441d9af389bf1cf5b1098.shtml,https://ylj.suzhou.gov.cn/szsylj/zygk/202502/c39761b4712441d9af389bf1cf5b1098/files/25574bf72502405aa8e3fff2c781aedf.docx
姑苏区-金490,姑苏区,金490,蚊母树,Distylium racemosum Siebold & Zucc.,113,9,134,12,苏州农业职业技术学院,三级,31.306229,120.610382,地区级示意,https://ylj.suzhou.gov.cn/szsylj/zygk/202502/c39761b4712441d9af389bf1cf5b1098.shtml,https://ylj.suzhou.gov.cn/szsylj/zygk/202502/c39761b4712441d9af389bf1cf5b1098/files/25574bf72502405aa8e3fff2c781aedf.docx
姑苏区-金491,姑苏区,金491,香樟,Camphora officinarum Nees,114,17,277,19.5,苏州农业职业技术学院,三级,31.292482,120.627514,地区级示意,https://ylj.suzhou.gov.cn/szsylj/zygk/202502/c39761b4712441d9af389bf1cf5b1098.shtml,https://ylj.suzhou.gov.cn/szsylj/zygk/202502/c39761b4712441d9af389bf1cf5b1098/files/25574bf72502405aa8e3fff2c781aedf.docx
姑苏区-金492,姑苏区,金492,香樟,Camphora officinarum Nees,115,17,300,22.5,苏州农业职业技术学院,三级,31.303342,120.634684,地区级示意,https://ylj.suzhou.gov.cn/szsylj/zygk/202502/c39761b4712441d9af389bf1cf5b1098.shtml,https://ylj.suzhou.gov.cn/szsylj/zygk/202502/c39761b4712441d9af389bf1cf5b1098/files/25574bf72502405aa8e3fff2c781aedf.docx
姑苏区-金493,姑苏区,金493,木樨,Osmanthus fragrans (Thunb.) Lour.,113,7,110,6.4,苏州农业职业技术学院,三级,31.295592,120.617131,地区级示意,https://ylj.suzhou.gov.cn/szsylj/zygk/202502/c39761b4712441d9af389bf1cf5b1098.shtml,https://ylj.suzhou.gov.cn/szsylj/zygk/202502/c39761b4712441d9af389bf1cf5b1098/files/25574bf72502405aa8e3fff2c781aedf.docx
姑苏区-金496,姑苏区,金496,榔榆,Ulmus parvifolia Jacq.,106,10,212,10,山塘河西南岸,三级,31.329345,120.631119,地区级示意,https://ylj.suzhou.gov.cn/szsylj/zygk/202502/c39761b4712441d9af389bf1cf5b1098.shtml,https://ylj.suzhou.gov.cn/szsylj/zygk/202502/c39761b4712441d9af389bf1cf5b1098/files/25574bf72502405aa8e3fff2c781aedf.docx
姑苏区-金499,姑苏区,金499,香樟,Camphora officinarum Nees,106,16.1,251,18.5,苏州市第五中学,三级,31.297764,120.603356,地区级示意,https://ylj.suzhou.gov.cn/szsylj/zygk/202502/c39761b4712441d9af389bf1cf5b1098.shtml,https://ylj.suzhou.gov.cn/szsylj/zygk/202502/c39761b4712441d9af389bf1cf5b1098/files/25574bf72502405aa8e3fff2c781aedf.docx
姑苏区-金500,姑苏区,金500,朴树,Celtis sinensis Pers.,112,9,166,5.9,慈济医院,三级,31.338848,120.594235,地区级示意,https://ylj.suzhou.gov.cn/szsylj/zygk/202502/c39761b4712441d9af389bf1cf5b1098.shtml,https://ylj.suzhou.gov.cn/szsylj/zygk/202502/c39761b4712441d9af389bf1cf5b1098/files/25574bf72502405aa8e3fff2c781aedf.docx
姑苏区-金503,姑苏区,金503,黄杨,Buxus sinica (Rehder & E. H. Wilson) M. Cheng,156,4,104,6.5,市教师发展中心,三级,31.295663,120.595603,地区级示意,https://ylj.suzhou.gov.cn/szsylj/zygk/202502/c39761b4712441d9af389bf1cf5b1098.shtml,https://ylj.suzhou.gov.cn/szsylj/zygk/202502/c39761b4712441d9af389bf1cf5b1098/files/25574bf72502405aa8e3fff2c781aedf.docx
姑苏区-金504,姑苏区,金504,黄杨,Buxus sinica (Rehder & E. H. Wilson) M. Cheng,156,4,105,6.7,市教师发展中心,三级,31.330162,120.646743,地区级示意,https://ylj.suzhou.gov.cn/szsylj/zygk/202502/c39761b4712441d9af389bf1cf5b1098.shtml,https://ylj.suzhou.gov.cn/szsylj/zygk/202502/c39761b4712441d9af389bf1cf5b1098/files/25574bf72502405aa8e3fff2c781aedf.docx
姑苏区-金505,姑苏区,金505,黄杨,Buxus sinica (Rehder & E. H. Wilson) M. Cheng,160,5.2,103,3.5,北浩弄61号枫杨小筑,三级,31.311871,120.618907,地区级示意,https://ylj.suzhou.gov.cn/szsylj/zygk/202502/c39761b4712441d9af389bf1cf5b1098.shtml,https://ylj.suzhou.gov.cn/szsylj/zygk/202502/c39761b4712441d9af389bf1cf5b1098/files/25574bf72502405aa8e3fff2c781aedf.docx
姑苏区-金506,姑苏区,金506,罗汉松,Podocarpus macrophyllus (Thunb.) Sweet,130,5.2,103,6.6,北浩弄61号枫杨小筑,三级,31.282441,120.623506,地区级示意,https://ylj.suzhou.gov.cn/szsylj/zygk/202502/c39761b4712441d9af389bf1cf5b1098.shtml,https://ylj.suzhou.gov.cn/szsylj/zygk/202502/c39761b4712441d9af389bf1cf5b1098/files/25574bf72502405aa8e3fff2c781aedf.docx
姑苏区-沧501,姑苏区,沧501,银杏,Ginkgo biloba L.,849,15.6,433,9.9,孔庙,一级,31.287722,120.603324,地区级示意,https://ylj.suzhou.gov.cn/szsylj/zygk/202502/c39761b4712441d9af389bf1cf5b1098.shtml,https://ylj.suzhou.gov.cn/szsylj/zygk/202502/c39761b4712441d9af389bf1cf5b1098/files/25574bf72502405aa8e3fff2c781aedf.docx
姑苏区-沧502,姑苏区,沧502,银杏,Ginkgo biloba L.,649,18.5,331,13.8,孔庙,一级,31.309888,120.611402,地区级示意,https://ylj.suzhou.gov.cn/szsylj/zygk/202502/c39761b4712441d9af389bf1cf5b1098.shtml,https://ylj.suzhou.gov.cn/szsylj/zygk/202502/c39761b4712441d9af389bf1cf5b1098/files/25574bf72502405aa8e3fff2c781aedf.docx
姑苏区-沧503,姑苏区,沧503,银杏,Ginkgo biloba L.,649,17.3,612,15.7,孔庙,一级,31.338956,120.600344,地区级示意,https://ylj.suzhou.gov.cn/szsylj/zygk/202502/c39761b4712441d9af389bf1cf5b1098.shtml,https://ylj.suzhou.gov.cn/szsylj/zygk/202502/c39761b4712441d9af389bf1cf5b1098/files/25574bf72502405aa8e3fff2c781aedf.docx
姑苏区-沧504,姑苏区,沧504,银杏,Ginkgo biloba L.,649,16.1,183,15.2,孔庙,一级,31.336404,120.589739,地区级示意,https://ylj.suzhou.gov.cn/szsylj/zygk/202502/c39761b4712441d9af389bf1cf5b1098.shtml,https://ylj.suzhou.gov.cn/szsylj/zygk/202502/c39761b4712441d9af389bf1cf5b1098/files/25574bf72502405aa8e3fff2c781aedf.docx
姑苏区-沧505,姑苏区,沧505,楸树,Catalpa bungei C. A. Mey,151,10.2,210,7.9,孔庙,三级,31.307858,120.634738,地区级示意,https://ylj.suzhou.gov.cn/szsylj/zygk/202502/c39761b4712441d9af389bf1cf5b1098.shtml,https://ylj.suzhou.gov.cn/szsylj/zygk/202502/c39761b4712441d9af389bf1cf5b1098/files/25574bf72502405aa8e3fff2c781aedf.docx
姑苏区-沧506,姑苏区,沧506,楸树,Catalpa bungei C. A. Mey,201,19.2,283,9.5,孔庙,三级,31.28557,120.603466,地区级示意,https://ylj.suzhou.gov.cn/szsylj/zygk/202502/c39761b4712441d9af389bf1cf5b1098.shtml,https://ylj.suzhou.gov.cn/szsylj/zygk/202502/c39761b4712441d9af389bf1cf5b1098/files/25574bf72502405aa8e3fff2c781aedf.docx
姑苏区-沧507,姑苏区,沧507,银杏,Ginkgo biloba L.,211,16.2,146,6.9,孔庙,三级,31.286303,120.603435,地区级示意,https://ylj.suzhou.gov.cn/szsylj/zygk/202502/c39761b4712441d9af389bf1cf5b1098.shtml,https://ylj.suzhou.gov.cn/szsylj/zygk/202502/c39761b4712441d9af389bf1cf5b1098/files/25574bf72502405aa8e3fff2c781aedf.docx
姑苏区-沧508,姑苏区,沧508,楸树,Catalpa bungei C. A. Mey,121,18.3,306,11.2,孔庙,三级,31.317083,120.633273,地区级示意,https://ylj.suzhou.gov.cn/szsylj/zygk/202502/c39761b4712441d9af389bf1cf5b1098.shtml,https://ylj.suzhou.gov.cn/szsylj/zygk/202502/c39761b4712441d9af389bf1cf5b1098/files/25574bf72502405aa8e3fff2c781aedf.docx
姑苏区-沧510,姑苏区,沧510,圆柏,Juniperus chinensis Roxb.,171,8.3,154,2.7,苏州中学,三级,31.338921,120.607343,地区级示意,https://ylj.suzhou.gov.cn/szsylj/zygk/202502/c39761b4712441d9af389bf1cf5b1098.shtml,https://ylj.suzhou.gov.cn/szsylj/zygk/202502/c39761b4712441d9af389bf1cf5b1098/files/25574bf72502405aa8e3fff2c781aedf.docx
姑苏区-沧514,姑苏区,沧514,香樟,Camphora officinarum Nees,141,18.3,462,20.5,苏大附一院南区,三级,31.33132,120.59076,地区级示意,https://ylj.suzhou.gov.cn/szsylj/zygk/202502/c39761b4712441d9af389bf1cf5b1098.shtml,https://ylj.suzhou.gov.cn/szsylj/zygk/202502/c39761b4712441d9af389bf1cf5b1098/files/25574bf72502405aa8e3fff2c781aedf.docx
姑苏区-沧518,姑苏区,沧518,木樨,Osmanthus fragrans (Thunb.) Lour.,191,7.3,137,5.1,苏州图书馆,三级,31.336315,120.62169,地区级示意,https://ylj.suzhou.gov.cn/szsylj/zygk/202502/c39761b4712441d9af389bf1cf5b1098.shtml,https://ylj.suzhou.gov.cn/szsylj/zygk/202502/c39761b4712441d9af389bf1cf5b1098/files/25574bf72502405aa8e3fff2c781aedf.docx
姑苏区-沧519,姑苏区,沧519,香樟,Camphora officinarum Nees,121,21.3,262,19,苏州图书馆,三级,31.307329,120.618239,地区级示意,https://ylj.suzhou.gov.cn/szsylj/zygk/202502/c39761b4712441d9af389bf1cf5b1098.shtml,https://ylj.suzhou.gov.cn/szsylj/zygk/202502/c39761b4712441d9af389bf1cf5b1098/files/25574bf72502405aa8e3fff2c781aedf.docx
姑苏区-沧520,姑苏区,沧520,香樟,Camphora officinarum Nees,121,23.4,285,24,苏州图书馆,三级,31.305419,120.604476,地区级示意,https://ylj.suzhou.gov.cn/szsylj/zygk/202502/c39761b4712441d9af389bf1cf5b1098.shtml,https://ylj.suzhou.gov.cn/szsylj/zygk/202502/c39761b4712441d9af389bf1cf5b1098/files/25574bf72502405aa8e3fff2c781aedf.docx
姑苏区-沧521,姑苏区,沧521,罗汉松,Podocarpus macrophyllus (Thunb.) Sweet,121,6.8,132,6,苏州图书馆,三级,31.309988,120.63322,地区级示意,https://ylj.suzhou.gov.cn/szsylj/zygk/202502/c39761b4712441d9af389bf1cf5b1098.shtml,https://ylj.suzhou.gov.cn/szsylj/zygk/202502/c39761b4712441d9af389bf1cf5b1098/files/25574bf72502405aa8e3fff2c781aedf.docx
姑苏区-沧522,姑苏区,沧522,黄杨,Buxus sinica (Rehder & E. H. Wilson) M. Cheng,141,9.3,95,7.4,苏州图书馆,三级,31.331992,120.621803,地区级示意,https://ylj.suzhou.gov.cn/szsylj/zygk/202502/c39761b4712441d9af389bf1cf5b1098.shtml,https://ylj.suzhou.gov.cn/szsylj/zygk/202502/c39761b4712441d9af389bf1cf5b1098/files/25574bf72502405aa8e3fff2c781aedf.docx
姑苏区-沧523,姑苏区,沧523,木樨,Osmanthus fragrans (Thunb.) Lour.,141,9.4,93,7.4,苏州图书馆,三级,31.33144,120.625022,地区级示意,https://ylj.suzhou.gov.cn/szsylj/zygk/202502/c39761b4712441d9af389bf1cf5b1098.shtml,https://ylj.suzhou.gov.cn/szsylj/zygk/202502/c39761b4712441d9af389bf1cf5b1098/files/25574bf72502405aa8e3fff2c781aedf.docx
姑苏区-沧524,姑苏区,沧524,银杏,Ginkgo biloba L.,221,18.3,289,10.7,苏州图书馆,三级,31.340421,120.612323,地区级示意,https://ylj.suzhou.gov.cn/szsylj/zygk/202502/c39761b4712441d9af389bf1cf5b1098.shtml,https://ylj.suzhou.gov.cn/szsylj/zygk/202502/c39761b4712441d9af389bf1cf5b1098/files/25574bf72502405aa8e3fff2c781aedf.docx
姑苏区-沧526,姑苏区,沧526,银杏,Ginkgo biloba L.,221,17.8,273,5.2,人民路39号,三级,31.336751,120.632442,地区级示意,https://ylj.suzhou.gov.cn/szsylj/zygk/202502/c39761b4712441d9af389bf1cf5b1098.shtml,https://ylj.suzhou.gov.cn/szsylj/zygk/202502/c39761b4712441d9af389bf1cf5b1098/files/25574bf72502405aa8e3fff2c781aedf.docx
姑苏区-沧527,姑苏区,沧527,银杏,Ginkgo biloba L.,141,14.8,192,4.7,苏州100医院,三级,31.317187,120.631511,地区级示意,https://ylj.suzhou.gov.cn/szsylj/zygk/202502/c39761b4712441d9af389bf1cf5b1098.shtml,https://ylj.suzhou.gov.cn/szsylj/zygk/202502/c39761b4712441d9af389bf1cf5b1098/files/25574bf72502405aa8e3fff2c781aedf.docx
姑苏区-沧528,姑苏区,沧528,银杏,Ginkgo biloba L.,141,13.6,182,7.2,苏州100医院,三级,31.323821,120.642702,地区级示意,https://ylj.suzhou.gov.cn/szsylj/zygk/202502/c39761b4712441d9af389bf1cf5b1098.shtml,https://ylj.suzhou.gov.cn/szsylj/zygk/202502/c39761b4712441d9af389bf1cf5b1098/files/25574bf72502405aa8e3fff2c781aedf.docx
姑苏区-沧529,姑苏区,沧529,白皮松,Pinus bungeana Zucc. ex Endl.,231,15.4,267,12.8,苏州100医院,三级,31.334275,120.642744,地区级示意,https://ylj.suzhou.gov.cn/szsylj/zygk/202502/c39761b4712441d9af389bf1cf5b1098.shtml,https://ylj.suzhou.gov.cn/szsylj/zygk/202502/c39761b4712441d9af389bf1cf5b1098/files/25574bf72502405aa8e3fff2c781aedf.docx
姑苏区-沧530,姑苏区,沧530,圆柏,Juniperus chinensis Roxb.,171,6.5,85,3,南门路94号,三级,31.312343,120.583509,地区级示意,https://ylj.suzhou.gov.cn/szsylj/zygk/202502/c39761b4712441d9af389bf1cf5b1098.shtml,https://ylj.suzhou.gov.cn/szsylj/zygk/202502/c39761b4712441d9af389bf1cf5b1098/files/25574bf72502405aa8e3fff2c781aedf.docx
姑苏区-沧531,姑苏区,沧531,圆柏,Juniperus chinensis Roxb.,191,6,79,4.5,南门路94号,三级,31.310964,120.583095,地区级示意,https://ylj.suzhou.gov.cn/szsylj/zygk/202502/c39761b4712441d9af389bf1cf5b1098.shtml,https://ylj.suzhou.gov.cn/szsylj/zygk/202502/c39761b4712441d9af389bf1cf5b1098/files/25574bf72502405aa8e3fff2c781aedf.docx
姑苏区-沧532,姑苏区,沧532,紫藤,Wisteria sinensis (Sims) Sweet,221,4,50,4.5,南门路94号,三级,31.290513,120.607508,地区级示意,https://ylj.suzhou.gov.cn/szsylj/zygk/202502/c39761b4712441d9af389bf1cf5b1098.shtml,https://ylj.suzhou.gov.cn/szsylj/zygk/202502/c39761b4712441d9af389bf1cf5b1098/files/25574bf72502405aa8e3fff2c781aedf.docx
姑苏区-沧534,姑苏区,沧534,木樨,Osmanthus fragrans (Thunb.) Lour.,391,7.5,98,8,南门路94号,二级,31.302483,120.597333,地区级示意,https://ylj.suzhou.gov.cn/szsylj/zygk/202502/c39761b4712441d9af389bf1cf5b1098.shtml,https://ylj.suzhou.gov.cn/szsylj/zygk/202502/c39761b4712441d9af389bf1cf5b1098/files/25574bf72502405aa8e3fff2c781aedf.docx
姑苏区-沧535,姑苏区,沧535,黄杨,Buxus sinica (Rehder & E. H. Wilson) M. Cheng,291,6,57,5,南门路94号,三级,31.323043,120.582218,地区级示意,https://ylj.suzhou.gov.cn/szsylj/zygk/202502/c39761b4712441d9af389bf1cf5b1098.shtml,https://ylj.suzhou.gov.cn/szsylj/zygk/202502/c39761b4712441d9af389bf1cf5b1098/files/25574bf72502405aa8e3fff2c781aedf.docx
姑苏区-沧537,姑苏区,沧537,银杏,Ginkgo biloba L.,121,19.2,204,9,苏州卫生学院（书院校区）,三级,31.315977,120.587363,地区级示意,https://ylj.suzhou.gov.cn/szsylj/zygk/202502/c39761b4712441d9af389bf1cf5b1098.shtml,https://ylj.suzhou.gov.cn/szsylj/zygk/202502/c39761b4712441d9af389bf1cf5b1098/files/25574bf72502405aa8e3fff2c781aedf.docx
姑苏区-沧538,姑苏区,沧538,紫藤,Wisteria sinensis (Sims) Sweet,641,6.2,82,8.7,书院巷103号,一级,31.306604,120.610665,地区级示意,https://ylj.suzhou.gov.cn/szsylj/zygk/202502/c39761b4712441d9af389bf1cf5b1098.shtml,https://ylj.suzhou.gov.cn/szsylj/zygk/202502/c39761b4712441d9af389bf1cf5b1098/files/25574bf72502405aa8e3fff2c781aedf.docx
姑苏区-沧539,姑苏区,沧539,紫藤,Wisteria sinensis (Sims) Sweet,296,3.8,173,7.3,侍其巷45号,三级,31.327932,120.619805,地区级示意,https://ylj.suzhou.gov.cn/szsylj/zygk/202502/c39761b4712441d9af389bf1cf5b1098.shtml,https://ylj.suzhou.gov.cn/szsylj/zygk/202502/c39761b4712441d9af389bf1cf5b1098/files/25574bf72502405aa8e3fff2c781aedf.docx
姑苏区-沧540,姑苏区,沧540,紫藤,Wisteria sinensis (Sims) Sweet,296,3.7,133,6.4,侍其巷45号,三级,31.310768,120.632958,地区级示意,https://ylj.suzhou.gov.cn/szsylj/zygk/202502/c39761b4712441d9af389bf1cf5b1098.shtml,https://ylj.suzhou.gov.cn/szsylj/zygk/202502/c39761b4712441d9af389bf1cf5b1098/files/25574bf72502405aa8e3fff2c781aedf.docx
姑苏区-沧541,姑苏区,沧541,紫藤,Wisteria sinensis (Sims) Sweet,241,3.8,94,5.9,侍其巷45号,三级,31.289465,120.603593,地区级示意,https://ylj.suzhou.gov.cn/szsylj/zygk/202502/c39761b4712441d9af389bf1cf5b1098.shtml,https://ylj.suzhou.gov.cn/szsylj/zygk/202502/c39761b4712441d9af389bf1cf5b1098/files/25574bf72502405aa8e3fff2c781aedf.docx
姑苏区-沧542,姑苏区,沧542,广玉兰,Magnolia grandiflora L.,141,18.7,327,12.7,侍其巷45号,三级,31.302709,120.647056,地区级示意,https://ylj.suzhou.gov.cn/szsylj/zygk/202502/c39761b4712441d9af389bf1cf5b1098.shtml,https://ylj.suzhou.gov.cn/szsylj/zygk/202502/c39761b4712441d9af389bf1cf5b1098/files/25574bf72502405aa8e3fff2c781aedf.docx
姑苏区-沧543,姑苏区,沧543,黄杨,Buxus sinica (Rehder & E. H. Wilson) M. Cheng,131,7,97,6.4,寿宁弄2号,三级,31.308145,120.655087,地区级示意,https://ylj.suzhou.gov.cn/szsylj/zygk/202502/c39761b4712441d9af389bf1cf5b1098.shtml,https://ylj.suzhou.gov.cn/szsylj/zygk/202502/c39761b4712441d9af389bf1cf5b1098/files/25574bf72502405aa8e3fff2c781aedf.docx
姑苏区-沧544,姑苏区,沧544,黄杨,Buxus sinica (Rehder & E. H. Wilson) M. Cheng,121,6.3,317,5.7,寿宁弄2号,三级,31.317741,120.604821,地区级示意,https://ylj.suzhou.gov.cn/szsylj/zygk/202502/c39761b4712441d9af389bf1cf5b1098.shtml,https://ylj.suzhou.gov.cn/szsylj/zygk/202502/c39761b4712441d9af389bf1cf5b1098/files/25574bf72502405aa8e3fff2c781aedf.docx
姑苏区-沧545,姑苏区,沧545,木樨,Osmanthus fragrans (Thunb.) Lour.,171,7.2,104,7.7,寿宁弄2号,三级,31.310161,120.651219,地区级示意,https://ylj.suzhou.gov.cn/szsylj/zygk/202502/c39761b4712441d9af389bf1cf5b1098.shtml,https://ylj.suzhou.gov.cn/szsylj/zygk/202502/c39761b4712441d9af389bf1cf5b1098/files/25574bf72502405aa8e3fff2c781aedf.docx
姑苏区-沧546,姑苏区,沧546,木樨,Osmanthus fragrans (Thunb.) Lour.,141,7.9,91,5,寿宁弄2号,三级,31.327071,120.609051,地区级示意,https://ylj.suzhou.gov.cn/szsylj/zygk/202502/c39761b4712441d9af389bf1cf5b1098.shtml,https://ylj.suzhou.gov.cn/szsylj/zygk/202502/c39761b4712441d9af389bf1cf5b1098/files/25574bf72502405aa8e3fff2c781aedf.docx
姑苏区-沧547,姑苏区,沧547,木樨,Osmanthus fragrans (Thunb.) Lour.,121,8.6,60,3.8,寿宁弄2号,三级,31.290118,120.599493,地区级示意,https://ylj.suzhou.gov.cn/szsylj/zygk/202502/c39761b4712441d9af389bf1cf5b1098.shtml,https://ylj.suzhou.gov.cn/szsylj/zygk/202502/c39761b4712441d9af389bf1cf5b1098/files/25574bf72502405aa8e3fff2c781aedf.docx
姑苏区-沧548,姑苏区,沧548,木樨,Osmanthus fragrans (Thunb.) Lour.,171,6.9,75,6.5,寿宁弄2-1号,三级,31.31363,120.62039,地区级示意,https://ylj.suzhou.gov.cn/szsylj/zygk/202502/c39761b4712441d9af389bf1cf5b1098.shtml,https://ylj.suzhou.gov.cn/szsylj/zygk/202502/c39761b4712441d9af389bf1cf5b1098/files/25574bf72502405aa8e3fff2c781aedf.docx
姑苏区-沧549,姑苏区,沧549,木樨,Osmanthus fragrans (Thunb.) Lour.,171,7.4,97,5.7,寿宁弄2-1号,三级,31.339768,120.603907,地区级示意,https://ylj.suzhou.gov.cn/szsylj/zygk/202502/c39761b4712441d9af389bf1cf5b1098.shtml,https://ylj.suzhou.gov.cn/szsylj/zygk/202502/c39761b4712441d9af389bf1cf5b1098/files/25574bf72502405aa8e3fff2c781aedf.docx
姑苏区-沧550,姑苏区,沧550,银杏,Ginkgo biloba L.,121,16.8,261,7.8,苏州市立医院本部,三级,31.293361,120.641978,地区级示意,https://ylj.suzhou.gov.cn/szsylj/zygk/202502/c39761b4712441d9af389bf1cf5b1098.shtml,https://ylj.suzhou.gov.cn/szsylj/zygk/202502/c39761b4712441d9af389bf1cf5b1098/files/25574bf72502405aa8e3fff2c781aedf.docx
姑苏区-沧553,姑苏区,沧553,二乔玉兰,Yulania × soulangeana (Soul.-Bod.) D. L. Fu,321,11.4,260,10.7,道前街170号,二级,31.301856,120.597244,地区级示意,https://ylj.suzhou.gov.cn/szsylj/zygk/202502/c39761b4712441d9af389bf1cf5b1098.shtml,https://ylj.suzhou.gov.cn/szsylj/zygk/202502/c39761b4712441d9af389bf1cf5b1098/files/25574bf72502405aa8e3fff2c781aedf.docx
姑苏区-沧555,姑苏区,沧555,木樨,Osmanthus fragrans (Thunb.) Lour.,121,9.3,79,6.7,道前街170号,三级,31.325366,120.592937,地区级示意,https://ylj.suzhou.gov.cn/szsylj/zygk/202502/c39761b4712441d9af389bf1cf5b1098.shtml,https://ylj.suzhou.gov.cn/szsylj/zygk/202502/c39761b4712441d9af389bf1cf5b1098/files/25574bf72502405aa8e3fff2c781aedf.docx
姑苏区-沧556,姑苏区,沧556,木樨,Osmanthus fragrans (Thunb.) Lour.,121,12.7,166,9.2,道前街170号,三级,31.299051,120.649691,地区级示意,https://ylj.suzhou.gov.cn/szsylj/zygk/202502/c39761b4712441d9af389bf1cf5b1098.shtml,https://ylj.suzhou.gov.cn/szsylj/zygk/202502/c39761b4712441d9af389bf1cf5b1098/files/25574bf72502405aa8e3fff2c781aedf.docx
姑苏区-沧557,姑苏区,沧557,木樨,Osmanthus fragrans (Thunb.) Lour.,121,9.4,79,6.6,道前街170号,三级,31.330588,120.645933,地区级示意,https://ylj.suzhou.gov.cn/szsylj/zygk/202502/c39761b4712441d9af389bf1cf5b1098.shtml,https://ylj.suzhou.gov.cn/szsylj/zygk/202502/c39761b4712441d9af389bf1cf5b1098/files/25574bf72502405aa8e3fff2c781aedf.docx
姑苏区-沧559,姑苏区,沧559,木樨,Osmanthus fragrans (Thunb.) Lour.,271,9.6,170,7.7,道前街170号,三级,31.31796,120.593571,地区级示意,https://ylj.suzhou.gov.cn/szsylj/zygk/202502/c39761b4712441d9af389bf1cf5b1098.shtml,https://ylj.suzhou.gov.cn/szsylj/zygk/202502/c39761b4712441d9af389bf1cf5b1098/files/25574bf72502405aa8e3fff2c781aedf.docx
姑苏区-沧560,姑苏区,沧560,木樨,Osmanthus fragrans (Thunb.) Lour.,141,7.3,66,7.4,道前街170号,三级,31.321076,120.601489,地区级示意,https://ylj.suzhou.gov.cn/szsylj/zygk/202502/c39761b4712441d9af389bf1cf5b1098.shtml,https://ylj.suzhou.gov.cn/szsylj/zygk/202502/c39761b4712441d9af389bf1cf5b1098/files/25574bf72502405aa8e3fff2c781aedf.docx
姑苏区-沧561,姑苏区,沧561,木樨,Osmanthus fragrans (Thunb.) Lour.,161,8.6,69,6.3,道前街170号,三级,31.30872,120.611189,地区级示意,https://ylj.suzhou.gov.cn/szsylj/zygk/202502/c39761b4712441d9af389bf1cf5b1098.shtml,https://ylj.suzhou.gov.cn/szsylj/zygk/202502/c39761b4712441d9af389bf1cf5b1098/files/25574bf72502405aa8e3fff2c781aedf.docx
姑苏区-沧562,姑苏区,沧562,紫藤,Wisteria sinensis (Sims) Sweet,141,3.3,69,5.4,道前街170号,三级,31.311628,120.61914,地区级示意,https://ylj.suzhou.gov.cn/szsylj/zygk/202502/c39761b4712441d9af389bf1cf5b1098.shtml,https://ylj.suzhou.gov.cn/szsylj/zygk/202502/c39761b4712441d9af389bf1cf5b1098/files/25574bf72502405aa8e3fff2c781aedf.docx
姑苏区-沧563,姑苏区,沧563,木樨,Osmanthus fragrans (Thunb.) Lour.,151,7.5,122,7.7,道前街170号,三级,31.308297,120.607991,地区级示意,https://ylj.suzhou.gov.cn/szsylj/zygk/202502/c39761b4712441d9af389bf1cf5b1098.shtml,https://ylj.suzhou.gov.cn/szsylj/zygk/202502/c39761b4712441d9af389bf1cf5b1098/files/25574bf72502405aa8e3fff2c781aedf.docx
姑苏区-沧565,姑苏区,沧565,罗汉松,Podocarpus macrophyllus (Thunb.) Sweet,151,9,151,7.4,南园宾馆,三级,31.313729,120.62001,地区级示意,https://ylj.suzhou.gov.cn/szsylj/zygk/202502/c39761b4712441d9af389bf1cf5b1098.shtml,https://ylj.suzhou.gov.cn/szsylj/zygk/202502/c39761b4712441d9af389bf1cf5b1098/files/25574bf72502405aa8e3fff2c781aedf.docx
姑苏区-沧566,姑苏区,沧566,黄杨,Buxus sinica (Rehder & E. H. Wilson) M. Cheng,151,9,104,5,南园宾馆,三级,31.317056,120.621295,地区级示意,https://ylj.suzhou.gov.cn/szsylj/zygk/202502/c39761b4712441d9af389bf1cf5b1098.shtml,https://ylj.suzhou.gov.cn/szsylj/zygk/202502/c39761b4712441d9af389bf1cf5b1098/files/25574bf72502405aa8e3fff2c781aedf.docx
姑苏区-沧567,姑苏区,沧567,木樨,Osmanthus fragrans (Thunb.) Lour.,321,7,222,8,南园宾馆,二级,31.304528,120.587071,地区级示意,https://ylj.suzhou.gov.cn/szsylj/zygk/202502/c39761b4712441d9af389bf1cf5b1098.shtml,https://ylj.suzhou.gov.cn/szsylj/zygk/202502/c39761b4712441d9af389bf1cf5b1098/files/25574bf72502405aa8e3fff2c781aedf.docx
姑苏区-沧569,姑苏区,沧569,白皮松,Pinus bungeana Zucc. ex Endl.,171,11,157,14,南园宾馆,三级,31.307914,120.611098,地区级示意,https://ylj.suzhou.gov.cn/szsylj/zygk/202502/c39761b4712441d9af389bf1cf5b1098.shtml,https://ylj.suzhou.gov.cn/szsylj/zygk/202502/c39761b4712441d9af389bf1cf5b1098/files/25574bf72502405aa8e3fff2c781aedf.docx
姑苏区-沧570,姑苏区,沧570,白皮松,Pinus bungeana Zucc. ex Endl.,181,8,119,5.3,南园宾馆,三级,31.310201,120.635698,地区级示意,https://ylj.suzhou.gov.cn/szsylj/zygk/202502/c39761b4712441d9af389bf1cf5b1098.shtml,https://ylj.suzhou.gov.cn/szsylj/zygk/202502/c39761b4712441d9af389bf1cf5b1098/files/25574bf72502405aa8e3fff2c781aedf.docx
姑苏区-沧571,姑苏区,沧571,白皮松,Pinus bungeana Zucc. ex Endl.,171,12,195,15,南园宾馆,三级,31.308433,120.641183,地区级示意,https://ylj.suzhou.gov.cn/szsylj/zygk/202502/c39761b4712441d9af389bf1cf5b1098.shtml,https://ylj.suzhou.gov.cn/szsylj/zygk/202502/c39761b4712441d9af389bf1cf5b1098/files/25574bf72502405aa8e3fff2c781aedf.docx
姑苏区-沧572,姑苏区,沧572,木樨,Osmanthus fragrans (Thunb.) Lour.,141,7,107,4.6,南园宾馆,三级,31.291997,120.591459,地区级示意,https://ylj.suzhou.gov.cn/szsylj/zygk/202502/c39761b4712441d9af389bf1cf5b1098.shtml,https://ylj.suzhou.gov.cn/szsylj/zygk/202502/c39761b4712441d9af389bf1cf5b1098/files/25574bf72502405aa8e3fff2c781aedf.docx
姑苏区-沧573,姑苏区,沧573,枸骨,Ilex cornuta Lindl. & Paxton,121,6.8,66,4,南园宾馆,三级,31.284631,120.611883,地区级示意,https://ylj.suzhou.gov.cn/szsylj/zygk/202502/c39761b4712441d9af389bf1cf5b1098.shtml,https://ylj.suzhou.gov.cn/szsylj/zygk/202502/c39761b4712441d9af389bf1cf5b1098/files/25574bf72502405aa8e3fff2c781aedf.docx
姑苏区-沧574,姑苏区,沧574,日本五针松,Pinus parviflora Siebold & Zucc.,121,10,79,6.5,南园宾馆,三级,31.333087,120.592381,地区级示意,https://ylj.suzhou.gov.cn/szsylj/zygk/202502/c39761b4712441d9af389bf1cf5b1098.shtml,https://ylj.suzhou.gov.cn/szsylj/zygk/202502/c39761b4712441d9af389bf1cf5b1098/files/25574bf72502405aa8e3fff2c781aedf.docx
姑苏区-沧575,姑苏区,沧575,龙柏,Juniperus chinensis 'Kaizuca',141,9,122,4.9,南园宾馆,三级,31.308707,120.612217,地区级示意,https://ylj.suzhou.gov.cn/szsylj/zygk/202502/c39761b4712441d9af389bf1cf5b1098.shtml,https://ylj.suzhou.gov.cn/szsylj/zygk/202502/c39761b4712441d9af389bf1cf5b1098/files/25574bf72502405aa8e3fff2c781aedf.docx
姑苏区-沧576,姑苏区,沧576,龙柏,Juniperus chinensis 'Kaizuca',121,8,113,5.7,南园宾馆,三级,31.293423,120.598294,地区级示意,https://ylj.suzhou.gov.cn/szsylj/zygk/202502/c39761b4712441d9af389bf1cf5b1098.shtml,https://ylj.suzhou.gov.cn/szsylj/zygk/202502/c39761b4712441d9af389bf1cf5b1098/files/25574bf72502405aa8e3fff2c781aedf.docx
姑苏区-沧577,姑苏区,沧577,龙柏,Juniperus chinensis 'Kaizuca',141,8.5,113,5.4,南园宾馆,三级,31.344411,120.629838,地区级示意,https://ylj.suzhou.gov.cn/szsylj/zygk/202502/c39761b4712441d9af389bf1cf5b1098.shtml,https://ylj.suzhou.gov.cn/szsylj/zygk/202502/c39761b4712441d9af389bf1cf5b1098/files/25574bf72502405aa8e3fff2c781aedf.docx
姑苏区-沧578,姑苏区,沧578,木樨,Osmanthus fragrans (Thunb.) Lour.,171,5,110,3.1,南园宾馆,三级,31.311977,120.604088,地区级示意,https://ylj.suzhou.gov.cn/szsylj/zygk/202502/c39761b4712441d9af389bf1cf5b1098.shtml,https://ylj.suzhou.gov.cn/szsylj/zygk/202502/c39761b4712441d9af389bf1cf5b1098/files/25574bf72502405aa8e3fff2c781aedf.docx
姑苏区-沧579,姑苏区,沧579,银杏,Ginkgo biloba L.,271,16,245,10.4,南园宾馆,三级,31.330036,120.611906,地区级示意,https://ylj.suzhou.gov.cn/szsylj/zygk/202502/c39761b4712441d9af389bf1cf5b1098.shtml,https://ylj.suzhou.gov.cn/szsylj/zygk/202502/c39761b4712441d9af389bf1cf5b1098/files/25574bf72502405aa8e3fff2c781aedf.docx
姑苏区-沧581,姑苏区,沧581,紫藤,Wisteria sinensis (Sims) Sweet,121,2.5,148,3,南园宾馆,三级,31.324492,120.600071,地区级示意,https://ylj.suzhou.gov.cn/szsylj/zygk/202502/c39761b4712441d9af389bf1cf5b1098.shtml,https://ylj.suzhou.gov.cn/szsylj/zygk/202502/c39761b4712441d9af389bf1cf5b1098/files/25574bf72502405aa8e3fff2c781aedf.docx
姑苏区-沧582,姑苏区,沧582,黄杨,Buxus sinica (Rehder & E. H. Wilson) M. Cheng,141,7,104,3.9,南园宾馆,三级,31.311454,120.62794,地区级示意,https://ylj.suzhou.gov.cn/szsylj/zygk/202502/c39761b4712441d9af389bf1cf5b1098.shtml,https://ylj.suzhou.gov.cn/szsylj/zygk/202502/c39761b4712441d9af389bf1cf5b1098/files/25574bf72502405aa8e3fff2c781aedf.docx
姑苏区-沧583,姑苏区,沧583,木樨,Osmanthus fragrans (Thunb.) Lour.,151,4.8,110,3.8,南园宾馆,三级,31.29094,120.644417,地区级示意,https://ylj.suzhou.gov.cn/szsylj/zygk/202502/c39761b4712441d9af389bf1cf5b1098.shtml,https://ylj.suzhou.gov.cn/szsylj/zygk/202502/c39761b4712441d9af389bf1cf5b1098/files/25574bf72502405aa8e3fff2c781aedf.docx
姑苏区-沧584,姑苏区,沧584,紫薇,Lagerstroemia indica L.,121,7,75,3.8,南园宾馆,三级,31.329312,120.600797,地区级示意,https://ylj.suzhou.gov.cn/szsylj/zygk/202502/c39761b4712441d9af389bf1cf5b1098.shtml,https://ylj.suzhou.gov.cn/szsylj/zygk/202502/c39761b4712441d9af389bf1cf5b1098/files/25574bf72502405aa8e3fff2c781aedf.docx
姑苏区-沧585,姑苏区,沧585,香樟,Camphora officinarum Nees,121,16,484,18,南园宾馆,三级,31.3346,120.646394,地区级示意,https://ylj.suzhou.gov.cn/szsylj/zygk/202502/c39761b4712441d9af389bf1cf5b1098.shtml,https://ylj.suzhou.gov.cn/szsylj/zygk/202502/c39761b4712441d9af389bf1cf5b1098/files/25574bf72502405aa8e3fff2c781aedf.docx
姑苏区-沧586,姑苏区,沧586,罗汉松,Podocarpus macrophyllus (Thunb.) Sweet,341,8,146,6,十全街686号,二级,31.311458,120.63769,地区级示意,https://ylj.suzhou.gov.cn/szsylj/zygk/202502/c39761b4712441d9af389bf1cf5b1098.shtml,https://ylj.suzhou.gov.cn/szsylj/zygk/202502/c39761b4712441d9af389bf1cf5b1098/files/25574bf72502405aa8e3fff2c781aedf.docx
姑苏区-沧587,姑苏区,沧587,榔榆,Ulmus parvifolia Jacq.,121,18,279,17,南林饭店,三级,31.296708,120.603077,地区级示意,https://ylj.suzhou.gov.cn/szsylj/zygk/202502/c39761b4712441d9af389bf1cf5b1098.shtml,https://ylj.suzhou.gov.cn/szsylj/zygk/202502/c39761b4712441d9af389bf1cf5b1098/files/25574bf72502405aa8e3fff2c781aedf.docx
姑苏区-沧588,姑苏区,沧588,朴树,Celtis sinensis Pers.,121,19,185,15,南林饭店,三级,31.314199,120.590156,地区级示意,https://ylj.suzhou.gov.cn/szsylj/zygk/202502/c39761b4712441d9af389bf1cf5b1098.shtml,https://ylj.suzhou.gov.cn/szsylj/zygk/202502/c39761b4712441d9af389bf1cf5b1098/files/25574bf72502405aa8e3fff2c781aedf.docx
姑苏区-沧589,姑苏区,沧589,木樨,Osmanthus fragrans (Thunb.) Lour.,321,6,122,5.9,南林饭店,二级,31.286417,120.626023,地区级示意,https://ylj.suzhou.gov.cn/szsylj/zygk/202502/c39761b4712441d9af389bf1cf5b1098.shtml,https://ylj.suzhou.gov.cn/szsylj/zygk/202502/c39761b4712441d9af389bf1cf5b1098/files/25574bf72502405aa8e3fff2c781aedf.docx
姑苏区-沧590,姑苏区,沧590,木樨,Osmanthus fragrans (Thunb.) Lour.,321,7.5,142,5.9,南林饭店,二级,31.327377,120.584279,地区级示意,https://ylj.suzhou.gov.cn/szsylj/zygk/202502/c39761b4712441d9af389bf1cf5b1098.shtml,https://ylj.suzhou.gov.cn/szsylj/zygk/202502/c39761b4712441d9af389bf1cf5b1098/files/25574bf72502405aa8e3fff2c781aedf.docx
姑苏区-沧591,姑苏区,沧591,木樨,Osmanthus fragrans (Thunb.) Lour.,141,7.1,113,6,吏舍弄10号,三级,31.2945,120.589727,地区级示意,https://ylj.suzhou.gov.cn/szsylj/zygk/202502/c39761b4712441d9af389bf1cf5b1098.shtml,https://ylj.suzhou.gov.cn/szsylj/zygk/202502/c39761b4712441d9af389bf1cf5b1098/files/25574bf72502405aa8e3fff2c781aedf.docx
姑苏区-沧592,姑苏区,沧592,木樨,Osmanthus fragrans (Thunb.) Lour.,201,5.7,132,5.2,吏舍弄10号,三级,31.321195,120.607058,地区级示意,https://ylj.suzhou.gov.cn/szsylj/zygk/202502/c39761b4712441d9af389bf1cf5b1098.shtml,https://ylj.suzhou.gov.cn/szsylj/zygk/202502/c39761b4712441d9af389bf1cf5b1098/files/25574bf72502405aa8e3fff2c781aedf.docx
姑苏区-沧594,姑苏区,沧594,鸡爪槭,Acer palmatum Thunb.,121,9.1,171,7,西二路1号,三级,31.298931,120.632427,地区级示意,https://ylj.suzhou.gov.cn/szsylj/zygk/202502/c39761b4712441d9af389bf1cf5b1098.shtml,https://ylj.suzhou.gov.cn/szsylj/zygk/202502/c39761b4712441d9af389bf1cf5b1098/files/25574bf72502405aa8e3fff2c781aedf.docx
姑苏区-沧597,姑苏区,沧597,朴树,Celtis sinensis Pers.,151,12.3,245,10.6,新市路3号,三级,31.308003,120.652347,地区级示意,https://ylj.suzhou.gov.cn/szsylj/zygk/202502/c39761b4712441d9af389bf1cf5b1098.shtml,https://ylj.suzhou.gov.cn/szsylj/zygk/202502/c39761b4712441d9af389bf1cf5b1098/files/25574bf72502405aa8e3fff2c781aedf.docx
姑苏区-沧598,姑苏区,沧598,银杏,Ginkgo biloba L.,161,18.8,503,8.9,田家炳中学,三级,31.315043,120.609379,地区级示意,https://ylj.suzhou.gov.cn/szsylj/zygk/202502/c39761b4712441d9af389bf1cf5b1098.shtml,https://ylj.suzhou.gov.cn/szsylj/zygk/202502/c39761b4712441d9af389bf1cf5b1098/files/25574bf72502405aa8e3fff2c781aedf.docx
姑苏区-沧599,姑苏区,沧599,黄杨,Buxus sinica (Rehder & E. H. Wilson) M. Cheng,181,10.3,144,2.7,梅家桥弄6号,三级,31.327276,120.623926,地区级示意,https://ylj.suzhou.gov.cn/szsylj/zygk/202502/c39761b4712441d9af389bf1cf5b1098.shtml,https://ylj.suzhou.gov.cn/szsylj/zygk/202502/c39761b4712441d9af389bf1cf5b1098/files/25574bf72502405aa8e3fff2c781aedf.docx
姑苏区-沧600,姑苏区,沧600,罗汉松,Podocarpus macrophyllus (Thunb.) Sweet,151,8.4,191,6.3,吉庆街小仓口10号,三级,31.291346,120.619332,地区级示意,https://ylj.suzhou.gov.cn/szsylj/zygk/202502/c39761b4712441d9af389bf1cf5b1098.shtml,https://ylj.suzhou.gov.cn/szsylj/zygk/202502/c39761b4712441d9af389bf1cf5b1098/files/25574bf72502405aa8e3fff2c781aedf.docx
姑苏区-沧601,姑苏区,沧601,银杏,Ginkgo biloba L.,271,22,153,10.7,三香路与阊胥路交叉口,三级,31.330491,120.592143,地区级示意,https://ylj.suzhou.gov.cn/szsylj/zygk/202502/c39761b4712441d9af389bf1cf5b1098.shtml,https://ylj.suzhou.gov.cn/szsylj/zygk/202502/c39761b4712441d9af389bf1cf5b1098/files/25574bf72502405aa8e3fff2c781aedf.docx
姑苏区-沧602,姑苏区,沧602,银杏,Ginkgo biloba L.,201,24,207,10.7,三香路与阊胥路交叉口,三级,31.343636,120.633752,地区级示意,https://ylj.suzhou.gov.cn/szsylj/zygk/202502/c39761b4712441d9af389bf1cf5b1098.shtml,https://ylj.suzhou.gov.cn/szsylj/zygk/202502/c39761b4712441d9af389bf1cf5b1098/files/25574bf72502405aa8e3fff2c781aedf.docx
姑苏区-沧603,姑苏区,沧603,银杏,Ginkgo biloba L.,131,18,130,6.7,三香路与阊胥路交叉口,三级,31.289598,120.640329,地区级示意,https://ylj.suzhou.gov.cn/szsylj/zygk/202502/c39761b4712441d9af389bf1cf5b1098.shtml,https://ylj.suzhou.gov.cn/szsylj/zygk/202502/c39761b4712441d9af389bf1cf5b1098/files/25574bf72502405aa8e3fff2c781aedf.docx
姑苏区-沧604,姑苏区,沧604,紫藤,Wisteria sinensis (Sims) Sweet,256,5,60,4,江苏电力技师学校,三级,31.319536,120.609408,地区级示意,https://ylj.suzhou.gov.cn/szsylj/zygk/202502/c39761b4712441d9af389bf1cf5b1098.shtml,https://ylj.suzhou.gov.cn/szsylj/zygk/202502/c39761b4712441d9af389bf1cf5b1098/files/25574bf72502405aa8e3fff2c781aedf.docx
姑苏区-沧605,姑苏区,沧605,紫藤,Wisteria sinensis (Sims) Sweet,256,5,60,5,江苏电力技师学校,三级,31.342279,120.631021,地区级示意,https://ylj.suzhou.gov.cn/szsylj/zygk/202502/c39761b4712441d9af389bf1cf5b1098.shtml,https://ylj.suzhou.gov.cn/szsylj/zygk/202502/c39761b4712441d9af389bf1cf5b1098/files/25574bf72502405aa8e3fff2c781aedf.docx
姑苏区-沧606,姑苏区,沧606,紫藤,Wisteria sinensis (Sims) Sweet,221,3.7,194,14,干将西路251号,三级,31.311589,120.649564,地区级示意,https://ylj.suzhou.gov.cn/szsylj/zygk/202502/c39761b4712441d9af389bf1cf5b1098.shtml,https://ylj.suzhou.gov.cn/szsylj/zygk/202502/c39761b4712441d9af389bf1cf5b1098/files/25574bf72502405aa8e3fff2c781aedf.docx
姑苏区-沧607,姑苏区,沧607,紫藤,Wisteria sinensis (Sims) Sweet,141,4.2,273,10.8,干将西路251号,三级,31.344553,120.618101,地区级示意,https://ylj.suzhou.gov.cn/szsylj/zygk/202502/c39761b4712441d9af389bf1cf5b1098.shtml,https://ylj.suzhou.gov.cn/szsylj/zygk/202502/c39761b4712441d9af389bf1cf5b1098/files/25574bf72502405aa8e3fff2c781aedf.docx
姑苏区-沧608,姑苏区,沧608,木樨,Osmanthus fragrans (Thunb.) Lour.,231,7.2,154,5.9,盛家浜8号,三级,31.294481,120.592279,地区级示意,https://ylj.suzhou.gov.cn/szsylj/zygk/202502/c39761b4712441d9af389bf1cf5b1098.shtml,https://ylj.suzhou.gov.cn/szsylj/zygk/202502/c39761b4712441d9af389bf1cf5b1098/files/25574bf72502405aa8e3fff2c781aedf.docx
姑苏区-沧609,姑苏区,沧609,木樨,Osmanthus fragrans (Thunb.) Lour.,151,6.3,107,3.9,盛家浜8号,三级,31.311589,120.610482,地区级示意,https://ylj.suzhou.gov.cn/szsylj/zygk/202502/c39761b4712441d9af389bf1cf5b1098.shtml,https://ylj.suzhou.gov.cn/szsylj/zygk/202502/c39761b4712441d9af389bf1cf5b1098/files/25574bf72502405aa8e3fff2c781aedf.docx
姑苏区-沧610,姑苏区,沧610,广玉兰,Magnolia grandiflora L.,121,15.8,286,21.9,盛家浜4号,三级,31.324197,120.595451,地区级示意,https://ylj.suzhou.gov.cn/szsylj/zygk/202502/c39761b4712441d9af389bf1cf5b1098.shtml,https://ylj.suzhou.gov.cn/szsylj/zygk/202502/c39761b4712441d9af389bf1cf5b1098/files/25574bf72502405aa8e3fff2c781aedf.docx
姑苏区-沧611,姑苏区,沧611,朴树,Celtis sinensis Pers.,121,19.2,383,8.3,东善长巷11号,三级,31.298775,120.625261,地区级示意,https://ylj.suzhou.gov.cn/szsylj/zygk/202502/c39761b4712441d9af389bf1cf5b1098.shtml,https://ylj.suzhou.gov.cn/szsylj/zygk/202502/c39761b4712441d9af389bf1cf5b1098/files/25574bf72502405aa8e3fff2c781aedf.docx
姑苏区-沧612,姑苏区,沧612,黄杨,Buxus sinica (Rehder & E. H. Wilson) M. Cheng,131,6,72,5.5,西善长巷54号,三级,31.283697,120.620675,地区级示意,https://ylj.suzhou.gov.cn/szsylj/zygk/202502/c39761b4712441d9af389bf1cf5b1098.shtml,https://ylj.suzhou.gov.cn/szsylj/zygk/202502/c39761b4712441d9af389bf1cf5b1098/files/25574bf72502405aa8e3fff2c781aedf.docx
姑苏区-沧613,姑苏区,沧613,糙叶树,Aphananthe aspera (Thunb.) Planch.,121,17,192,12,西善长巷55号1幢101,三级,31.33655,120.600554,地区级示意,https://ylj.suzhou.gov.cn/szsylj/zygk/202502/c39761b4712441d9af389bf1cf5b1098.shtml,https://ylj.suzhou.gov.cn/szsylj/zygk/202502/c39761b4712441d9af389bf1cf5b1098/files/25574bf72502405aa8e3fff2c781aedf.docx
姑苏区-沧614,姑苏区,沧614,银杏,Ginkgo biloba L.,221,19.5,257,10.6,西善长巷55号1幢101,三级,31.315473,120.591692,地区级示意,https://ylj.suzhou.gov.cn/szsylj/zygk/202502/c39761b4712441d9af389bf1cf5b1098.shtml,https://ylj.suzhou.gov.cn/szsylj/zygk/202502/c39761b4712441d9af389bf1cf5b1098/files/25574bf72502405aa8e3fff2c781aedf.docx
姑苏区-沧615,姑苏区,沧615,白皮松,Pinus bungeana Zucc. ex Endl.,131,9,160,7.4,大石头巷21号,三级,31.323506,120.589672,地区级示意,https://ylj.suzhou.gov.cn/szsylj/zygk/202502/c39761b4712441d9af389bf1cf5b1098.shtml,https://ylj.suzhou.gov.cn/szsylj/zygk/202502/c39761b4712441d9af389bf1cf5b1098/files/25574bf72502405aa8e3fff2c781aedf.docx
姑苏区-沧616,姑苏区,沧616,广玉兰,Magnolia grandiflora L.,161,15.9,286,10.5,人民路1120-8号,三级,31.32497,120.60515,地区级示意,https://ylj.suzhou.gov.cn/szsylj/zygk/202502/c39761b4712441d9af389bf1cf5b1098.shtml,https://ylj.suzhou.gov.cn/szsylj/zygk/202502/c39761b4712441d9af389bf1cf5b1098/files/25574bf72502405aa8e3fff2c781aedf.docx
姑苏区-沧617,姑苏区,沧617,广玉兰,Magnolia grandiflora L.,161,16,352,8.8,人民路1120-8号,三级,31.328386,120.637956,地区级示意,https://ylj.suzhou.gov.cn/szsylj/zygk/202502/c39761b4712441d9af389bf1cf5b1098.shtml,https://ylj.suzhou.gov.cn/szsylj/zygk/202502/c39761b4712441d9af389bf1cf5b1098/files/25574bf72502405aa8e3fff2c781aedf.docx
姑苏区-沧618,姑苏区,沧618,黄杨,Buxus sinica (Rehder & E. H. Wilson) M. Cheng,141,4.8,91,5.4,锦帆路98号,三级,31.304288,120.639439,地区级示意,https://ylj.suzhou.gov.cn/szsylj/zygk/202502/c39761b4712441d9af389bf1cf5b1098.shtml,https://ylj.suzhou.gov.cn/szsylj/zygk/202502/c39761b4712441d9af389bf1cf5b1098/files/25574bf72502405aa8e3fff2c781aedf.docx
姑苏区-沧619,姑苏区,沧619,紫藤,Wisteria sinensis (Sims) Sweet,556,4.1,345,18,苏州一中,一级,31.313142,120.624952,地区级示意,https://ylj.suzhou.gov.cn/szsylj/zygk/202502/c39761b4712441d9af389bf1cf5b1098.shtml,https://ylj.suzhou.gov.cn/szsylj/zygk/202502/c39761b4712441d9af389bf1cf5b1098/files/25574bf72502405aa8e3fff2c781aedf.docx
姑苏区-沧620,姑苏区,沧620,圆柏,Juniperus chinensis Roxb.,351,13.1,147,5,苏州一中,二级,31.334431,120.628467,地区级示意,https://ylj.suzhou.gov.cn/szsylj/zygk/202502/c39761b4712441d9af389bf1cf5b1098.shtml,https://ylj.suzhou.gov.cn/szsylj/zygk/202502/c39761b4712441d9af389bf1cf5b1098/files/25574bf72502405aa8e3fff2c781aedf.docx
姑苏区-沧621,姑苏区,沧621,木樨,Osmanthus fragrans (Thunb.) Lour.,271,7.6,144,4.8,苏州一中,三级,31.336207,120.598056,地区级示意,https://ylj.suzhou.gov.cn/szsylj/zygk/202502/c39761b4712441d9af389bf1cf5b1098.shtml,https://ylj.suzhou.gov.cn/szsylj/zygk/202502/c39761b4712441d9af389bf1cf5b1098/files/25574bf72502405aa8e3fff2c781aedf.docx
姑苏区-沧622,姑苏区,沧622,木樨,Osmanthus fragrans (Thunb.) Lour.,201,8,163,8,苏州一中,三级,31.313227,120.586407,地区级示意,https://ylj.suzhou.gov.cn/szsylj/zygk/202502/c39761b4712441d9af389bf1cf5b1098.shtml,https://ylj.suzhou.gov.cn/szsylj/zygk/202502/c39761b4712441d9af389bf1cf5b1098/files/25574bf72502405aa8e3fff2c781aedf.docx
姑苏区-沧623,姑苏区,沧623,木瓜,Pseudocydonia sinensis (Thouin) C. K. Schneid,201,4.9,166,3,苏州一中,三级,31.313921,120.601104,地区级示意,https://ylj.suzhou.gov.cn/szsylj/zygk/202502/c39761b4712441d9af389bf1cf5b1098.shtml,https://ylj.suzhou.gov.cn/szsylj/zygk/202502/c39761b4712441d9af389bf1cf5b1098/files/25574bf72502405aa8e3fff2c781aedf.docx
姑苏区-沧624,姑苏区,沧624,紫薇,Lagerstroemia indica L.,121,4,113,2.6,苏州一中,三级,31.34173,120.630908,地区级示意,https://ylj.suzhou.gov.cn/szsylj/zygk/202502/c39761b4712441d9af389bf1cf5b1098.shtml,https://ylj.suzhou.gov.cn/szsylj/zygk/202502/c39761b4712441d9af389bf1cf5b1098/files/25574bf72502405aa8e3fff2c781aedf.docx
姑苏区-沧625,姑苏区,沧625,女贞,Ligustrum lucidum W. T. Aiton,161,11.2,148,6.8,苏州一中,三级,31.315111,120.644338,地区级示意,https://ylj.suzhou.gov.cn/szsylj/zygk/202502/c39761b4712441d9af389bf1cf5b1098.shtml,https://ylj.suzhou.gov.cn/szsylj/zygk/202502/c39761b4712441d9af389bf1cf5b1098/files/25574bf72502405aa8e3fff2c781aedf.docx
姑苏区-沧626,姑苏区,沧626,山茶,Camellia japonica L.,211,4.8,97,3,苏州一中,三级,31.34096,120.610342,地区级示意,https://ylj.suzhou.gov.cn/szsylj/zygk/202502/c39761b4712441d9af389bf1cf5b1098.shtml,https://ylj.suzhou.gov.cn/szsylj/zygk/202502/c39761b4712441d9af389bf1cf5b1098/files/25574bf72502405aa8e3fff2c781aedf.docx
姑苏区-沧627,姑苏区,沧627,黄杨,Buxus sinica (Rehder & E. H. Wilson) M. Cheng,121,4.4,107,1.7,苏州一中,三级,31.304052,120.650836,地区级示意,https://ylj.suzhou.gov.cn/szsylj/zygk/202502/c39761b4712441d9af389bf1cf5b1098.shtml,https://ylj.suzhou.gov.cn/szsylj/zygk/202502/c39761b4712441d9af389bf1cf5b1098/files/25574bf72502405aa8e3fff2c781aedf.docx
姑苏区-沧630,姑苏区,沧630,龙柏,Juniperus chinensis 'Kaizuca',241,10,113,5.4,公园路38号,三级,31.328546,120.592875,地区级示意,https://ylj.suzhou.gov.cn/szsylj/zygk/202502/c39761b4712441d9af389bf1cf5b1098.shtml,https://ylj.suzhou.gov.cn/szsylj/zygk/202502/c39761b4712441d9af389bf1cf5b1098/files/25574bf72502405aa8e3fff2c781aedf.docx
姑苏区-沧631,姑苏区,沧631,龙柏,Juniperus chinensis 'Kaizuca',451,9.5,185,8,公园路38号,二级,31.286429,120.621319,地区级示意,https://ylj.suzhou.gov.cn/szsylj/zygk/202502/c39761b4712441d9af389bf1cf5b1098.shtml,https://ylj.suzhou.gov.cn/szsylj/zygk/202502/c39761b4712441d9af389bf1cf5b1098/files/25574bf72502405aa8e3fff2c781aedf.docx
姑苏区-沧632,姑苏区,沧632,龙柏,Juniperus chinensis 'Kaizuca',401,8.5,152,7,公园路38号,二级,31.30037,120.602507,地区级示意,https://ylj.suzhou.gov.cn/szsylj/zygk/202502/c39761b4712441d9af389bf1cf5b1098.shtml,https://ylj.suzhou.gov.cn/szsylj/zygk/202502/c39761b4712441d9af389bf1cf5b1098/files/25574bf72502405aa8e3fff2c781aedf.docx
姑苏区-沧633,姑苏区,沧633,黄杨,Buxus sinica (Rehder & E. H. Wilson) M. Cheng,151,3,104,1.7,公园路38号,三级,31.287933,120.604048,地区级示意,https://ylj.suzhou.gov.cn/szsylj/zygk/202502/c39761b4712441d9af389bf1cf5b1098.shtml,https://ylj.suzhou.gov.cn/szsylj/zygk/202502/c39761b4712441d9af389bf1cf5b1098/files/25574bf72502405aa8e3fff2c781aedf.docx
姑苏区-沧635,姑苏区,沧635,罗汉松,Podocarpus macrophyllus (Thunb.) Sweet,151,8,154,7.4,公园路38号,三级,31.30841,120.599946,地区级示意,https://ylj.suzhou.gov.cn/szsylj/zygk/202502/c39761b4712441d9af389bf1cf5b1098.shtml,https://ylj.suzhou.gov.cn/szsylj/zygk/202502/c39761b4712441d9af389bf1cf5b1098/files/25574bf72502405aa8e3fff2c781aedf.docx
姑苏区-沧636,姑苏区,沧636,龙柏,Juniperus chinensis 'Kaizuca',171,9,182,7.3,公园路38号,三级,31.326587,120.652273,地区级示意,https://ylj.suzhou.gov.cn/szsylj/zygk/202502/c39761b4712441d9af389bf1cf5b1098.shtml,https://ylj.suzhou.gov.cn/szsylj/zygk/202502/c39761b4712441d9af389bf1cf5b1098/files/25574bf72502405aa8e3fff2c781aedf.docx
姑苏区-沧637,姑苏区,沧637,木瓜,Pseudocydonia sinensis (Thouin) C. K. Schneid,121,5.5,88,8.5,民治路机关幼儿园,三级,31.337893,120.626805,地区级示意,https://ylj.suzhou.gov.cn/szsylj/zygk/202502/c39761b4712441d9af389bf1cf5b1098.shtml,https://ylj.suzhou.gov.cn/szsylj/zygk/202502/c39761b4712441d9af389bf1cf5b1098/files/25574bf72502405aa8e3fff2c781aedf.docx
姑苏区-沧638,姑苏区,沧638,朴树,Celtis sinensis Pers.,151,18,276,20.5,皇宫后8号,三级,31.309429,120.595383,地区级示意,https://ylj.suzhou.gov.cn/szsylj/zygk/202502/c39761b4712441d9af389bf1cf5b1098.shtml,https://ylj.suzhou.gov.cn/szsylj/zygk/202502/c39761b4712441d9af389bf1cf5b1098/files/25574bf72502405aa8e3fff2c781aedf.docx
姑苏区-沧639,姑苏区,沧639,朴树,Celtis sinensis Pers.,121,17,210,15.5,元和路19号,三级,31.316943,120.602989,地区级示意,https://ylj.suzhou.gov.cn/szsylj/zygk/202502/c39761b4712441d9af389bf1cf5b1098.shtml,https://ylj.suzhou.gov.cn/szsylj/zygk/202502/c39761b4712441d9af389bf1cf5b1098/files/25574bf72502405aa8e3fff2c781aedf.docx
姑苏区-沧640,姑苏区,沧640,木樨,Osmanthus fragrans (Thunb.) Lour.,121,115,104,6.5,民治路118号,三级,31.304556,120.595719,地区级示意,https://ylj.suzhou.gov.cn/szsylj/zygk/202502/c39761b4712441d9af389bf1cf5b1098.shtml,https://ylj.suzhou.gov.cn/szsylj/zygk/202502/c39761b4712441d9af389bf1cf5b1098/files/25574bf72502405aa8e3fff2c781aedf.docx
姑苏区-沧641,姑苏区,沧641,黄杨,Buxus sinica (Rehder & E. H. Wilson) M. Cheng,121,115,94,7,民治路118号,三级,31.323787,120.650814,地区级示意,https://ylj.suzhou.gov.cn/szsylj/zygk/202502/c39761b4712441d9af389bf1cf5b1098.shtml,https://ylj.suzhou.gov.cn/szsylj/zygk/202502/c39761b4712441d9af389bf1cf5b1098/files/25574bf72502405aa8e3fff2c781aedf.docx
姑苏区-沧642,姑苏区,沧642,黄杨,Buxus sinica (Rehder & E. H. Wilson) M. Cheng,121,7.5,75,7,民治路68号,三级,31.319693,120.603404,地区级示意,https://ylj.suzhou.gov.cn/szsylj/zygk/202502/c39761b4712441d9af389bf1cf5b1098.shtml,https://ylj.suzhou.gov.cn/szsylj/zygk/202502/c39761b4712441d9af389bf1cf5b1098/files/25574bf72502405aa8e3fff2c781aedf.docx
姑苏区-沧643,姑苏区,沧643,黄杨,Buxus sinica (Rehder & E. H. Wilson) M. Cheng,121,5.5,75,4.5,南平巷5号2幢,三级,31.328532,120.611612,地区级示意,https://ylj.suzhou.gov.cn/szsylj/zygk/202502/c39761b4712441d9af389bf1cf5b1098.shtml,https://ylj.suzhou.gov.cn/szsylj/zygk/202502/c39761b4712441d9af389bf1cf5b1098/files/25574bf72502405aa8e3fff2c781aedf.docx
姑苏区-沧644,姑苏区,沧644,银杏,Ginkgo biloba L.,281,20,286,7,十梓街信孚里,三级,31.313384,120.632643,地区级示意,https://ylj.suzhou.gov.cn/szsylj/zygk/202502/c39761b4712441d9af389bf1cf5b1098.shtml,https://ylj.suzhou.gov.cn/szsylj/zygk/202502/c39761b4712441d9af389bf1cf5b1098/files/25574bf72502405aa8e3fff2c781aedf.docx
姑苏区-沧645,姑苏区,沧645,广玉兰,Magnolia grandiflora L.,121,17,170,5,醋库巷44号,三级,31.31734,120.653867,地区级示意,https://ylj.suzhou.gov.cn/szsylj/zygk/202502/c39761b4712441d9af389bf1cf5b1098.shtml,https://ylj.suzhou.gov.cn/szsylj/zygk/202502/c39761b4712441d9af389bf1cf5b1098/files/25574bf72502405aa8e3fff2c781aedf.docx
姑苏区-沧647,姑苏区,沧647,木樨,Osmanthus fragrans (Thunb.) Lour.,226,9,66,7,苏州市十中,三级,31.300816,120.590509,地区级示意,https://ylj.suzhou.gov.cn/szsylj/zygk/202502/c39761b4712441d9af389bf1cf5b1098.shtml,https://ylj.suzhou.gov.cn/szsylj/zygk/202502/c39761b4712441d9af389bf1cf5b1098/files/25574bf72502405aa8e3fff2c781aedf.docx
姑苏区-沧649,姑苏区,沧649,木樨,Osmanthus fragrans (Thunb.) Lour.,151,7,110,9,苏州市十中,三级,31.341266,120.641194,地区级示意,https://ylj.suzhou.gov.cn/szsylj/zygk/202502/c39761b4712441d9af389bf1cf5b1098.shtml,https://ylj.suzhou.gov.cn/szsylj/zygk/202502/c39761b4712441d9af389bf1cf5b1098/files/25574bf72502405aa8e3fff2c781aedf.docx
姑苏区-沧650,姑苏区,沧650,榆,Ulmus pumila L.,141,15,257,17,苏州市十中,三级,31.320077,120.599422,地区级示意,https://ylj.suzhou.gov.cn/szsylj/zygk/202502/c39761b4712441d9af389bf1cf5b1098.shtml,https://ylj.suzhou.gov.cn/szsylj/zygk/202502/c39761b4712441d9af389bf1cf5b1098/files/25574bf72502405aa8e3fff2c781aedf.docx
姑苏区-沧651,姑苏区,沧651,圆柏,Juniperus chinensis Roxb.,241,11,163,4.8,苏州市十中,三级,31.289034,120.602472,地区级示意,https://ylj.suzhou.gov.cn/szsylj/zygk/202502/c39761b4712441d9af389bf1cf5b1098.shtml,https://ylj.suzhou.gov.cn/szsylj/zygk/202502/c39761b4712441d9af389bf1cf5b1098/files/25574bf72502405aa8e3fff2c781aedf.docx
姑苏区-沧652,姑苏区,沧652,圆柏,Juniperus chinensis Roxb.,341,10,160,7,苏州市十中,二级,31.298005,120.62201,地区级示意,https://ylj.suzhou.gov.cn/szsylj/zygk/202502/c39761b4712441d9af389bf1cf5b1098.shtml,https://ylj.suzhou.gov.cn/szsylj/zygk/202502/c39761b4712441d9af389bf1cf5b1098/files/25574bf72502405aa8e3fff2c781aedf.docx
姑苏区-沧653,姑苏区,沧653,榆,Ulmus pumila L.,151,18,289,7.5,苏州市十中,三级,31.312649,120.596528,地区级示意,https://ylj.suzhou.gov.cn/szsylj/zygk/202502/c39761b4712441d9af389bf1cf5b1098.shtml,https://ylj.suzhou.gov.cn/szsylj/zygk/202502/c39761b4712441d9af389bf1cf5b1098/files/25574bf72502405aa8e3fff2c781aedf.docx
姑苏区-沧654,姑苏区,沧654,榆,Ulmus pumila L.,141,12,264,7.5,苏州市十中,三级,31.339976,120.596582,地区级示意,https://ylj.suzhou.gov.cn/szsylj/zygk/202502/c39761b4712441d9af389bf1cf5b1098.shtml,https://ylj.suzhou.gov.cn/szsylj/zygk/202502/c39761b4712441d9af389bf1cf5b1098/files/25574bf72502405aa8e3fff2c781aedf.docx
姑苏区-沧655,姑苏区,沧655,落羽杉,Taxodium distichum (L.) Rich.,141,16,176,6,迎风桥弄4号,三级,31.339025,120.628262,地区级示意,https://ylj.suzhou.gov.cn/szsylj/zygk/202502/c39761b4712441d9af389bf1cf5b1098.shtml,https://ylj.suzhou.gov.cn/szsylj/zygk/202502/c39761b4712441d9af389bf1cf5b1098/files/25574bf72502405aa8e3fff2c781aedf.docx
姑苏区-沧656,姑苏区,沧656,红豆树,Ormosia hosiei Hemsl. & E. H. Wilson,371,13,312,5.5,应风桥弄13号,二级,31.29491,120.628878,地区级示意,https://ylj.suzhou.gov.cn/szsylj/zygk/202502/c39761b4712441d9af389bf1cf5b1098.shtml,https://ylj.suzhou.gov.cn/szsylj/zygk/202502/c39761b4712441d9af389bf1cf5b1098/files/25574bf72502405aa8e3fff2c781aedf.docx
姑苏区-沧658,姑苏区,沧658,白皮松,Pinus bungeana Zucc. ex Endl.,221,12,198,14.5,东小桥弄3号,三级,31.286183,120.624339,地区级示意,https://ylj.suzhou.gov.cn/szsylj/zygk/202502/c39761b4712441d9af389bf1cf5b1098.shtml,https://ylj.suzhou.gov.cn/szsylj/zygk/202502/c39761b4712441d9af389bf1cf5b1098/files/25574bf72502405aa8e3fff2c781aedf.docx
姑苏区-沧660,姑苏区,沧660,银杏,Ginkgo biloba L.,121,18,104,12,东小桥弄7号,三级,31.318745,120.642076,地区级示意,https://ylj.suzhou.gov.cn/szsylj/zygk/202502/c39761b4712441d9af389bf1cf5b1098.shtml,https://ylj.suzhou.gov.cn/szsylj/zygk/202502/c39761b4712441d9af389bf1cf5b1098/files/25574bf72502405aa8e3fff2c781aedf.docx
姑苏区-沧661,姑苏区,沧661,银杏,Ginkgo biloba L.,331,10.5,240,4.6,苏州大学北门口,二级,31.345263,120.619536,地区级示意,https://ylj.suzhou.gov.cn/szsylj/zygk/202502/c39761b4712441d9af389bf1cf5b1098.shtml,https://ylj.suzhou.gov.cn/szsylj/zygk/202502/c39761b4712441d9af389bf1cf5b1098/files/25574bf72502405aa8e3fff2c781aedf.docx
姑苏区-沧662,姑苏区,沧662,银杏,Ginkgo biloba L.,151,15,195,10,苏州市慈善总会,三级,31.344272,120.60287,地区级示意,https://ylj.suzhou.gov.cn/szsylj/zygk/202502/c39761b4712441d9af389bf1cf5b1098.shtml,https://ylj.suzhou.gov.cn/szsylj/zygk/202502/c39761b4712441d9af389bf1cf5b1098/files/25574bf72502405aa8e3fff2c781aedf.docx
姑苏区-沧663,姑苏区,沧663,银杏,Ginkgo biloba L.,151,14,195,11,凤凰街288号人行道上,三级,31.317379,120.62686,地区级示意,https://ylj.suzhou.gov.cn/szsylj/zygk/202502/c39761b4712441d9af389bf1cf5b1098.shtml,https://ylj.suzhou.gov.cn/szsylj/zygk/202502/c39761b4712441d9af389bf1cf5b1098/files/25574bf72502405aa8e3fff2c781aedf.docx
姑苏区-沧664,姑苏区,沧664,瓜子黄杨,Buxus sinica (Rehder & E. H. Wilson) M. Cheng,391,8,65,5,凤凰街378号,二级,31.327669,120.630987,地区级示意,https://ylj.suzhou.gov.cn/szsylj/zygk/202502/c39761b4712441d9af389bf1cf5b1098.shtml,https://ylj.suzhou.gov.cn/szsylj/zygk/202502/c39761b4712441d9af389bf1cf5b1098/files/25574bf72502405aa8e3fff2c781aedf.docx
姑苏区-沧665,姑苏区,沧665,银杏,Ginkgo biloba L.,211,22,308,21,定慧寺,三级,31.338111,120.622746,地区级示意,https://ylj.suzhou.gov.cn/szsylj/zygk/202502/c39761b4712441d9af389bf1cf5b1098.shtml,https://ylj.suzhou.gov.cn/szsylj/zygk/202502/c39761b4712441d9af389bf1cf5b1098/files/25574bf72502405aa8e3fff2c781aedf.docx
姑苏区-沧666,姑苏区,沧666,银杏,Ginkgo biloba L.,206,18,207,17.5,定慧寺,三级,31.32028,120.642716,地区级示意,https://ylj.suzhou.gov.cn/szsylj/zygk/202502/c39761b4712441d9af389bf1cf5b1098.shtml,https://ylj.suzhou.gov.cn/szsylj/zygk/202502/c39761b4712441d9af389bf1cf5b1098/files/25574bf72502405aa8e3fff2c781aedf.docx
姑苏区-沧667,姑苏区,沧667,木樨,Osmanthus fragrans (Thunb.) Lour.,141,6,57,4.5,定慧寺巷64号15幢外,三级,31.310537,120.622885,地区级示意,https://ylj.suzhou.gov.cn/szsylj/zygk/202502/c39761b4712441d9af389bf1cf5b1098.shtml,https://ylj.suzhou.gov.cn/szsylj/zygk/202502/c39761b4712441d9af389bf1cf5b1098/files/25574bf72502405aa8e3fff2c781aedf.docx
姑苏区-沧668,姑苏区,沧668,朴树,Celtis sinensis Pers.,291,10,204,15,定慧寺巷64号15幢,三级,31.29093,120.601313,地区级示意,https://ylj.suzhou.gov.cn/szsylj/zygk/202502/c39761b4712441d9af389bf1cf5b1098.shtml,https://ylj.suzhou.gov.cn/szsylj/zygk/202502/c39761b4712441d9af389bf1cf5b1098/files/25574bf72502405aa8e3fff2c781aedf.docx
姑苏区-沧670,姑苏区,沧670,香樟,Camphora officinarum Nees,141,16,301,14,十梓街4号2幢北,三级,31.332903,120.633096,地区级示意,https://ylj.suzhou.gov.cn/szsylj/zygk/202502/c39761b4712441d9af389bf1cf5b1098.shtml,https://ylj.suzhou.gov.cn/szsylj/zygk/202502/c39761b4712441d9af389bf1cf5b1098/files/25574bf72502405aa8e3fff2c781aedf.docx
姑苏区-沧671,姑苏区,沧671,香樟,Camphora officinarum Nees,141,17,223,16,十梓街4号2幢北,三级,31.322071,120.656649,地区级示意,https://ylj.suzhou.gov.cn/szsylj/zygk/202502/c39761b4712441d9af389bf1cf5b1098.shtml,https://ylj.suzhou.gov.cn/szsylj/zygk/202502/c39761b4712441d9af389bf1cf5b1098/files/25574bf72502405aa8e3fff2c781aedf.docx
姑苏区-沧673,姑苏区,沧673,香樟,Camphora officinarum Nees,151,16,336,16.5,十梓街7号,三级,31.297616,120.587906,地区级示意,https://ylj.suzhou.gov.cn/szsylj/zygk/202502/c39761b4712441d9af389bf1cf5b1098.shtml,https://ylj.suzhou.gov.cn/szsylj/zygk/202502/c39761b4712441d9af389bf1cf5b1098/files/25574bf72502405aa8e3fff2c781aedf.docx
姑苏区-沧676,姑苏区,沧676,广玉兰,Magnolia grandiflora L.,171,17.9,311,14.9,市总工会,三级,31.309795,120.64004,地区级示意,https://ylj.suzhou.gov.cn/szsylj/zygk/202502/c39761b4712441d9af389bf1cf5b1098.shtml,https://ylj.suzhou.gov.cn/szsylj/zygk/202502/c39761b4712441d9af389bf1cf5b1098/files/25574bf72502405aa8e3fff2c781aedf.docx
姑苏区-沧677,姑苏区,沧677,香樟,Camphora officinarum Nees,141,17,327,15.5,东吴饭店,三级,31.315148,120.61474,地区级示意,https://ylj.suzhou.gov.cn/szsylj/zygk/202502/c39761b4712441d9af389bf1cf5b1098.shtml,https://ylj.suzhou.gov.cn/szsylj/zygk/202502/c39761b4712441d9af389bf1cf5b1098/files/25574bf72502405aa8e3fff2c781aedf.docx
姑苏区-沧678,姑苏区,沧678,枸骨,Ilex cornuta Lindl. & Paxton,206,5.5,183,4.5,东吴饭店,三级,31.318848,120.607035,地区级示意,https://ylj.suzhou.gov.cn/szsylj/zygk/202502/c39761b4712441d9af389bf1cf5b1098.shtml,https://ylj.suzhou.gov.cn/szsylj/zygk/202502/c39761b4712441d9af389bf1cf5b1098/files/25574bf72502405aa8e3fff2c781aedf.docx
姑苏区-沧679,姑苏区,沧679,木樨,Osmanthus fragrans (Thunb.) Lour.,141,5.5,102,4.9,东吴饭店,三级,31.317416,120.628293,地区级示意,https://ylj.suzhou.gov.cn/szsylj/zygk/202502/c39761b4712441d9af389bf1cf5b1098.shtml,https://ylj.suzhou.gov.cn/szsylj/zygk/202502/c39761b4712441d9af389bf1cf5b1098/files/25574bf72502405aa8e3fff2c781aedf.docx
姑苏区-沧681,姑苏区,沧681,糙叶树,Aphananthe aspera (Thunb.) Planch.,121,15,291,11,振华中学,三级,31.287205,120.622398,地区级示意,https://ylj.suzhou.gov.cn/szsylj/zygk/202502/c39761b4712441d9af389bf1cf5b1098.shtml,https://ylj.suzhou.gov.cn/szsylj/zygk/202502/c39761b4712441d9af389bf1cf5b1098/files/25574bf72502405aa8e3fff2c781aedf.docx
姑苏区-沧682,姑苏区,沧682,黄杨,Buxus sinica (Rehder & E. H. Wilson) M. Cheng,126,5,78,4.5,二郎巷27-10号,三级,31.318233,120.634799,地区级示意,https://ylj.suzhou.gov.cn/szsylj/zygk/202502/c39761b4712441d9af389bf1cf5b1098.shtml,https://ylj.suzhou.gov.cn/szsylj/zygk/202502/c39761b4712441d9af389bf1cf5b1098/files/25574bf72502405aa8e3fff2c781aedf.docx
姑苏区-沧683,姑苏区,沧683,银杏,Ginkgo biloba L.,296,17,308,9,二郎巷27-10号,三级,31.330804,120.596512,地区级示意,https://ylj.suzhou.gov.cn/szsylj/zygk/202502/c39761b4712441d9af389bf1cf5b1098.shtml,https://ylj.suzhou.gov.cn/szsylj/zygk/202502/c39761b4712441d9af389bf1cf5b1098/files/25574bf72502405aa8e3fff2c781aedf.docx
姑苏区-沧684,姑苏区,沧684,紫藤,Wisteria sinensis (Sims) Sweet,151,2.5,96,7,观音弄18号,三级,31.317822,120.60345,地区级示意,https://ylj.suzhou.gov.cn/szsylj/zygk/202502/c39761b4712441d9af389bf1cf5b1098.shtml,https://ylj.suzhou.gov.cn/szsylj/zygk/202502/c39761b4712441d9af389bf1cf5b1098/files/25574bf72502405aa8e3fff2c781aedf.docx
姑苏区-沧685,姑苏区,沧685,红豆树,Ormosia hosiei Hemsl. & E. H. Wilson,126,8.5,94,8,观音弄18号,三级,31.341015,120.598509,地区级示意,https://ylj.suzhou.gov.cn/szsylj/zygk/202502/c39761b4712441d9af389bf1cf5b1098.shtml,https://ylj.suzhou.gov.cn/szsylj/zygk/202502/c39761b4712441d9af389bf1cf5b1098/files/25574bf72502405aa8e3fff2c781aedf.docx
姑苏区-沧686,姑苏区,沧686,白皮松,Pinus bungeana Zucc. ex Endl.,141,12,136,12.3,观音弄18号,三级,31.343471,120.611614,地区级示意,https://ylj.suzhou.gov.cn/szsylj/zygk/202502/c39761b4712441d9af389bf1cf5b1098.shtml,https://ylj.suzhou.gov.cn/szsylj/zygk/202502/c39761b4712441d9af389bf1cf5b1098/files/25574bf72502405aa8e3fff2c781aedf.docx
姑苏区-沧687,姑苏区,沧687,广玉兰,Magnolia grandiflora L.,141,11,182,9,观音弄2-1号101室,三级,31.313804,120.649426,地区级示意,https://ylj.suzhou.gov.cn/szsylj/zygk/202502/c39761b4712441d9af389bf1cf5b1098.shtml,https://ylj.suzhou.gov.cn/szsylj/zygk/202502/c39761b4712441d9af389bf1cf5b1098/files/25574bf72502405aa8e3fff2c781aedf.docx
姑苏区-沧688,姑苏区,沧688,浙江楠,Phoebe chekiangensis C. B. Shang,141,15,134,6.5,带城桥下塘4号,三级,31.313577,120.646967,地区级示意,https://ylj.suzhou.gov.cn/szsylj/zygk/202502/c39761b4712441d9af389bf1cf5b1098.shtml,https://ylj.suzhou.gov.cn/szsylj/zygk/202502/c39761b4712441d9af389bf1cf5b1098/files/25574bf72502405aa8e3fff2c781aedf.docx
姑苏区-沧689,姑苏区,沧689,广玉兰,Magnolia grandiflora L.,121,18.7,310,9.9,西支家巷14号,三级,31.29556,120.609276,地区级示意,https://ylj.suzhou.gov.cn/szsylj/zygk/202502/c39761b4712441d9af389bf1cf5b1098.shtml,https://ylj.suzhou.gov.cn/szsylj/zygk/202502/c39761b4712441d9af389bf1cf5b1098/files/25574bf72502405aa8e3fff2c781aedf.docx
姑苏区-沧691,姑苏区,沧691,糙叶树,Aphananthe aspera (Thunb.) Planch.,121,18,213,15.5,葑门路40号,三级,31.334711,120.606677,地区级示意,https://ylj.suzhou.gov.cn/szsylj/zygk/202502/c39761b4712441d9af389bf1cf5b1098.shtml,https://ylj.suzhou.gov.cn/szsylj/zygk/202502/c39761b4712441d9af389bf1cf5b1098/files/25574bf72502405aa8e3fff2c781aedf.docx
姑苏区-沧693,姑苏区,沧693,黄杨,Buxus sinica (Rehder & E. H. Wilson) M. Cheng,121,7.5,79,7.5,杨枝新村67幢,三级,31.307706,120.647816,地区级示意,https://ylj.suzhou.gov.cn/szsylj/zygk/202502/c39761b4712441d9af389bf1cf5b1098.shtml,https://ylj.suzhou.gov.cn/szsylj/zygk/202502/c39761b4712441d9af389bf1cf5b1098/files/25574bf72502405aa8e3fff2c781aedf.docx
姑苏区-沧694,姑苏区,沧694,龙柏,Juniperus chinensis 'Kaizuca',151,10,130,7.9,苏州大学,三级,31.331488,120.595317,地区级示意,https://ylj.suzhou.gov.cn/szsylj/zygk/202502/c39761b4712441d9af389bf1cf5b1098.shtml,https://ylj.suzhou.gov.cn/szsylj/zygk/202502/c39761b4712441d9af389bf1cf5b1098/files/25574bf72502405aa8e3fff2c781aedf.docx
姑苏区-沧695,姑苏区,沧695,龙柏,Juniperus chinensis 'Kaizuca',171,10,146,6.1,苏州大学,三级,31.325622,120.586697,地区级示意,https://ylj.suzhou.gov.cn/szsylj/zygk/202502/c39761b4712441d9af389bf1cf5b1098.shtml,https://ylj.suzhou.gov.cn/szsylj/zygk/202502/c39761b4712441d9af389bf1cf5b1098/files/25574bf72502405aa8e3fff2c781aedf.docx
姑苏区-沧696,姑苏区,沧696,龙柏,Juniperus chinensis 'Kaizuca',161,8,148,7.6,苏州大学,三级,31.311906,120.626182,地区级示意,https://ylj.suzhou.gov.cn/szsylj/zygk/202502/c39761b4712441d9af389bf1cf5b1098.shtml,https://ylj.suzhou.gov.cn/szsylj/zygk/202502/c39761b4712441d9af389bf1cf5b1098/files/25574bf72502405aa8e3fff2c781aedf.docx
姑苏区-沧697,姑苏区,沧697,龙柏,Juniperus chinensis 'Kaizuca',151,8,125,6,苏州大学,三级,31.319136,120.617312,地区级示意,https://ylj.suzhou.gov.cn/szsylj/zygk/202502/c39761b4712441d9af389bf1cf5b1098.shtml,https://ylj.suzhou.gov.cn/szsylj/zygk/202502/c39761b4712441d9af389bf1cf5b1098/files/25574bf72502405aa8e3fff2c781aedf.docx
姑苏区-沧698,姑苏区,沧698,龙柏,Juniperus chinensis 'Kaizuca',161,10.5,133,8.5,苏州大学,三级,31.300027,120.594426,地区级示意,https://ylj.suzhou.gov.cn/szsylj/zygk/202502/c39761b4712441d9af389bf1cf5b1098.shtml,https://ylj.suzhou.gov.cn/szsylj/zygk/202502/c39761b4712441d9af389bf1cf5b1098/files/25574bf72502405aa8e3fff2c781aedf.docx
姑苏区-沧699,姑苏区,沧699,圆柏,Juniperus chinensis Roxb.,141,12,145,6.4,苏州大学,三级,31.285031,120.603717,地区级示意,https://ylj.suzhou.gov.cn/szsylj/zygk/202502/c39761b4712441d9af389bf1cf5b1098.shtml,https://ylj.suzhou.gov.cn/szsylj/zygk/202502/c39761b4712441d9af389bf1cf5b1098/files/25574bf72502405aa8e3fff2c781aedf.docx
姑苏区-沧700,姑苏区,沧700,圆柏,Juniperus chinensis Roxb.,321,12,205,7.3,苏州大学,二级,31.291801,120.613458,地区级示意,https://ylj.suzhou.gov.cn/szsylj/zygk/202502/c39761b4712441d9af389bf1cf5b1098.shtml,https://ylj.suzhou.gov.cn/szsylj/zygk/202502/c39761b4712441d9af389bf1cf5b1098/files/25574bf72502405aa8e3fff2c781aedf.docx
姑苏区-沧701,姑苏区,沧701,香樟,Camphora officinarum Nees,131,20,326,15.3,苏州大学,三级,31.319573,120.595472,地区级示意,https://ylj.suzhou.gov.cn/szsylj/zygk/202502/c39761b4712441d9af389bf1cf5b1098.shtml,https://ylj.suzhou.gov.cn/szsylj/zygk/202502/c39761b4712441d9af389bf1cf5b1098/files/25574bf72502405aa8e3fff2c781aedf.docx
姑苏区-沧702,姑苏区,沧702,香樟,Camphora officinarum Nees,131,18,270,24.2,苏州大学,三级,31.313987,120.612836,地区级示意,https://ylj.suzhou.gov.cn/szsylj/zygk/202502/c39761b4712441d9af389bf1cf5b1098.shtml,https://ylj.suzhou.gov.cn/szsylj/zygk/202502/c39761b4712441d9af389bf1cf5b1098/files/25574bf72502405aa8e3fff2c781aedf.docx
姑苏区-沧703,姑苏区,沧703,香樟,Camphora officinarum Nees,131,20,320,15,苏州大学,三级,31.326408,120.644195,地区级示意,https://ylj.suzhou.gov.cn/szsylj/zygk/202502/c39761b4712441d9af389bf1cf5b1098.shtml,https://ylj.suzhou.gov.cn/szsylj/zygk/202502/c39761b4712441d9af389bf1cf5b1098/files/25574bf72502405aa8e3fff2c781aedf.docx
姑苏区-沧704,姑苏区,沧704,香樟,Camphora officinarum Nees,131,18,185,14,苏州大学,三级,31.299145,120.638797,地区级示意,https://ylj.suzhou.gov.cn/szsylj/zygk/202502/c39761b4712441d9af389bf1cf5b1098.shtml,https://ylj.suzhou.gov.cn/szsylj/zygk/202502/c39761b4712441d9af389bf1cf5b1098/files/25574bf72502405aa8e3fff2c781aedf.docx
姑苏区-沧705,姑苏区,沧705,香樟,Camphora officinarum Nees,131,18.5,310,28,苏州大学,三级,31.331517,120.633569,地区级示意,https://ylj.suzhou.gov.cn/szsylj/zygk/202502/c39761b4712441d9af389bf1cf5b1098.shtml,https://ylj.suzhou.gov.cn/szsylj/zygk/202502/c39761b4712441d9af389bf1cf5b1098/files/25574bf72502405aa8e3fff2c781aedf.docx
姑苏区-沧706,姑苏区,沧706,香樟,Camphora officinarum Nees,141,20,325,17.7,苏州大学,三级,31.302587,120.59802,地区级示意,https://ylj.suzhou.gov.cn/szsylj/zygk/202502/c39761b4712441d9af389bf1cf5b1098.shtml,https://ylj.suzhou.gov.cn/szsylj/zygk/202502/c39761b4712441d9af389bf1cf5b1098/files/25574bf72502405aa8e3fff2c781aedf.docx
姑苏区-沧707,姑苏区,沧707,香樟,Camphora officinarum Nees,141,20,335,20.7,苏州大学,三级,31.295416,120.644787,地区级示意,https://ylj.suzhou.gov.cn/szsylj/zygk/202502/c39761b4712441d9af389bf1cf5b1098.shtml,https://ylj.suzhou.gov.cn/szsylj/zygk/202502/c39761b4712441d9af389bf1cf5b1098/files/25574bf72502405aa8e3fff2c781aedf.docx
姑苏区-沧708,姑苏区,沧708,香樟,Camphora officinarum Nees,141,20,325,25.5,苏州大学,三级,31.343688,120.612988,地区级示意,https://ylj.suzhou.gov.cn/szsylj/zygk/202502/c39761b4712441d9af389bf1cf5b1098.shtml,https://ylj.suzhou.gov.cn/szsylj/zygk/202502/c39761b4712441d9af389bf1cf5b1098/files/25574bf72502405aa8e3fff2c781aedf.docx
姑苏区-沧709,姑苏区,沧709,香樟,Camphora officinarum Nees,131,20,310,25.5,苏州大学,三级,31.307282,120.629653,地区级示意,https://ylj.suzhou.gov.cn/szsylj/zygk/202502/c39761b4712441d9af389bf1cf5b1098.shtml,https://ylj.suzhou.gov.cn/szsylj/zygk/202502/c39761b4712441d9af389bf1cf5b1098/files/25574bf72502405aa8e3fff2c781aedf.docx
姑苏区-沧710,姑苏区,沧710,香樟,Camphora officinarum Nees,131,18,441,21.6,苏州大学,三级,31.297271,120.603545,地区级示意,https://ylj.suzhou.gov.cn/szsylj/zygk/202502/c39761b4712441d9af389bf1cf5b1098.shtml,https://ylj.suzhou.gov.cn/szsylj/zygk/202502/c39761b4712441d9af389bf1cf5b1098/files/25574bf72502405aa8e3fff2c781aedf.docx
姑苏区-沧711,姑苏区,沧711,香樟,Camphora officinarum Nees,131,18,334,21.5,苏州大学,三级,31.303399,120.624964,地区级示意,https://ylj.suzhou.gov.cn/szsylj/zygk/202502/c39761b4712441d9af389bf1cf5b1098.shtml,https://ylj.suzhou.gov.cn/szsylj/zygk/202502/c39761b4712441d9af389bf1cf5b1098/files/25574bf72502405aa8e3fff2c781aedf.docx
姑苏区-沧712,姑苏区,沧712,香樟,Camphora officinarum Nees,151,16,415,21.3,苏州大学,三级,31.301132,120.627627,地区级示意,https://ylj.suzhou.gov.cn/szsylj/zygk/202502/c39761b4712441d9af389bf1cf5b1098.shtml,https://ylj.suzhou.gov.cn/szsylj/zygk/202502/c39761b4712441d9af389bf1cf5b1098/files/25574bf72502405aa8e3fff2c781aedf.docx
姑苏区-沧713,姑苏区,沧713,香樟,Camphora officinarum Nees,121,18,308,20.7,苏州大学,三级,31.338105,120.608252,地区级示意,https://ylj.suzhou.gov.cn/szsylj/zygk/202502/c39761b4712441d9af389bf1cf5b1098.shtml,https://ylj.suzhou.gov.cn/szsylj/zygk/202502/c39761b4712441d9af389bf1cf5b1098/files/25574bf72502405aa8e3fff2c781aedf.docx
姑苏区-沧714,姑苏区,沧714,大叶榉树,Zelkova schneideriana Hand.-Mazz.,121,15,195,14.3,苏州大学,三级,31.325112,120.648168,地区级示意,https://ylj.suzhou.gov.cn/szsylj/zygk/202502/c39761b4712441d9af389bf1cf5b1098.shtml,https://ylj.suzhou.gov.cn/szsylj/zygk/202502/c39761b4712441d9af389bf1cf5b1098/files/25574bf72502405aa8e3fff2c781aedf.docx
姑苏区-沧715,姑苏区,沧715,大叶榉树,Zelkova schneideriana Hand.-Mazz.,141,18,213,15,苏州大学,三级,31.318535,120.584669,地区级示意,https://ylj.suzhou.gov.cn/szsylj/zygk/202502/c39761b4712441d9af389bf1cf5b1098.shtml,https://ylj.suzhou.gov.cn/szsylj/zygk/202502/c39761b4712441d9af389bf1cf5b1098/files/25574bf72502405aa8e3fff2c781aedf.docx
姑苏区-沧717,姑苏区,沧717,大叶榉树,Zelkova schneideriana Hand.-Mazz.,131,18,240,21,苏州大学,三级,31.299165,120.602321,地区级示意,https://ylj.suzhou.gov.cn/szsylj/zygk/202502/c39761b4712441d9af389bf1cf5b1098.shtml,https://ylj.suzhou.gov.cn/szsylj/zygk/202502/c39761b4712441d9af389bf1cf5b1098/files/25574bf72502405aa8e3fff2c781aedf.docx
姑苏区-沧718,姑苏区,沧718,大叶榉树,Zelkova schneideriana Hand.-Mazz.,121,16,230,21.5,苏州大学,三级,31.314625,120.595283,地区级示意,https://ylj.suzhou.gov.cn/szsylj/zygk/202502/c39761b4712441d9af389bf1cf5b1098.shtml,https://ylj.suzhou.gov.cn/szsylj/zygk/202502/c39761b4712441d9af389bf1cf5b1098/files/25574bf72502405aa8e3fff2c781aedf.docx
姑苏区-沧719,姑苏区,沧719,大叶榉树,Zelkova schneideriana Hand.-Mazz.,151,17,240,20.5,苏州大学,三级,31.288795,120.607807,地区级示意,https://ylj.suzhou.gov.cn/szsylj/zygk/202502/c39761b4712441d9af389bf1cf5b1098.shtml,https://ylj.suzhou.gov.cn/szsylj/zygk/202502/c39761b4712441d9af389bf1cf5b1098/files/25574bf72502405aa8e3fff2c781aedf.docx
姑苏区-沧720,姑苏区,沧720,大叶榉树,Zelkova schneideriana Hand.-Mazz.,131,18,195,14.2,苏州大学,三级,31.31674,120.604187,地区级示意,https://ylj.suzhou.gov.cn/szsylj/zygk/202502/c39761b4712441d9af389bf1cf5b1098.shtml,https://ylj.suzhou.gov.cn/szsylj/zygk/202502/c39761b4712441d9af389bf1cf5b1098/files/25574bf72502405aa8e3fff2c781aedf.docx
姑苏区-沧722,姑苏区,沧722,大叶榉树,Zelkova schneideriana Hand.-Mazz.,131,18,180,16.5,苏州大学,三级,31.344622,120.628456,地区级示意,https://ylj.suzhou.gov.cn/szsylj/zygk/202502/c39761b4712441d9af389bf1cf5b1098.shtml,https://ylj.suzhou.gov.cn/szsylj/zygk/202502/c39761b4712441d9af389bf1cf5b1098/files/25574bf72502405aa8e3fff2c781aedf.docx
姑苏区-沧723,姑苏区,沧723,大叶榉树,Zelkova schneideriana Hand.-Mazz.,131,18,180,17.5,苏州大学,三级,31.324747,120.623888,地区级示意,https://ylj.suzhou.gov.cn/szsylj/zygk/202502/c39761b4712441d9af389bf1cf5b1098.shtml,https://ylj.suzhou.gov.cn/szsylj/zygk/202502/c39761b4712441d9af389bf1cf5b1098/files/25574bf72502405aa8e3fff2c781aedf.docx
姑苏区-沧724,姑苏区,沧724,大叶榉树,Zelkova schneideriana Hand.-Mazz.,131,17,165,14,苏州大学,三级,31.314258,120.587861,地区级示意,https://ylj.suzhou.gov.cn/szsylj/zygk/202502/c39761b4712441d9af389bf1cf5b1098.shtml,https://ylj.suzhou.gov.cn/szsylj/zygk/202502/c39761b4712441d9af389bf1cf5b1098/files/25574bf72502405aa8e3fff2c781aedf.docx
姑苏区-沧725,姑苏区,沧725,大叶榉树,Zelkova schneideriana Hand.-Mazz.,131,18,190,17.5,苏州大学,三级,31.311247,120.584728,地区级示意,https://ylj.suzhou.gov.cn/szsylj/zygk/202502/c39761b4712441d9af389bf1cf5b1098.shtml,https://ylj.suzhou.gov.cn/szsylj/zygk/202502/c39761b4712441d9af389bf1cf5b1098/files/25574bf72502405aa8e3fff2c781aedf.docx
姑苏区-沧726,姑苏区,沧726,大叶榉树,Zelkova schneideriana Hand.-Mazz.,121,18,132,10.1,苏州大学,三级,31.321359,120.633979,地区级示意,https://ylj.suzhou.gov.cn/szsylj/zygk/202502/c39761b4712441d9af389bf1cf5b1098.shtml,https://ylj.suzhou.gov.cn/szsylj/zygk/202502/c39761b4712441d9af389bf1cf5b1098/files/25574bf72502405aa8e3fff2c781aedf.docx
姑苏区-沧727,姑苏区,沧727,银杏,Ginkgo biloba L.,151,17,230,20,苏州大学,三级,31.317627,120.600187,地区级示意,https://ylj.suzhou.gov.cn/szsylj/zygk/202502/c39761b4712441d9af389bf1cf5b1098.shtml,https://ylj.suzhou.gov.cn/szsylj/zygk/202502/c39761b4712441d9af389bf1cf5b1098/files/25574bf72502405aa8e3fff2c781aedf.docx
姑苏区-沧728,姑苏区,沧728,银杏,Ginkgo biloba L.,131,20,224,6.3,苏州大学,三级,31.343084,120.613806,地区级示意,https://ylj.suzhou.gov.cn/szsylj/zygk/202502/c39761b4712441d9af389bf1cf5b1098.shtml,https://ylj.suzhou.gov.cn/szsylj/zygk/202502/c39761b4712441d9af389bf1cf5b1098/files/25574bf72502405aa8e3fff2c781aedf.docx
姑苏区-沧729,姑苏区,沧729,银杏,Ginkgo biloba L.,151,20,234,11.4,苏州大学,三级,31.310129,120.644618,地区级示意,https://ylj.suzhou.gov.cn/szsylj/zygk/202502/c39761b4712441d9af389bf1cf5b1098.shtml,https://ylj.suzhou.gov.cn/szsylj/zygk/202502/c39761b4712441d9af389bf1cf5b1098/files/25574bf72502405aa8e3fff2c781aedf.docx
姑苏区-沧730,姑苏区,沧730,银杏,Ginkgo biloba L.,161,20,276,14.6,苏州大学,三级,31.328952,120.622203,地区级示意,https://ylj.suzhou.gov.cn/szsylj/zygk/202502/c39761b4712441d9af389bf1cf5b1098.shtml,https://ylj.suzhou.gov.cn/szsylj/zygk/202502/c39761b4712441d9af389bf1cf5b1098/files/25574bf72502405aa8e3fff2c781aedf.docx
姑苏区-沧731,姑苏区,沧731,枫杨,Pterocarya stenoptera C. DC.,131,22,280,22.5,苏州大学,三级,31.306752,120.625565,地区级示意,https://ylj.suzhou.gov.cn/szsylj/zygk/202502/c39761b4712441d9af389bf1cf5b1098.shtml,https://ylj.suzhou.gov.cn/szsylj/zygk/202502/c39761b4712441d9af389bf1cf5b1098/files/25574bf72502405aa8e3fff2c781aedf.docx
姑苏区-沧732,姑苏区,沧732,枫杨,Pterocarya stenoptera C. DC.,131,24,371,18.5,苏州大学,三级,31.295018,120.630806,地区级示意,https://ylj.suzhou.gov.cn/szsylj/zygk/202502/c39761b4712441d9af389bf1cf5b1098.shtml,https://ylj.suzhou.gov.cn/szsylj/zygk/202502/c39761b4712441d9af389bf1cf5b1098/files/25574bf72502405aa8e3fff2c781aedf.docx
姑苏区-沧733,姑苏区,沧733,枫杨,Pterocarya stenoptera C. DC.,131,24.5,280,22,苏州大学,三级,31.337155,120.591007,地区级示意,https://ylj.suzhou.gov.cn/szsylj/zygk/202502/c39761b4712441d9af389bf1cf5b1098.shtml,https://ylj.suzhou.gov.cn/szsylj/zygk/202502/c39761b4712441d9af389bf1cf5b1098/files/25574bf72502405aa8e3fff2c781aedf.docx
姑苏区-沧734,姑苏区,沧734,榉树,Zelkova serrata (Thunb.) Makino,121,15,210,12.9,苏州大学,三级,31.338727,120.600089,地区级示意,https://ylj.suzhou.gov.cn/szsylj/zygk/202502/c39761b4712441d9af389bf1cf5b1098.shtml,https://ylj.suzhou.gov.cn/szsylj/zygk/202502/c39761b4712441d9af389bf1cf5b1098/files/25574bf72502405aa8e3fff2c781aedf.docx
姑苏区-沧735,姑苏区,沧735,麻栎,Quercus acutissima Carruth.,121,18,177,9.6,苏州大学,三级,31.325373,120.617956,地区级示意,https://ylj.suzhou.gov.cn/szsylj/zygk/202502/c39761b4712441d9af389bf1cf5b1098.shtml,https://ylj.suzhou.gov.cn/szsylj/zygk/202502/c39761b4712441d9af389bf1cf5b1098/files/25574bf72502405aa8e3fff2c781aedf.docx
姑苏区-沧736,姑苏区,沧736,糙叶树,Aphananthe aspera (Thunb.) Planch.,121,18,163,10.8,苏州大学,三级,31.303152,120.62936,地区级示意,https://ylj.suzhou.gov.cn/szsylj/zygk/202502/c39761b4712441d9af389bf1cf5b1098.shtml,https://ylj.suzhou.gov.cn/szsylj/zygk/202502/c39761b4712441d9af389bf1cf5b1098/files/25574bf72502405aa8e3fff2c781aedf.docx
姑苏区-沧737,姑苏区,沧737,朴树,Celtis sinensis Pers.,121,18,222,12.4,苏州大学,三级,31.335958,120.629922,地区级示意,https://ylj.suzhou.gov.cn/szsylj/zygk/202502/c39761b4712441d9af389bf1cf5b1098.shtml,https://ylj.suzhou.gov.cn/szsylj/zygk/202502/c39761b4712441d9af389bf1cf5b1098/files/25574bf72502405aa8e3fff2c781aedf.docx
姑苏区-沧738,姑苏区,沧738,鸡爪槭,Acer palmatum Thunb.,151,5,177,9.7,苏州大学,三级,31.289259,120.641987,地区级示意,https://ylj.suzhou.gov.cn/szsylj/zygk/202502/c39761b4712441d9af389bf1cf5b1098.shtml,https://ylj.suzhou.gov.cn/szsylj/zygk/202502/c39761b4712441d9af389bf1cf5b1098/files/25574bf72502405aa8e3fff2c781aedf.docx
姑苏区-沧740,姑苏区,沧740,鸡爪槭,Acer palmatum Thunb.,121,10,150,15,苏州大学,三级,31.294869,120.640798,地区级示意,https://ylj.suzhou.gov.cn/szsylj/zygk/202502/c39761b4712441d9af389bf1cf5b1098.shtml,https://ylj.suzhou.gov.cn/szsylj/zygk/202502/c39761b4712441d9af389bf1cf5b1098/files/25574bf72502405aa8e3fff2c781aedf.docx
姑苏区-沧741,姑苏区,沧741,鸡爪槭,Acer palmatum Thunb.,171,9,180,10.5,苏州大学,三级,31.303666,120.614602,地区级示意,https://ylj.suzhou.gov.cn/szsylj/zygk/202502/c39761b4712441d9af389bf1cf5b1098.shtml,https://ylj.suzhou.gov.cn/szsylj/zygk/202502/c39761b4712441d9af389bf1cf5b1098/files/25574bf72502405aa8e3fff2c781aedf.docx
姑苏区-沧742,姑苏区,沧742,榔榆,Ulmus parvifolia Jacq.,121,12.4,136,8.6,苏州大学,三级,31.315064,120.586658,地区级示意,https://ylj.suzhou.gov.cn/szsylj/zygk/202502/c39761b4712441d9af389bf1cf5b1098.shtml,https://ylj.suzhou.gov.cn/szsylj/zygk/202502/c39761b4712441d9af389bf1cf5b1098/files/25574bf72502405aa8e3fff2c781aedf.docx
姑苏区-沧744,姑苏区,沧744,罗汉松,Podocarpus macrophyllus (Thunb.) Sweet,161,9,195,9.1,苏州大学,三级,31.283164,120.622123,地区级示意,https://ylj.suzhou.gov.cn/szsylj/zygk/202502/c39761b4712441d9af389bf1cf5b1098.shtml,https://ylj.suzhou.gov.cn/szsylj/zygk/202502/c39761b4712441d9af389bf1cf5b1098/files/25574bf72502405aa8e3fff2c781aedf.docx
姑苏区-沧745,姑苏区,沧745,银杏,Ginkgo biloba L.,117,12.1,157,2.9,苏州中学,三级,31.294577,120.616151,地区级示意,https://ylj.suzhou.gov.cn/szsylj/zygk/202502/c39761b4712441d9af389bf1cf5b1098.shtml,https://ylj.suzhou.gov.cn/szsylj/zygk/202502/c39761b4712441d9af389bf1cf5b1098/files/25574bf72502405aa8e3fff2c781aedf.docx
姑苏区-沧746,姑苏区,沧746,白皮松,Pinus bungeana Zucc. ex Endl.,172,17,201,10.8,南园宾馆,三级,31.301217,120.591839,地区级示意,https://ylj.suzhou.gov.cn/szsylj/zygk/202502/c39761b4712441d9af389bf1cf5b1098.shtml,https://ylj.suzhou.gov.cn/szsylj/zygk/202502/c39761b4712441d9af389bf1cf5b1098/files/25574bf72502405aa8e3fff2c781aedf.docx
姑苏区-沧747,姑苏区,沧747,木樨,Osmanthus fragrans (Thunb.) Lour.,151,9,113,7.5,南园宾馆,三级,31.330043,120.584809,地区级示意,https://ylj.suzhou.gov.cn/szsylj/zygk/202502/c39761b4712441d9af389bf1cf5b1098.shtml,https://ylj.suzhou.gov.cn/szsylj/zygk/202502/c39761b4712441d9af389bf1cf5b1098/files/25574bf72502405aa8e3fff2c781aedf.docx
姑苏区-沧748,姑苏区,沧748,银杏,Ginkgo biloba L.,157,17,204,11.2,南园宾馆,三级,31.317824,120.651239,地区级示意,https://ylj.suzhou.gov.cn/szsylj/zygk/202502/c39761b4712441d9af389bf1cf5b1098.shtml,https://ylj.suzhou.gov.cn/szsylj/zygk/202502/c39761b4712441d9af389bf1cf5b1098/files/25574bf72502405aa8e3fff2c781aedf.docx
姑苏区-沧749,姑苏区,沧749,木樨,Osmanthus fragrans (Thunb.) Lour.,125,8.2,97,9.5,东小桥弄3号,三级,31.330191,120.592861,地区级示意,https://ylj.suzhou.gov.cn/szsylj/zygk/202502/c39761b4712441d9af389bf1cf5b1098.shtml,https://ylj.suzhou.gov.cn/szsylj/zygk/202502/c39761b4712441d9af389bf1cf5b1098/files/25574bf72502405aa8e3fff2c781aedf.docx
姑苏区-沧750,姑苏区,沧750,圆柏,Juniperus chinensis Roxb.,126,10.5,141,5,东小桥弄3号,三级,31.299929,120.600978,地区级示意,https://ylj.suzhou.gov.cn/szsylj/zygk/202502/c39761b4712441d9af389bf1cf5b1098.shtml,https://ylj.suzhou.gov.cn/szsylj/zygk/202502/c39761b4712441d9af389bf1cf5b1098/files/25574bf72502405aa8e3fff2c781aedf.docx
姑苏区-沧751,姑苏区,沧751,罗汉松,Podocarpus macrophyllus (Thunb.) Sweet,133,11,163,8,东小桥弄3号,三级,31.318238,120.656004,地区级示意,https://ylj.suzhou.gov.cn/szsylj/zygk/202502/c39761b4712441d9af389bf1cf5b1098.shtml,https://ylj.suzhou.gov.cn/szsylj/zygk/202502/c39761b4712441d9af389bf1cf5b1098/files/25574bf72502405aa8e3fff2c781aedf.docx
姑苏区-沧752,姑苏区,沧752,木樨,Osmanthus fragrans (Thunb.) Lour.,118,6,104,5.5,东小桥弄3号,三级,31.340974,120.601633,地区级示意,https://ylj.suzhou.gov.cn/szsylj/zygk/202502/c39761b4712441d9af389bf1cf5b1098.shtml,https://ylj.suzhou.gov.cn/szsylj/zygk/202502/c39761b4712441d9af389bf1cf5b1098/files/25574bf72502405aa8e3fff2c781aedf.docx
姑苏区-沧753,姑苏区,沧753,银杏,Ginkgo biloba L.,132,15.1,170,8,东小桥弄3号,三级,31.32536,120.640118,地区级示意,https://ylj.suzhou.gov.cn/szsylj/zygk/202502/c39761b4712441d9af389bf1cf5b1098.shtml,https://ylj.suzhou.gov.cn/szsylj/zygk/202502/c39761b4712441d9af389bf1cf5b1098/files/25574bf72502405aa8e3fff2c781aedf.docx
姑苏区-沧754,姑苏区,沧754,香樟,Camphora officinarum Nees,132,10,248,16,东小桥弄3号,三级,31.291139,120.631714,地区级示意,https://ylj.suzhou.gov.cn/szsylj/zygk/202502/c39761b4712441d9af389bf1cf5b1098.shtml,https://ylj.suzhou.gov.cn/szsylj/zygk/202502/c39761b4712441d9af389bf1cf5b1098/files/25574bf72502405aa8e3fff2c781aedf.docx
姑苏区-沧755,姑苏区,沧755,银杏,Ginkgo biloba L.,126,10,157,5.5,苏州市第十中学,三级,31.319089,120.61315,地区级示意,https://ylj.suzhou.gov.cn/szsylj/zygk/202502/c39761b4712441d9af389bf1cf5b1098.shtml,https://ylj.suzhou.gov.cn/szsylj/zygk/202502/c39761b4712441d9af389bf1cf5b1098/files/25574bf72502405aa8e3fff2c781aedf.docx
姑苏区-沧756,姑苏区,沧756,银杏,Ginkgo biloba L.,126,15,198,9.5,苏州市第十中学,三级,31.319191,120.601326,地区级示意,https://ylj.suzhou.gov.cn/szsylj/zygk/202502/c39761b4712441d9af389bf1cf5b1098.shtml,https://ylj.suzhou.gov.cn/szsylj/zygk/202502/c39761b4712441d9af389bf1cf5b1098/files/25574bf72502405aa8e3fff2c781aedf.docx
姑苏区-沧757,姑苏区,沧757,银杏,Ginkgo biloba L.,139,21,223,15,苏州市第十中学,三级,31.283645,120.620177,地区级示意,https://ylj.suzhou.gov.cn/szsylj/zygk/202502/c39761b4712441d9af389bf1cf5b1098.shtml,https://ylj.suzhou.gov.cn/szsylj/zygk/202502/c39761b4712441d9af389bf1cf5b1098/files/25574bf72502405aa8e3fff2c781aedf.docx
姑苏区-沧758,姑苏区,沧758,朴树,Celtis sinensis Pers.,123,24,257,22.5,苏州市第十中学,三级,31.310321,120.583954,地区级示意,https://ylj.suzhou.gov.cn/szsylj/zygk/202502/c39761b4712441d9af389bf1cf5b1098.shtml,https://ylj.suzhou.gov.cn/szsylj/zygk/202502/c39761b4712441d9af389bf1cf5b1098/files/25574bf72502405aa8e3fff2c781aedf.docx
姑苏区-沧759,姑苏区,沧759,银杏,Ginkgo biloba L.,174,19,232,12,定慧寺巷64号,三级,31.323912,120.615113,地区级示意,https://ylj.suzhou.gov.cn/szsylj/zygk/202502/c39761b4712441d9af389bf1cf5b1098.shtml,https://ylj.suzhou.gov.cn/szsylj/zygk/202502/c39761b4712441d9af389bf1cf5b1098/files/25574bf72502405aa8e3fff2c781aedf.docx
姑苏区-沧760,姑苏区,沧760,银杏,Ginkgo biloba L.,117,16.8,157,7.5,石匠弄2号,三级,31.30401,120.624241,地区级示意,https://ylj.suzhou.gov.cn/szsylj/zygk/202502/c39761b4712441d9af389bf1cf5b1098.shtml,https://ylj.suzhou.gov.cn/szsylj/zygk/202502/c39761b4712441d9af389bf1cf5b1098/files/25574bf72502405aa8e3fff2c781aedf.docx
姑苏区-沧762,姑苏区,沧762,木樨,Osmanthus fragrans (Thunb.) Lour.,146,8.5,119,7.5,苏州大学,三级,31.314023,120.609764,地区级示意,https://ylj.suzhou.gov.cn/szsylj/zygk/202502/c39761b4712441d9af389bf1cf5b1098.shtml,https://ylj.suzhou.gov.cn/szsylj/zygk/202502/c39761b4712441d9af389bf1cf5b1098/files/25574bf72502405aa8e3fff2c781aedf.docx
姑苏区-沧763,姑苏区,沧763,木樨,Osmanthus fragrans (Thunb.) Lour.,127,7.2,81,9.6,苏州大学,三级,31.338669,120.598689,地区级示意,https://ylj.suzhou.gov.cn/szsylj/zygk/202502/c39761b4712441d9af389bf1cf5b1098.shtml,https://ylj.suzhou.gov.cn/szsylj/zygk/202502/c39761b4712441d9af389bf1cf5b1098/files/25574bf72502405aa8e3fff2c781aedf.docx
姑苏区-沧764,姑苏区,沧764,木樨,Osmanthus fragrans (Thunb.) Lour.,124,7.2,85,8.6,苏州大学,三级,31.313601,120.620879,地区级示意,https://ylj.suzhou.gov.cn/szsylj/zygk/202502/c39761b4712441d9af389bf1cf5b1098.shtml,https://ylj.suzhou.gov.cn/szsylj/zygk/202502/c39761b4712441d9af389bf1cf5b1098/files/25574bf72502405aa8e3fff2c781aedf.docx
姑苏区-沧765,姑苏区,沧765,木樨,Osmanthus fragrans (Thunb.) Lour.,124,8,129,8.4,苏州大学,三级,31.32321,120.582191,地区级示意,https://ylj.suzhou.gov.cn/szsylj/zygk/202502/c39761b4712441d9af389bf1cf5b1098.shtml,https://ylj.suzhou.gov.cn/szsylj/zygk/202502/c39761b4712441d9af389bf1cf5b1098/files/25574bf72502405aa8e3fff2c781aedf.docx
姑苏区-沧766,姑苏区,沧766,木樨,Osmanthus fragrans (Thunb.) Lour.,130,9,104,9.4,苏州大学,三级,31.320477,120.643067,地区级示意,https://ylj.suzhou.gov.cn/szsylj/zygk/202502/c39761b4712441d9af389bf1cf5b1098.shtml,https://ylj.suzhou.gov.cn/szsylj/zygk/202502/c39761b4712441d9af389bf1cf5b1098/files/25574bf72502405aa8e3fff2c781aedf.docx
姑苏区-沧767,姑苏区,沧767,银杏,Ginkgo biloba L.,142,17.7,204,14,苏州大学,三级,31.299173,120.614558,地区级示意,https://ylj.suzhou.gov.cn/szsylj/zygk/202502/c39761b4712441d9af389bf1cf5b1098.shtml,https://ylj.suzhou.gov.cn/szsylj/zygk/202502/c39761b4712441d9af389bf1cf5b1098/files/25574bf72502405aa8e3fff2c781aedf.docx
姑苏区-沧768,姑苏区,沧768,银杏,Ginkgo biloba L.,132,19.6,198,11.3,苏州大学,三级,31.318021,120.581676,地区级示意,https://ylj.suzhou.gov.cn/szsylj/zygk/202502/c39761b4712441d9af389bf1cf5b1098.shtml,https://ylj.suzhou.gov.cn/szsylj/zygk/202502/c39761b4712441d9af389bf1cf5b1098/files/25574bf72502405aa8e3fff2c781aedf.docx
姑苏区-沧769,姑苏区,沧769,银杏,Ginkgo biloba L.,121,16.8,185,9.8,金狮河沿后27-1,三级,31.290785,120.63324,地区级示意,https://ylj.suzhou.gov.cn/szsylj/zygk/202502/c39761b4712441d9af389bf1cf5b1098.shtml,https://ylj.suzhou.gov.cn/szsylj/zygk/202502/c39761b4712441d9af389bf1cf5b1098/files/25574bf72502405aa8e3fff2c781aedf.docx
姑苏区-沧770,姑苏区,沧770,银杏,Ginkgo biloba L.,128,17.9,198,9.2,金狮河沿后27,三级,31.29067,120.637361,地区级示意,https://ylj.suzhou.gov.cn/szsylj/zygk/202502/c39761b4712441d9af389bf1cf5b1098.shtml,https://ylj.suzhou.gov.cn/szsylj/zygk/202502/c39761b4712441d9af389bf1cf5b1098/files/25574bf72502405aa8e3fff2c781aedf.docx
姑苏区-沧773,姑苏区,沧773,木樨,Osmanthus fragrans (Thunb.) Lour.,117,6.5,72,5.1,南林饭店,三级,31.307517,120.603192,地区级示意,https://ylj.suzhou.gov.cn/szsylj/zygk/202502/c39761b4712441d9af389bf1cf5b1098.shtml,https://ylj.suzhou.gov.cn/szsylj/zygk/202502/c39761b4712441d9af389bf1cf5b1098/files/25574bf72502405aa8e3fff2c781aedf.docx
姑苏区-沧774,姑苏区,沧774,木樨,Osmanthus fragrans (Thunb.) Lour.,131,7,88,6.6,南林饭店,三级,31.331192,120.591004,地区级示意,https://ylj.suzhou.gov.cn/szsylj/zygk/202502/c39761b4712441d9af389bf1cf5b1098.shtml,https://ylj.suzhou.gov.cn/szsylj/zygk/202502/c39761b4712441d9af389bf1cf5b1098/files/25574bf72502405aa8e3fff2c781aedf.docx
姑苏区-沧775,姑苏区,沧775,木樨,Osmanthus fragrans (Thunb.) Lour.,141,7.5,97,7.5,南林饭店,三级,31.326626,120.64206,地区级示意,https://ylj.suzhou.gov.cn/szsylj/zygk/202502/c39761b4712441d9af389bf1cf5b1098.shtml,https://ylj.suzhou.gov.cn/szsylj/zygk/202502/c39761b4712441d9af389bf1cf5b1098/files/25574bf72502405aa8e3fff2c781aedf.docx
姑苏区-沧776,姑苏区,沧776,木樨,Osmanthus fragrans (Thunb.) Lour.,154,7.5,100,4.9,南林饭店,三级,31.312079,120.609097,地区级示意,https://ylj.suzhou.gov.cn/szsylj/zygk/202502/c39761b4712441d9af389bf1cf5b1098.shtml,https://ylj.suzhou.gov.cn/szsylj/zygk/202502/c39761b4712441d9af389bf1cf5b1098/files/25574bf72502405aa8e3fff2c781aedf.docx
姑苏区-沧777,姑苏区,沧777,银杏,Ginkgo biloba L.,120,14,176,9.3,东吴饭店,三级,31.320521,120.629081,地区级示意,https://ylj.suzhou.gov.cn/szsylj/zygk/202502/c39761b4712441d9af389bf1cf5b1098.shtml,https://ylj.suzhou.gov.cn/szsylj/zygk/202502/c39761b4712441d9af389bf1cf5b1098/files/25574bf72502405aa8e3fff2c781aedf.docx
姑苏区-沧778,姑苏区,沧778,银杏,Ginkgo biloba L.,132,16.2,163,7.4,东吴饭店,三级,31.328465,120.615638,地区级示意,https://ylj.suzhou.gov.cn/szsylj/zygk/202502/c39761b4712441d9af389bf1cf5b1098.shtml,https://ylj.suzhou.gov.cn/szsylj/zygk/202502/c39761b4712441d9af389bf1cf5b1098/files/25574bf72502405aa8e3fff2c781aedf.docx
姑苏区-沧779,姑苏区,沧779,银杏,Ginkgo biloba L.,132,15,163,7.5,二郎巷15号,三级,31.299418,120.608907,地区级示意,https://ylj.suzhou.gov.cn/szsylj/zygk/202502/c39761b4712441d9af389bf1cf5b1098.shtml,https://ylj.suzhou.gov.cn/szsylj/zygk/202502/c39761b4712441d9af389bf1cf5b1098/files/25574bf72502405aa8e3fff2c781aedf.docx
姑苏区-沧780,姑苏区,沧780,石榴,Punica granatum L.,158,6.8,103,5.4,锦帆路18号,三级,31.304253,120.63343,地区级示意,https://ylj.suzhou.gov.cn/szsylj/zygk/202502/c39761b4712441d9af389bf1cf5b1098.shtml,https://ylj.suzhou.gov.cn/szsylj/zygk/202502/c39761b4712441d9af389bf1cf5b1098/files/25574bf72502405aa8e3fff2c781aedf.docx
姑苏区-沧781,姑苏区,沧781,腊梅,Chimonanthus praecox (L.) Link,141,6.5,163,5.2,锦帆路18号,三级,31.321358,120.617608,地区级示意,https://ylj.suzhou.gov.cn/szsylj/zygk/202502/c39761b4712441d9af389bf1cf5b1098.shtml,https://ylj.suzhou.gov.cn/szsylj/zygk/202502/c39761b4712441d9af389bf1cf5b1098/files/25574bf72502405aa8e3fff2c781aedf.docx
姑苏区-沧782,姑苏区,沧782,木樨,Osmanthus fragrans (Thunb.) Lour.,121,8.5,103,6.5,锦帆路98号,三级,31.303925,120.641565,地区级示意,https://ylj.suzhou.gov.cn/szsylj/zygk/202502/c39761b4712441d9af389bf1cf5b1098.shtml,https://ylj.suzhou.gov.cn/szsylj/zygk/202502/c39761b4712441d9af389bf1cf5b1098/files/25574bf72502405aa8e3fff2c781aedf.docx
姑苏区-沧783,姑苏区,沧783,木樨,Osmanthus fragrans (Thunb.) Lour.,117,6,107,8.5,五卅路148号,三级,31.309046,120.624965,地区级示意,https://ylj.suzhou.gov.cn/szsylj/zygk/202502/c39761b4712441d9af389bf1cf5b1098.shtml,https://ylj.suzhou.gov.cn/szsylj/zygk/202502/c39761b4712441d9af389bf1cf5b1098/files/25574bf72502405aa8e3fff2c781aedf.docx
姑苏区-沧784,姑苏区,沧784,木樨,Osmanthus fragrans (Thunb.) Lour.,137,8,110,9,五卅路148号,三级,31.299071,120.645392,地区级示意,https://ylj.suzhou.gov.cn/szsylj/zygk/202502/c39761b4712441d9af389bf1cf5b1098.shtml,https://ylj.suzhou.gov.cn/szsylj/zygk/202502/c39761b4712441d9af389bf1cf5b1098/files/25574bf72502405aa8e3fff2c781aedf.docx
姑苏区-沧785,姑苏区,沧785,木樨,Osmanthus fragrans (Thunb.) Lour.,157,6.4,132,5.9,五卅路148号,三级,31.343861,120.618966,地区级示意,https://ylj.suzhou.gov.cn/szsylj/zygk/202502/c39761b4712441d9af389bf1cf5b1098.shtml,https://ylj.suzhou.gov.cn/szsylj/zygk/202502/c39761b4712441d9af389bf1cf5b1098/files/25574bf72502405aa8e3fff2c781aedf.docx
姑苏区-沧786,姑苏区,沧786,白皮松,Pinus bungeana Zucc. ex Endl.,154,7.8,176,6.6,五卅路148号,三级,31.310728,120.58711,地区级示意,https://ylj.suzhou.gov.cn/szsylj/zygk/202502/c39761b4712441d9af389bf1cf5b1098.shtml,https://ylj.suzhou.gov.cn/szsylj/zygk/202502/c39761b4712441d9af389bf1cf5b1098/files/25574bf72502405aa8e3fff2c781aedf.docx
姑苏区-沧787,姑苏区,沧787,木樨,Osmanthus fragrans (Thunb.) Lour.,199,6.7,113,4.8,西美巷68号,三级,31.340345,120.639434,地区级示意,https://ylj.suzhou.gov.cn/szsylj/zygk/202502/c39761b4712441d9af389bf1cf5b1098.shtml,https://ylj.suzhou.gov.cn/szsylj/zygk/202502/c39761b4712441d9af389bf1cf5b1098/files/25574bf72502405aa8e3fff2c781aedf.docx
姑苏区-沧788,姑苏区,沧788,木樨,Osmanthus fragrans (Thunb.) Lour.,120,6,91,5,观音弄18号,三级,31.331922,120.643046,地区级示意,https://ylj.suzhou.gov.cn/szsylj/zygk/202502/c39761b4712441d9af389bf1cf5b1098.shtml,https://ylj.suzhou.gov.cn/szsylj/zygk/202502/c39761b4712441d9af389bf1cf5b1098/files/25574bf72502405aa8e3fff2c781aedf.docx
姑苏区-沧789,姑苏区,沧789,枸骨,Ilex cornuta Lindl. & Paxton,125,5.2,144,5,观音弄18号,三级,31.325514,120.614805,地区级示意,https://ylj.suzhou.gov.cn/szsylj/zygk/202502/c39761b4712441d9af389bf1cf5b1098.shtml,https://ylj.suzhou.gov.cn/szsylj/zygk/202502/c39761b4712441d9af389bf1cf5b1098/files/25574bf72502405aa8e3fff2c781aedf.docx
姑苏区-沧790,姑苏区,沧790,银杏,Ginkgo biloba L.,124,18,172,11,苏州市第十中学对面,三级,31.328993,120.651125,地区级示意,https://ylj.suzhou.gov.cn/szsylj/zygk/202502/c39761b4712441d9af389bf1cf5b1098.shtml,https://ylj.suzhou.gov.cn/szsylj/zygk/202502/c39761b4712441d9af389bf1cf5b1098/files/25574bf72502405aa8e3fff2c781aedf.docx
姑苏区-沧791,姑苏区,沧791,黄杨,Buxus sinica (Rehder & E. H. Wilson) M. Cheng,120,8,91,6.2,盘溪新村118幢,三级,31.300459,120.631405,地区级示意,https://ylj.suzhou.gov.cn/szsylj/zygk/202502/c39761b4712441d9af389bf1cf5b1098.shtml,https://ylj.suzhou.gov.cn/szsylj/zygk/202502/c39761b4712441d9af389bf1cf5b1098/files/25574bf72502405aa8e3fff2c781aedf.docx
姑苏区-沧792,姑苏区,沧792,广玉兰,Magnolia grandiflora L.,115,18.9,356,15,新桥巷26号,三级,31.315752,120.648542,地区级示意,https://ylj.suzhou.gov.cn/szsylj/zygk/202502/c39761b4712441d9af389bf1cf5b1098.shtml,https://ylj.suzhou.gov.cn/szsylj/zygk/202502/c39761b4712441d9af389bf1cf5b1098/files/25574bf72502405aa8e3fff2c781aedf.docx
姑苏区-沧793,姑苏区,沧793,广玉兰,Magnolia grandiflora L.,107,17.6,254,13.8,西支家巷14号,三级,31.322211,120.592249,地区级示意,https://ylj.suzhou.gov.cn/szsylj/zygk/202502/c39761b4712441d9af389bf1cf5b1098.shtml,https://ylj.suzhou.gov.cn/szsylj/zygk/202502/c39761b4712441d9af389bf1cf5b1098/files/25574bf72502405aa8e3fff2c781aedf.docx
姑苏区-沧794,姑苏区,沧794,木樨,Osmanthus fragrans (Thunb.) Lour.,108,7.5,97,5.5,东小桥弄3号,三级,31.323101,120.622863,地区级示意,https://ylj.suzhou.gov.cn/szsylj/zygk/202502/c39761b4712441d9af389bf1cf5b1098.shtml,https://ylj.suzhou.gov.cn/szsylj/zygk/202502/c39761b4712441d9af389bf1cf5b1098/files/25574bf72502405aa8e3fff2c781aedf.docx
姑苏区-沧795,姑苏区,沧795,龙柏,Juniperus chinensis 'Kaizuca',113,7,120,7.5,东小桥弄3号,三级,31.317387,120.58267,地区级示意,https://ylj.suzhou.gov.cn/szsylj/zygk/202502/c39761b4712441d9af389bf1cf5b1098.shtml,https://ylj.suzhou.gov.cn/szsylj/zygk/202502/c39761b4712441d9af389bf1cf5b1098/files/25574bf72502405aa8e3fff2c781aedf.docx
姑苏区-沧796,姑苏区,沧796,银杏,Ginkgo biloba L.,113,7.5,97,10.5,苏州市第十中学,三级,31.295052,120.620261,地区级示意,https://ylj.suzhou.gov.cn/szsylj/zygk/202502/c39761b4712441d9af389bf1cf5b1098.shtml,https://ylj.suzhou.gov.cn/szsylj/zygk/202502/c39761b4712441d9af389bf1cf5b1098/files/25574bf72502405aa8e3fff2c781aedf.docx
姑苏区-沧797,姑苏区,沧797,银杏,Ginkgo biloba L.,113,18,176,8.5,苏州市第十中学,三级,31.343365,120.624068,地区级示意,https://ylj.suzhou.gov.cn/szsylj/zygk/202502/c39761b4712441d9af389bf1cf5b1098.shtml,https://ylj.suzhou.gov.cn/szsylj/zygk/202502/c39761b4712441d9af389bf1cf5b1098/files/25574bf72502405aa8e3fff2c781aedf.docx
姑苏区-沧798,姑苏区,沧798,银杏,Ginkgo biloba L.,109,18,2,9.5,苏州市第十中学,三级,31.295704,120.60612,地区级示意,https://ylj.suzhou.gov.cn/szsylj/zygk/202502/c39761b4712441d9af389bf1cf5b1098.shtml,https://ylj.suzhou.gov.cn/szsylj/zygk/202502/c39761b4712441d9af389bf1cf5b1098/files/25574bf72502405aa8e3fff2c781aedf.docx
姑苏区-沧799,姑苏区,沧799,榆,Ulmus pumila L.,112,20,239,12,苏州市第十中学,三级,31.333405,120.599498,地区级示意,https://ylj.suzhou.gov.cn/szsylj/zygk/202502/c39761b4712441d9af389bf1cf5b1098.shtml,https://ylj.suzhou.gov.cn/szsylj/zygk/202502/c39761b4712441d9af389bf1cf5b1098/files/25574bf72502405aa8e3fff2c781aedf.docx
姑苏区-沧800,姑苏区,沧800,银杏,Ginkgo biloba L.,113,18,166,4.3,石匠弄2号,三级,31.289472,120.613075,地区级示意,https://ylj.suzhou.gov.cn/szsylj/zygk/202502/c39761b4712441d9af389bf1cf5b1098.shtml,https://ylj.suzhou.gov.cn/szsylj/zygk/202502/c39761b4712441d9af389bf1cf5b1098/files/25574bf72502405aa8e3fff2c781aedf.docx
姑苏区-沧801,姑苏区,沧801,木樨,Osmanthus fragrans (Thunb.) Lour.,110,7,103,6.5,苏州大学,三级,31.317823,120.631159,地区级示意,https://ylj.suzhou.gov.cn/szsylj/zygk/202502/c39761b4712441d9af389bf1cf5b1098.shtml,https://ylj.suzhou.gov.cn/szsylj/zygk/202502/c39761b4712441d9af389bf1cf5b1098/files/25574bf72502405aa8e3fff2c781aedf.docx
姑苏区-沧802,姑苏区,沧802,木樨,Osmanthus fragrans (Thunb.) Lour.,114,8,72,8.3,苏州大学,三级,31.297547,120.644898,地区级示意,https://ylj.suzhou.gov.cn/szsylj/zygk/202502/c39761b4712441d9af389bf1cf5b1098.shtml,https://ylj.suzhou.gov.cn/szsylj/zygk/202502/c39761b4712441d9af389bf1cf5b1098/files/25574bf72502405aa8e3fff2c781aedf.docx
姑苏区-沧803,姑苏区,沧803,圆柏,Juniperus chinensis Roxb.,115,10.6,110,6.9,苏州大学,三级,31.288115,120.638085,地区级示意,https://ylj.suzhou.gov.cn/szsylj/zygk/202502/c39761b4712441d9af389bf1cf5b1098.shtml,https://ylj.suzhou.gov.cn/szsylj/zygk/202502/c39761b4712441d9af389bf1cf5b1098/files/25574bf72502405aa8e3fff2c781aedf.docx
姑苏区-沧804,姑苏区,沧804,薜荔,Ficus pumila L.,107,25,85,5.6,苏州大学,三级,31.315574,120.614814,地区级示意,https://ylj.suzhou.gov.cn/szsylj/zygk/202502/c39761b4712441d9af389bf1cf5b1098.shtml,https://ylj.suzhou.gov.cn/szsylj/zygk/202502/c39761b4712441d9af389bf1cf5b1098/files/25574bf72502405aa8e3fff2c781aedf.docx
姑苏区-沧805,姑苏区,沧805,木樨,Osmanthus fragrans (Thunb.) Lour.,110,8,69,9,苏州大学,三级,31.328936,120.626726,地区级示意,https://ylj.suzhou.gov.cn/szsylj/zygk/202502/c39761b4712441d9af389bf1cf5b1098.shtml,https://ylj.suzhou.gov.cn/szsylj/zygk/202502/c39761b4712441d9af389bf1cf5b1098/files/25574bf72502405aa8e3fff2c781aedf.docx
姑苏区-沧806,姑苏区,沧806,重阳木,Bischofia polycarpa (H. Lév.) Airy Shaw,110,18,245,17.5,苏州大学,三级,31.335953,120.648585,地区级示意,https://ylj.suzhou.gov.cn/szsylj/zygk/202502/c39761b4712441d9af389bf1cf5b1098.shtml,https://ylj.suzhou.gov.cn/szsylj/zygk/202502/c39761b4712441d9af389bf1cf5b1098/files/25574bf72502405aa8e3fff2c781aedf.docx
姑苏区-沧807,姑苏区,沧807,圆柏,Juniperus chinensis Roxb.,108,11,113,6.2,苏州大学,三级,31.303591,120.620114,地区级示意,https://ylj.suzhou.gov.cn/szsylj/zygk/202502/c39761b4712441d9af389bf1cf5b1098.shtml,https://ylj.suzhou.gov.cn/szsylj/zygk/202502/c39761b4712441d9af389bf1cf5b1098/files/25574bf72502405aa8e3fff2c781aedf.docx
姑苏区-沧808,姑苏区,沧808,刺槐,Robinia pseudoacacia L.,110,20.2,289,9.2,东大街222号,三级,31.315843,120.647001,地区级示意,https://ylj.suzhou.gov.cn/szsylj/zygk/202502/c39761b4712441d9af389bf1cf5b1098.shtml,https://ylj.suzhou.gov.cn/szsylj/zygk/202502/c39761b4712441d9af389bf1cf5b1098/files/25574bf72502405aa8e3fff2c781aedf.docx
姑苏区-沧809,姑苏区,沧809,木樨,Osmanthus fragrans (Thunb.) Lour.,108,7.5,75,4.7,南林饭店,三级,31.29316,120.621995,地区级示意,https://ylj.suzhou.gov.cn/szsylj/zygk/202502/c39761b4712441d9af389bf1cf5b1098.shtml,https://ylj.suzhou.gov.cn/szsylj/zygk/202502/c39761b4712441d9af389bf1cf5b1098/files/25574bf72502405aa8e3fff2c781aedf.docx
姑苏区-沧810,姑苏区,沧810,黄杨,Buxus sinica (Rehder & E. H. Wilson) M. Cheng,108,5.5,72,6.5,锦帆路98号,三级,31.301481,120.642693,地区级示意,https://ylj.suzhou.gov.cn/szsylj/zygk/202502/c39761b4712441d9af389bf1cf5b1098.shtml,https://ylj.suzhou.gov.cn/szsylj/zygk/202502/c39761b4712441d9af389bf1cf5b1098/files/25574bf72502405aa8e3fff2c781aedf.docx
姑苏区-沧811,姑苏区,沧811,木樨,Osmanthus fragrans (Thunb.) Lour.,110,6,88,6,五卅路148号,三级,31.285639,120.62407,地区级示意,https://ylj.suzhou.gov.cn/szsylj/zygk/202502/c39761b4712441d9af389bf1cf5b1098.shtml,https://ylj.suzhou.gov.cn/szsylj/zygk/202502/c39761b4712441d9af389bf1cf5b1098/files/25574bf72502405aa8e3fff2c781aedf.docx
姑苏区-沧812,姑苏区,沧812,龙柏,Juniperus chinensis 'Kaizuca',115,9,141,9,五卅路148号,三级,31.322127,120.599684,地区级示意,https://ylj.suzhou.gov.cn/szsylj/zygk/202502/c39761b4712441d9af389bf1cf5b1098.shtml,https://ylj.suzhou.gov.cn/szsylj/zygk/202502/c39761b4712441d9af389bf1cf5b1098/files/25574bf72502405aa8e3fff2c781aedf.docx
姑苏区-沧813,姑苏区,沧813,黄杨,Buxus sinica (Rehder & E. H. Wilson) M. Cheng,106,5.1,60,3.1,西二路1号,三级,31.335564,120.597308,地区级示意,https://ylj.suzhou.gov.cn/szsylj/zygk/202502/c39761b4712441d9af389bf1cf5b1098.shtml,https://ylj.suzhou.gov.cn/szsylj/zygk/202502/c39761b4712441d9af389bf1cf5b1098/files/25574bf72502405aa8e3fff2c781aedf.docx
姑苏区-沧814,姑苏区,沧814,厚壳树,Ehretia acuminata R. Br.,106,13,141,10,凤凰街288号,三级,31.34137,120.603922,地区级示意,https://ylj.suzhou.gov.cn/szsylj/zygk/202502/c39761b4712441d9af389bf1cf5b1098.shtml,https://ylj.suzhou.gov.cn/szsylj/zygk/202502/c39761b4712441d9af389bf1cf5b1098/files/25574bf72502405aa8e3fff2c781aedf.docx
姑苏区-沧815,姑苏区,沧815,龙柏,Juniperus chinensis 'Kaizuca',106,11.3,81,3.9,寿宁弄2-1号,三级,31.320272,120.619656,地区级示意,https://ylj.suzhou.gov.cn/szsylj/zygk/202502/c39761b4712441d9af389bf1cf5b1098.shtml,https://ylj.suzhou.gov.cn/szsylj/zygk/202502/c39761b4712441d9af389bf1cf5b1098/files/25574bf72502405aa8e3fff2c781aedf.docx
姑苏区-沧817,姑苏区,沧817,龙柏,Juniperus chinensis 'Kaizuca',106,9.4,79,2.8,寿宁弄2-1号,三级,31.287426,120.608339,地区级示意,https://ylj.suzhou.gov.cn/szsylj/zygk/202502/c39761b4712441d9af389bf1cf5b1098.shtml,https://ylj.suzhou.gov.cn/szsylj/zygk/202502/c39761b4712441d9af389bf1cf5b1098/files/25574bf72502405aa8e3fff2c781aedf.docx
姑苏区-沧822,姑苏区,沧822,银杏,Ginkgo biloba L.,106,16,185,9.5,苏州市第十中学,三级,31.297563,120.605436,地区级示意,https://ylj.suzhou.gov.cn/szsylj/zygk/202502/c39761b4712441d9af389bf1cf5b1098.shtml,https://ylj.suzhou.gov.cn/szsylj/zygk/202502/c39761b4712441d9af389bf1cf5b1098/files/25574bf72502405aa8e3fff2c781aedf.docx
姑苏区-沧823,姑苏区,沧823,银杏,Ginkgo biloba L.,106,18,147,7,苏州市第十中学,三级,31.29867,120.631134,地区级示意,https://ylj.suzhou.gov.cn/szsylj/zygk/202502/c39761b4712441d9af389bf1cf5b1098.shtml,https://ylj.suzhou.gov.cn/szsylj/zygk/202502/c39761b4712441d9af389bf1cf5b1098/files/25574bf72502405aa8e3fff2c781aedf.docx
姑苏区-沧825,姑苏区,沧825,银杏,Ginkgo biloba L.,106,17.3,327,3.4,司前街经侦大队,三级,31.314899,120.602312,地区级示意,https://ylj.suzhou.gov.cn/szsylj/zygk/202502/c39761b4712441d9af389bf1cf5b1098.shtml,https://ylj.suzhou.gov.cn/szsylj/zygk/202502/c39761b4712441d9af389bf1cf5b1098/files/25574bf72502405aa8e3fff2c781aedf.docx
姑苏区-沧828,姑苏区,沧828,银杏,Ginkgo biloba L.,136,14,170,9.5,苏纶里小区,三级,31.305249,120.638559,地区级示意,https://ylj.suzhou.gov.cn/szsylj/zygk/202502/c39761b4712441d9af389bf1cf5b1098.shtml,https://ylj.suzhou.gov.cn/szsylj/zygk/202502/c39761b4712441d9af389bf1cf5b1098/files/25574bf72502405aa8e3fff2c781aedf.docx
姑苏区-沧829,姑苏区,沧829,广玉兰,Magnolia grandiflora L.,112,18.6,298,8.9,金狮巷3号,三级,31.283501,120.616888,地区级示意,https://ylj.suzhou.gov.cn/szsylj/zygk/202502/c39761b4712441d9af389bf1cf5b1098.shtml,https://ylj.suzhou.gov.cn/szsylj/zygk/202502/c39761b4712441d9af389bf1cf5b1098/files/25574bf72502405aa8e3fff2c781aedf.docx
姑苏区-沧830,姑苏区,沧830,银杏,Ginkgo biloba L.,112,16.8,163,4.7,工人文化宫,三级,31.310126,120.656204,地区级示意,https://ylj.suzhou.gov.cn/szsylj/zygk/202502/c39761b4712441d9af389bf1cf5b1098.shtml,https://ylj.suzhou.gov.cn/szsylj/zygk/202502/c39761b4712441d9af389bf1cf5b1098/files/25574bf72502405aa8e3fff2c781aedf.docx
姑苏区-沧831,姑苏区,沧831,木樨,Osmanthus fragrans (Thunb.) Lour.,122,5,91,2.8,十梓街29号,三级,31.290979,120.63265,地区级示意,https://ylj.suzhou.gov.cn/szsylj/zygk/202502/c39761b4712441d9af389bf1cf5b1098.shtml,https://ylj.suzhou.gov.cn/szsylj/zygk/202502/c39761b4712441d9af389bf1cf5b1098/files/25574bf72502405aa8e3fff2c781aedf.docx
姑苏区-沧832,姑苏区,沧832,石榴,Punica granatum L.,112,3.1,50,3.9,伍子胥弄8号5幢东,三级,31.308502,120.62164,地区级示意,https://ylj.suzhou.gov.cn/szsylj/zygk/202502/c39761b4712441d9af389bf1cf5b1098.shtml,https://ylj.suzhou.gov.cn/szsylj/zygk/202502/c39761b4712441d9af389bf1cf5b1098/files/25574bf72502405aa8e3fff2c781aedf.docx
姑苏区-沧833,姑苏区,沧833,银杏,Ginkgo biloba L.,112,12.1,148,3.1,苏大附一院南区,三级,31.321105,120.648473,地区级示意,https://ylj.suzhou.gov.cn/szsylj/zygk/202502/c39761b4712441d9af389bf1cf5b1098.shtml,https://ylj.suzhou.gov.cn/szsylj/zygk/202502/c39761b4712441d9af389bf1cf5b1098/files/25574bf72502405aa8e3fff2c781aedf.docx
姑苏区-沧834,姑苏区,沧834,银杏,Ginkgo biloba L.,117,12,144,9,南门路94号,三级,31.294405,120.590218,地区级示意,https://ylj.suzhou.gov.cn/szsylj/zygk/202502/c39761b4712441d9af389bf1cf5b1098.shtml,https://ylj.suzhou.gov.cn/szsylj/zygk/202502/c39761b4712441d9af389bf1cf5b1098/files/25574bf72502405aa8e3fff2c781aedf.docx
姑苏区-沧835,姑苏区,沧835,龙柏,Juniperus chinensis 'Kaizuca',117,7.8,160,5.1,苏大附一院南区,三级,31.320855,120.626879,地区级示意,https://ylj.suzhou.gov.cn/szsylj/zygk/202502/c39761b4712441d9af389bf1cf5b1098.shtml,https://ylj.suzhou.gov.cn/szsylj/zygk/202502/c39761b4712441d9af389bf1cf5b1098/files/25574bf72502405aa8e3fff2c781aedf.docx
姑苏区-沧836,姑苏区,沧836,龙柏,Juniperus chinensis 'Kaizuca',112,7.8,157,4.1,苏大附一院南区,三级,31.319761,120.647005,地区级示意,https://ylj.suzhou.gov.cn/szsylj/zygk/202502/c39761b4712441d9af389bf1cf5b1098.shtml,https://ylj.suzhou.gov.cn/szsylj/zygk/202502/c39761b4712441d9af389bf1cf5b1098/files/25574bf72502405aa8e3fff2c781aedf.docx
姑苏区-沧837,姑苏区,沧837,香樟,Camphora officinarum Nees,126,12,298,14,东小桥弄3号,三级,31.297079,120.609277,地区级示意,https://ylj.suzhou.gov.cn/szsylj/zygk/202502/c39761b4712441d9af389bf1cf5b1098.shtml,https://ylj.suzhou.gov.cn/szsylj/zygk/202502/c39761b4712441d9af389bf1cf5b1098/files/25574bf72502405aa8e3fff2c781aedf.docx
姑苏区-沧838,姑苏区,沧838,龙柏,Juniperus chinensis 'Kaizuca',141,14.7,370,7.2,苏州阀门厂,三级,31.283763,120.611677,地区级示意,https://ylj.suzhou.gov.cn/szsylj/zygk/202502/c39761b4712441d9af389bf1cf5b1098.shtml,https://ylj.suzhou.gov.cn/szsylj/zygk/202502/c39761b4712441d9af389bf1cf5b1098/files/25574bf72502405aa8e3fff2c781aedf.docx
姑苏区-沧839,姑苏区,沧839,黄杨,Buxus sinica (Rehder & E. H. Wilson) M. Cheng,111,9.4,94,7.4,大石头巷40号,三级,31.296135,120.64049,地区级示意,https://ylj.suzhou.gov.cn/szsylj/zygk/202502/c39761b4712441d9af389bf1cf5b1098.shtml,https://ylj.suzhou.gov.cn/szsylj/zygk/202502/c39761b4712441d9af389bf1cf5b1098/files/25574bf72502405aa8e3fff2c781aedf.docx
姑苏区-沧840,姑苏区,沧840,黄杨,Buxus sinica (Rehder & E. H. Wilson) M. Cheng,106,6.9,148,5,金狮河沿东采莲巷14号,三级,31.296599,120.598042,地区级示意,https://ylj.suzhou.gov.cn/szsylj/zygk/202502/c39761b4712441d9af389bf1cf5b1098.shtml,https://ylj.suzhou.gov.cn/szsylj/zygk/202502/c39761b4712441d9af389bf1cf5b1098/files/25574bf72502405aa8e3fff2c781aedf.docx
姑苏区-沧841,姑苏区,沧841,罗汉松,Podocarpus macrophyllus (Thunb.) Sweet,120,3.2,110,4,日规路（廉石广场）,三级,31.31278,120.586292,地区级示意,https://ylj.suzhou.gov.cn/szsylj/zygk/202502/c39761b4712441d9af389bf1cf5b1098.shtml,https://ylj.suzhou.gov.cn/szsylj/zygk/202502/c39761b4712441d9af389bf1cf5b1098/files/25574bf72502405aa8e3fff2c781aedf.docx
姑苏区-沧842,姑苏区,沧842,圆柏,Juniperus chinensis Roxb.,110,8.5,159,5.2,五卅路148号金城新村,三级,31.319448,120.630659,地区级示意,https://ylj.suzhou.gov.cn/szsylj/zygk/202502/c39761b4712441d9af389bf1cf5b1098.shtml,https://ylj.suzhou.gov.cn/szsylj/zygk/202502/c39761b4712441d9af389bf1cf5b1098/files/25574bf72502405aa8e3fff2c781aedf.docx
姑苏区-网师001,姑苏区,网师001,银杏,Ginkgo biloba L.,171,12,172,8.1,网师园停车场,三级,31.326353,120.636819,地区级示意,https://ylj.suzhou.gov.cn/szsylj/zygk/202502/c39761b4712441d9af389bf1cf5b1098.shtml,https://ylj.suzhou.gov.cn/szsylj/zygk/202502/c39761b4712441d9af389bf1cf5b1098/files/25574bf72502405aa8e3fff2c781aedf.docx
姑苏区-网师007,姑苏区,网师007,圆柏,Juniperus chinensis Roxb.,141,9.2,100,5.5,网师园停车场,三级,31.291584,120.62524,地区级示意,https://ylj.suzhou.gov.cn/szsylj/zygk/202502/c39761b4712441d9af389bf1cf5b1098.shtml,https://ylj.suzhou.gov.cn/szsylj/zygk/202502/c39761b4712441d9af389bf1cf5b1098/files/25574bf72502405aa8e3fff2c781aedf.docx
工业园区-平101,工业园区,平101,龙柏,Juniperus chinensis 'Kaizuca',211,9.5,135,5,唯亭街道阳澄环路333号重元寺内,三级,31.303879,120.704185,地区级示意,https://ylj.suzhou.gov.cn/szsylj/zygk/202502/7989ff98b1bf451e8b8367c7748646cb.shtml,https://ylj.suzhou.gov.cn/szsylj/zygk/202502/7989ff98b1bf451e8b8367c7748646cb/files/d3b4077f9f3b4529b536a0b24359bf02.docx
工业园区-吴中292,工业园区,吴中292,银杏,Ginkgo biloba L.,320,12.7,352,8,斜塘街道星华街,二级,31.305712,120.783231,地区级示意,https://ylj.suzhou.gov.cn/szsylj/zygk/202502/7989ff98b1bf451e8b8367c7748646cb.shtml,https://ylj.suzhou.gov.cn/szsylj/zygk/202502/7989ff98b1bf451e8b8367c7748646cb/files/d3b4077f9f3b4529b536a0b24359bf02.docx
工业园区-吴中293,工业园区,吴中293,银杏,Ginkgo biloba L.,820,18.5,354,12,斜塘街道金堰路,一级,31.296524,120.762607,地区级示意,https://ylj.suzhou.gov.cn/szsylj/zygk/202502/7989ff98b1bf451e8b8367c7748646cb.shtml,https://ylj.suzhou.gov.cn/szsylj/zygk/202502/7989ff98b1bf451e8b8367c7748646cb/files/d3b4077f9f3b4529b536a0b24359bf02.docx
工业园区-园区古树011,工业园区,园区古树011,银杏,Ginkgo biloba L.,150,11.5,264,8,胜浦街道苏虹东路,三级,31.294195,120.72368,地区级示意,https://ylj.suzhou.gov.cn/szsylj/zygk/202502/7989ff98b1bf451e8b8367c7748646cb.shtml,https://ylj.suzhou.gov.cn/szsylj/zygk/202502/7989ff98b1bf451e8b8367c7748646cb/files/d3b4077f9f3b4529b536a0b24359bf02.docx
高新区-高2,高新区,高2,银杏,Ginkgo biloba L.,400,13,83,7,浒墅关文昌阁,二级,31.285052,120.394956,地区级示意,https://ylj.suzhou.gov.cn/szsylj/zygk/202502/3ae53bce4cb84b6da147df23390cae7f.shtml,https://ylj.suzhou.gov.cn/szsylj/zygk/202502/3ae53bce4cb84b6da147df23390cae7f/files/cc508223b25d4f0d9f5baf12bb5bd7d7.docx
高新区-高3,高新区,高3,银杏,Ginkgo biloba L.,300,13,65,8.4,吴县中学,二级,31.264823,120.502666,地区级示意,https://ylj.suzhou.gov.cn/szsylj/zygk/202502/3ae53bce4cb84b6da147df23390cae7f.shtml,https://ylj.suzhou.gov.cn/szsylj/zygk/202502/3ae53bce4cb84b6da147df23390cae7f/files/cc508223b25d4f0d9f5baf12bb5bd7d7.docx
高新区-高5,高新区,高5,臭椿,Ailanthus altissima (Mill.) Swingle,100,12,83,9,梅湾里,三级,31.30875,120.530919,地区级示意,https://ylj.suzhou.gov.cn/szsylj/zygk/202502/3ae53bce4cb84b6da147df23390cae7f.shtml,https://ylj.suzhou.gov.cn/szsylj/zygk/202502/3ae53bce4cb84b6da147df23390cae7f/files/cc508223b25d4f0d9f5baf12bb5bd7d7.docx
高新区-高6,高新区,高6,枫杨,Pterocarya stenoptera C. DC.,150,8,81,8,梅湾里,三级,31.355459,120.411978,地区级示意,https://ylj.suzhou.gov.cn/szsylj/zygk/202502/3ae53bce4cb84b6da147df23390cae7f.shtml,https://ylj.suzhou.gov.cn/szsylj/zygk/202502/3ae53bce4cb84b6da147df23390cae7f/files/cc508223b25d4f0d9f5baf12bb5bd7d7.docx
高新区-高7,高新区,高7,枫杨,Pterocarya stenoptera C. DC.,100,12,68,11,梅湾里,三级,31.363166,120.411944,地区级示意,https://ylj.suzhou.gov.cn/szsylj/zygk/202502/3ae53bce4cb84b6da147df23390cae7f.shtml,https://ylj.suzhou.gov.cn/szsylj/zygk/202502/3ae53bce4cb84b6da147df23390cae7f/files/cc508223b25d4f0d9f5baf12bb5bd7d7.docx
高新区-高8,高新区,高8,枫香,Liquidambar formosana Hance,130,9,54,8,梅湾里,三级,31.297377,120.378303,地区级示意,https://ylj.suzhou.gov.cn/szsylj/zygk/202502/3ae53bce4cb84b6da147df23390cae7f.shtml,https://ylj.suzhou.gov.cn/szsylj/zygk/202502/3ae53bce4cb84b6da147df23390cae7f/files/cc508223b25d4f0d9f5baf12bb5bd7d7.docx
高新区-高9,高新区,高9,银杏,Ginkgo biloba L.,300,14,85,10,大新桥,二级,31.337012,120.490816,地区级示意,https://ylj.suzhou.gov.cn/szsylj/zygk/202502/3ae53bce4cb84b6da147df23390cae7f.shtml,https://ylj.suzhou.gov.cn/szsylj/zygk/202502/3ae53bce4cb84b6da147df23390cae7f/files/cc508223b25d4f0d9f5baf12bb5bd7d7.docx
高新区-高10,高新区,高10,银杏,Ginkgo biloba L.,1000,16,115,9,万佛塔,一级,31.262846,120.40379,地区级示意,https://ylj.suzhou.gov.cn/szsylj/zygk/202502/3ae53bce4cb84b6da147df23390cae7f.shtml,https://ylj.suzhou.gov.cn/szsylj/zygk/202502/3ae53bce4cb84b6da147df23390cae7f/files/cc508223b25d4f0d9f5baf12bb5bd7d7.docx
高新区-高11,高新区,高11,银杏,Ginkgo biloba L.,120,14,61,7,合利村大皇庙,三级,31.297761,120.497176,地区级示意,https://ylj.suzhou.gov.cn/szsylj/zygk/202502/3ae53bce4cb84b6da147df23390cae7f.shtml,https://ylj.suzhou.gov.cn/szsylj/zygk/202502/3ae53bce4cb84b6da147df23390cae7f/files/cc508223b25d4f0d9f5baf12bb5bd7d7.docx
高新区-高12,高新区,高12,银杏,Ginkgo biloba L.,120,12,51,7,合利村大皇庙,三级,31.296484,120.458674,地区级示意,https://ylj.suzhou.gov.cn/szsylj/zygk/202502/3ae53bce4cb84b6da147df23390cae7f.shtml,https://ylj.suzhou.gov.cn/szsylj/zygk/202502/3ae53bce4cb84b6da147df23390cae7f/files/cc508223b25d4f0d9f5baf12bb5bd7d7.docx
高新区-高015,高新区,高015,银杏,Ginkgo biloba L.,200,12,75,15,金市村莲华寺,三级,31.280795,120.477578,地区级示意,https://ylj.suzhou.gov.cn/szsylj/zygk/202502/3ae53bce4cb84b6da147df23390cae7f.shtml,https://ylj.suzhou.gov.cn/szsylj/zygk/202502/3ae53bce4cb84b6da147df23390cae7f/files/cc508223b25d4f0d9f5baf12bb5bd7d7.docx
高新区-高016,高新区,高016,银杏,Ginkgo biloba L.,100,13,55,9,金市村莲华寺,三级,31.348287,120.489568,地区级示意,https://ylj.suzhou.gov.cn/szsylj/zygk/202502/3ae53bce4cb84b6da147df23390cae7f.shtml,https://ylj.suzhou.gov.cn/szsylj/zygk/202502/3ae53bce4cb84b6da147df23390cae7f/files/cc508223b25d4f0d9f5baf12bb5bd7d7.docx
高新区-高017,高新区,高017,银杏,Ginkgo biloba L.,100,13,58,9,树山村2、3队交界处观音堂,三级,31.301986,120.362304,地区级示意,https://ylj.suzhou.gov.cn/szsylj/zygk/202502/3ae53bce4cb84b6da147df23390cae7f.shtml,https://ylj.suzhou.gov.cn/szsylj/zygk/202502/3ae53bce4cb84b6da147df23390cae7f/files/cc508223b25d4f0d9f5baf12bb5bd7d7.docx
高新区-高018,高新区,高018,银杏,Ginkgo biloba L.,150,18,64,10,树山村2、3队交界处观音堂,三级,31.302358,120.403799,地区级示意,https://ylj.suzhou.gov.cn/szsylj/zygk/202502/3ae53bce4cb84b6da147df23390cae7f.shtml,https://ylj.suzhou.gov.cn/szsylj/zygk/202502/3ae53bce4cb84b6da147df23390cae7f/files/cc508223b25d4f0d9f5baf12bb5bd7d7.docx
高新区-高019,高新区,高019,朴树,Celtis sinensis Pers.,100,11,225,20,金市村莲华寺,三级,31.352612,120.441828,地区级示意,https://ylj.suzhou.gov.cn/szsylj/zygk/202502/3ae53bce4cb84b6da147df23390cae7f.shtml,https://ylj.suzhou.gov.cn/szsylj/zygk/202502/3ae53bce4cb84b6da147df23390cae7f/files/cc508223b25d4f0d9f5baf12bb5bd7d7.docx
高新区-高020,高新区,高020,朴树,Celtis sinensis Pers.,100,10,210,17,金市村莲华寺,三级,31.26636,120.39266,地区级示意,https://ylj.suzhou.gov.cn/szsylj/zygk/202502/3ae53bce4cb84b6da147df23390cae7f.shtml,https://ylj.suzhou.gov.cn/szsylj/zygk/202502/3ae53bce4cb84b6da147df23390cae7f/files/cc508223b25d4f0d9f5baf12bb5bd7d7.docx
园林景区-金304,园林景区,金304,榔榆,Ulmus parvifolia Jacq.,171,14,257,13.5,虎丘景区花神苑内,三级,31.303501,120.566166,地区级示意,https://ylj.suzhou.gov.cn/szsylj/zygk/202502/7896e4cdc7574224ac5957f55d661662.shtml,https://ylj.suzhou.gov.cn/szsylj/zygk/202502/7896e4cdc7574224ac5957f55d661662/files/233375cfaaea4ccc876152563d29f991.docx
园林景区-金306,园林景区,金306,朴树,Celtis sinensis Pers.,151,12,194,11,虎丘景区塔影园内,三级,31.299826,120.561347,地区级示意,https://ylj.suzhou.gov.cn/szsylj/zygk/202502/7896e4cdc7574224ac5957f55d661662.shtml,https://ylj.suzhou.gov.cn/szsylj/zygk/202502/7896e4cdc7574224ac5957f55d661662/files/233375cfaaea4ccc876152563d29f991.docx
园林景区-金308,园林景区,金308,木樨,Osmanthus fragrans Lour.,121,7,47,3,虎丘景区塔影园内,三级,31.346491,120.635719,地区级示意,https://ylj.suzhou.gov.cn/szsylj/zygk/202502/7896e4cdc7574224ac5957f55d661662.shtml,https://ylj.suzhou.gov.cn/szsylj/zygk/202502/7896e4cdc7574224ac5957f55d661662/files/233375cfaaea4ccc876152563d29f991.docx
园林景区-金309,园林景区,金309,朴树,Celtis sinensis Pers.,121,10,194,9,虎丘景区塔影园内,三级,31.349789,120.607986,地区级示意,https://ylj.suzhou.gov.cn/szsylj/zygk/202502/7896e4cdc7574224ac5957f55d661662.shtml,https://ylj.suzhou.gov.cn/szsylj/zygk/202502/7896e4cdc7574224ac5957f55d661662/files/233375cfaaea4ccc876152563d29f991.docx
园林景区-金365,园林景区,金365,白皮松,Pinus bungeana Zucc. ex Endl.,211,12,103,9.25,环秀山庄补秋舫西侧,三级,31.344105,120.620194,地区级示意,https://ylj.suzhou.gov.cn/szsylj/zygk/202502/7896e4cdc7574224ac5957f55d661662.shtml,https://ylj.suzhou.gov.cn/szsylj/zygk/202502/7896e4cdc7574224ac5957f55d661662/files/233375cfaaea4ccc876152563d29f991.docx
园林景区-金366,园林景区,金366,荷花玉兰,Magnolia grandiflora L.,131,18,183,16,环秀山庄有股堂南侧,三级,31.343389,120.572557,地区级示意,https://ylj.suzhou.gov.cn/szsylj/zygk/202502/7896e4cdc7574224ac5957f55d661662.shtml,https://ylj.suzhou.gov.cn/szsylj/zygk/202502/7896e4cdc7574224ac5957f55d661662/files/233375cfaaea4ccc876152563d29f991.docx
园林景区-金367,园林景区,金367,朴树,Celtis sinensis Pers.,121,20,228,15.85,环秀山庄有股堂南侧,三级,31.36056,120.585294,地区级示意,https://ylj.suzhou.gov.cn/szsylj/zygk/202502/7896e4cdc7574224ac5957f55d661662.shtml,https://ylj.suzhou.gov.cn/szsylj/zygk/202502/7896e4cdc7574224ac5957f55d661662/files/233375cfaaea4ccc876152563d29f991.docx
园林景区-金495,园林景区,金495,木樨,Osmanthus fragrans Lour.,106,7.1,53,5,虎丘景区塔影园内,三级,31.339381,120.614679,地区级示意,https://ylj.suzhou.gov.cn/szsylj/zygk/202502/7896e4cdc7574224ac5957f55d661662.shtml,https://ylj.suzhou.gov.cn/szsylj/zygk/202502/7896e4cdc7574224ac5957f55d661662/files/233375cfaaea4ccc876152563d29f991.docx
园林景区-沧512,园林景区,沧512,枫杨,Pterocarya stenoptera C. DC.,121,8.5,285,11.65,可园瓢亭南围墙边,三级,31.319057,120.598976,地区级示意,https://ylj.suzhou.gov.cn/szsylj/zygk/202502/7896e4cdc7574224ac5957f55d661662.shtml,https://ylj.suzhou.gov.cn/szsylj/zygk/202502/7896e4cdc7574224ac5957f55d661662/files/233375cfaaea4ccc876152563d29f991.docx
园林景区-沧595,园林景区,沧595,鸡爪槭,Acer palmatum Thunb. in Murray,136,5,90,7.7,苏州市桐泾公园,三级,31.338689,120.63395,地区级示意,https://ylj.suzhou.gov.cn/szsylj/zygk/202502/7896e4cdc7574224ac5957f55d661662.shtml,https://ylj.suzhou.gov.cn/szsylj/zygk/202502/7896e4cdc7574224ac5957f55d661662/files/233375cfaaea4ccc876152563d29f991.docx
园林景区-沧596,园林景区,沧596,石榴,Punica granatum L.,196,5,70,5.9,苏州市桐泾公园,三级,31.316995,120.566272,地区级示意,https://ylj.suzhou.gov.cn/szsylj/zygk/202502/7896e4cdc7574224ac5957f55d661662.shtml,https://ylj.suzhou.gov.cn/szsylj/zygk/202502/7896e4cdc7574224ac5957f55d661662/files/233375cfaaea4ccc876152563d29f991.docx
园林景区-沧674,园林景区,沧674,朴树,Celtis sinensis Pers.,116,15,185,13,苏州市桐泾公园,三级,31.314868,120.599496,地区级示意,https://ylj.suzhou.gov.cn/szsylj/zygk/202502/7896e4cdc7574224ac5957f55d661662.shtml,https://ylj.suzhou.gov.cn/szsylj/zygk/202502/7896e4cdc7574224ac5957f55d661662/files/233375cfaaea4ccc876152563d29f991.docx
园林景区-虎001,园林景区,虎001,香樟,Cinnamomum camphora (L.) Presl.,201,21,295,21,虎丘第三泉南平台上,三级,31.305189,120.558201,地区级示意,https://ylj.suzhou.gov.cn/szsylj/zygk/202502/7896e4cdc7574224ac5957f55d661662.shtml,https://ylj.suzhou.gov.cn/szsylj/zygk/202502/7896e4cdc7574224ac5957f55d661662/files/233375cfaaea4ccc876152563d29f991.docx
园林景区-虎002,园林景区,虎002,圆柏,Juniperus chinensis Roxb.,151,13,72,4,虎丘第三泉南平台上,三级,31.321359,120.623783,地区级示意,https://ylj.suzhou.gov.cn/szsylj/zygk/202502/7896e4cdc7574224ac5957f55d661662.shtml,https://ylj.suzhou.gov.cn/szsylj/zygk/202502/7896e4cdc7574224ac5957f55d661662/files/233375cfaaea4ccc876152563d29f991.docx
园林景区-虎004,园林景区,虎004,圆柏,Juniperus chinensis Roxb.,151,18,74,2.5,虎丘第三泉东平台上,三级,31.352039,120.630523,地区级示意,https://ylj.suzhou.gov.cn/szsylj/zygk/202502/7896e4cdc7574224ac5957f55d661662.shtml,https://ylj.suzhou.gov.cn/szsylj/zygk/202502/7896e4cdc7574224ac5957f55d661662/files/233375cfaaea4ccc876152563d29f991.docx
园林景区-虎005,园林景区,虎005,香樟,Cinnamomum camphora (L.) Presl.,201,21,290,20,虎丘第三泉东平台上,三级,31.291113,120.578725,地区级示意,https://ylj.suzhou.gov.cn/szsylj/zygk/202502/7896e4cdc7574224ac5957f55d661662.shtml,https://ylj.suzhou.gov.cn/szsylj/zygk/202502/7896e4cdc7574224ac5957f55d661662/files/233375cfaaea4ccc876152563d29f991.docx
园林景区-虎007,园林景区,虎007,大叶榉树,Zelkova schneideriana Hand.-Mazz.,151,15,97,9,虎丘剑池东,三级,31.31895,120.647678,地区级示意,https://ylj.suzhou.gov.cn/szsylj/zygk/202502/7896e4cdc7574224ac5957f55d661662.shtml,https://ylj.suzhou.gov.cn/szsylj/zygk/202502/7896e4cdc7574224ac5957f55d661662/files/233375cfaaea4ccc876152563d29f991.docx
园林景区-虎008,园林景区,虎008,大叶榉树,Zelkova schneideriana Hand.-Mazz.,151,15,114,9,虎丘二仙亭,三级,31.288827,120.593477,地区级示意,https://ylj.suzhou.gov.cn/szsylj/zygk/202502/7896e4cdc7574224ac5957f55d661662.shtml,https://ylj.suzhou.gov.cn/szsylj/zygk/202502/7896e4cdc7574224ac5957f55d661662/files/233375cfaaea4ccc876152563d29f991.docx
园林景区-虎009,园林景区,虎009,黄连木,Pistacia chinensis Bunge,651,18,178,20,虎丘双吊桶上方,一级,31.30913,120.555412,地区级示意,https://ylj.suzhou.gov.cn/szsylj/zygk/202502/7896e4cdc7574224ac5957f55d661662.shtml,https://ylj.suzhou.gov.cn/szsylj/zygk/202502/7896e4cdc7574224ac5957f55d661662/files/233375cfaaea4ccc876152563d29f991.docx
园林景区-虎010,园林景区,虎010,圆柏,Juniperus chinensis Roxb.,151,3.5,43,6.5,虎丘雪浪亭前,三级,31.303819,120.636801,地区级示意,https://ylj.suzhou.gov.cn/szsylj/zygk/202502/7896e4cdc7574224ac5957f55d661662.shtml,https://ylj.suzhou.gov.cn/szsylj/zygk/202502/7896e4cdc7574224ac5957f55d661662/files/233375cfaaea4ccc876152563d29f991.docx
园林景区-虎012,园林景区,虎012,圆柏,Juniperus chinensis Roxb.,151,8,133,8.5,虎丘大雄宝殿北侧,三级,31.354896,120.626847,地区级示意,https://ylj.suzhou.gov.cn/szsylj/zygk/202502/7896e4cdc7574224ac5957f55d661662.shtml,https://ylj.suzhou.gov.cn/szsylj/zygk/202502/7896e4cdc7574224ac5957f55d661662/files/233375cfaaea4ccc876152563d29f991.docx
园林景区-虎014,园林景区,虎014,紫藤,Wisteria sinensis (Sims) Sweet,251,3.5,59,7,虎丘悟石轩天井内,三级,31.343709,120.623932,地区级示意,https://ylj.suzhou.gov.cn/szsylj/zygk/202502/7896e4cdc7574224ac5957f55d661662.shtml,https://ylj.suzhou.gov.cn/szsylj/zygk/202502/7896e4cdc7574224ac5957f55d661662/files/233375cfaaea4ccc876152563d29f991.docx
园林景区-虎015,园林景区,虎015,朴树,Celtis sinensis Pers.,211,20,219,18,虎丘大殿前台阶西,三级,31.306689,120.576492,地区级示意,https://ylj.suzhou.gov.cn/szsylj/zygk/202502/7896e4cdc7574224ac5957f55d661662.shtml,https://ylj.suzhou.gov.cn/szsylj/zygk/202502/7896e4cdc7574224ac5957f55d661662/files/233375cfaaea4ccc876152563d29f991.docx
园林景区-虎017,园林景区,虎017,朴树,Celtis sinensis Pers.,171,16,182,13.5,虎丘白莲池东,三级,31.299039,120.615757,地区级示意,https://ylj.suzhou.gov.cn/szsylj/zygk/202502/7896e4cdc7574224ac5957f55d661662.shtml,https://ylj.suzhou.gov.cn/szsylj/zygk/202502/7896e4cdc7574224ac5957f55d661662/files/233375cfaaea4ccc876152563d29f991.docx
园林景区-虎018,园林景区,虎018,大叶榉树,Zelkova schneideriana Hand.-Mazz.,151,9,131,11,虎丘千人石东侧,三级,31.345033,120.609825,地区级示意,https://ylj.suzhou.gov.cn/szsylj/zygk/202502/7896e4cdc7574224ac5957f55d661662.shtml,https://ylj.suzhou.gov.cn/szsylj/zygk/202502/7896e4cdc7574224ac5957f55d661662/files/233375cfaaea4ccc876152563d29f991.docx
园林景区-虎020,园林景区,虎020,榔榆,Ulmus parvifolia Jacq.,151,7.5,90,6,虎丘千人石二仙亭东边,三级,31.35693,120.576688,地区级示意,https://ylj.suzhou.gov.cn/szsylj/zygk/202502/7896e4cdc7574224ac5957f55d661662.shtml,https://ylj.suzhou.gov.cn/szsylj/zygk/202502/7896e4cdc7574224ac5957f55d661662/files/233375cfaaea4ccc876152563d29f991.docx
园林景区-虎021,园林景区,虎021,黄杨,Buxus sinica (Rehder & E. H. Wilson) M. Cheng,171,7.5,105,6,虎丘冷香阁,三级,31.331201,120.587628,地区级示意,https://ylj.suzhou.gov.cn/szsylj/zygk/202502/7896e4cdc7574224ac5957f55d661662.shtml,https://ylj.suzhou.gov.cn/szsylj/zygk/202502/7896e4cdc7574224ac5957f55d661662/files/233375cfaaea4ccc876152563d29f991.docx
园林景区-虎022,园林景区,虎022,黄杨,Buxus sinica (Rehder & E. H. Wilson) M. Cheng,171,4.5,88,6,虎丘冷香阁,三级,31.332539,120.577006,地区级示意,https://ylj.suzhou.gov.cn/szsylj/zygk/202502/7896e4cdc7574224ac5957f55d661662.shtml,https://ylj.suzhou.gov.cn/szsylj/zygk/202502/7896e4cdc7574224ac5957f55d661662/files/233375cfaaea4ccc876152563d29f991.docx
园林景区-虎025,园林景区,虎025,木樨,Osmanthus fragrans (Thunb.) Lour.,201,6,66,5.5,虎丘冷香阁,三级,31.311773,120.604263,地区级示意,https://ylj.suzhou.gov.cn/szsylj/zygk/202502/7896e4cdc7574224ac5957f55d661662.shtml,https://ylj.suzhou.gov.cn/szsylj/zygk/202502/7896e4cdc7574224ac5957f55d661662/files/233375cfaaea4ccc876152563d29f991.docx
园林景区-虎026,园林景区,虎026,木樨,Osmanthus fragrans (Thunb.) Lour.,201,5,65,5,虎丘冷香阁,三级,31.306987,120.594317,地区级示意,https://ylj.suzhou.gov.cn/szsylj/zygk/202502/7896e4cdc7574224ac5957f55d661662.shtml,https://ylj.suzhou.gov.cn/szsylj/zygk/202502/7896e4cdc7574224ac5957f55d661662/files/233375cfaaea4ccc876152563d29f991.docx
园林景区-虎027,园林景区,虎027,木樨,Osmanthus fragrans (Thunb.) Lour.,201,5,78,4,虎丘冷香阁,三级,31.344596,120.617524,地区级示意,https://ylj.suzhou.gov.cn/szsylj/zygk/202502/7896e4cdc7574224ac5957f55d661662.shtml,https://ylj.suzhou.gov.cn/szsylj/zygk/202502/7896e4cdc7574224ac5957f55d661662/files/233375cfaaea4ccc876152563d29f991.docx
园林景区-虎029,园林景区,虎029,圆柏,Juniperus chinensis Roxb.,211,11,108,4,虎丘拥翠山庄,三级,31.354476,120.572833,地区级示意,https://ylj.suzhou.gov.cn/szsylj/zygk/202502/7896e4cdc7574224ac5957f55d661662.shtml,https://ylj.suzhou.gov.cn/szsylj/zygk/202502/7896e4cdc7574224ac5957f55d661662/files/233375cfaaea4ccc876152563d29f991.docx
园林景区-虎030,园林景区,虎030,银杏,Ginkgo biloba L.,171,20,182,15,虎丘拥翠山庄,三级,31.356563,120.599444,地区级示意,https://ylj.suzhou.gov.cn/szsylj/zygk/202502/7896e4cdc7574224ac5957f55d661662.shtml,https://ylj.suzhou.gov.cn/szsylj/zygk/202502/7896e4cdc7574224ac5957f55d661662/files/233375cfaaea4ccc876152563d29f991.docx
园林景区-虎036,园林景区,虎036,圆柏,Juniperus chinensis Roxb.,171,7.5,85,3.25,虎丘断梁殿东北侧,三级,31.355724,120.601496,地区级示意,https://ylj.suzhou.gov.cn/szsylj/zygk/202502/7896e4cdc7574224ac5957f55d661662.shtml,https://ylj.suzhou.gov.cn/szsylj/zygk/202502/7896e4cdc7574224ac5957f55d661662/files/233375cfaaea4ccc876152563d29f991.docx
园林景区-虎037,园林景区,虎037,圆柏,Juniperus chinensis Roxb.,171,9,80,2.5,虎丘不波艇东北侧,三级,31.306783,120.56231,地区级示意,https://ylj.suzhou.gov.cn/szsylj/zygk/202502/7896e4cdc7574224ac5957f55d661662.shtml,https://ylj.suzhou.gov.cn/szsylj/zygk/202502/7896e4cdc7574224ac5957f55d661662/files/233375cfaaea4ccc876152563d29f991.docx
园林景区-虎038,园林景区,虎038,香樟,Cinnamomum camphora (L.) Presl.,201,15,298,13.5,虎丘断梁殿东厕所西,三级,31.3219,120.597317,地区级示意,https://ylj.suzhou.gov.cn/szsylj/zygk/202502/7896e4cdc7574224ac5957f55d661662.shtml,https://ylj.suzhou.gov.cn/szsylj/zygk/202502/7896e4cdc7574224ac5957f55d661662/files/233375cfaaea4ccc876152563d29f991.docx
园林景区-虎040,园林景区,虎040,圆柏,Juniperus chinensis Roxb.,151,12,83,6,虎丘西溪环翠东侧树林环山路旁,三级,31.325316,120.584647,地区级示意,https://ylj.suzhou.gov.cn/szsylj/zygk/202502/7896e4cdc7574224ac5957f55d661662.shtml,https://ylj.suzhou.gov.cn/szsylj/zygk/202502/7896e4cdc7574224ac5957f55d661662/files/233375cfaaea4ccc876152563d29f991.docx
园林景区-虎041,园林景区,虎041,圆柏,Juniperus chinensis Roxb.,151,12,123,3.5,虎丘西溪环翠东侧树林,三级,31.338536,120.607699,地区级示意,https://ylj.suzhou.gov.cn/szsylj/zygk/202502/7896e4cdc7574224ac5957f55d661662.shtml,https://ylj.suzhou.gov.cn/szsylj/zygk/202502/7896e4cdc7574224ac5957f55d661662/files/233375cfaaea4ccc876152563d29f991.docx
园林景区-虎042,园林景区,虎042,圆柏,Juniperus chinensis Roxb.,151,15,93,3,虎丘西溪环翠东侧树林,三级,31.315056,120.570395,地区级示意,https://ylj.suzhou.gov.cn/szsylj/zygk/202502/7896e4cdc7574224ac5957f55d661662.shtml,https://ylj.suzhou.gov.cn/szsylj/zygk/202502/7896e4cdc7574224ac5957f55d661662/files/233375cfaaea4ccc876152563d29f991.docx
园林景区-虎044,园林景区,虎044,圆柏,Juniperus chinensis Roxb.,151,10,96,4.5,虎丘西溪环翠东侧树林,三级,31.297549,120.624293,地区级示意,https://ylj.suzhou.gov.cn/szsylj/zygk/202502/7896e4cdc7574224ac5957f55d661662.shtml,https://ylj.suzhou.gov.cn/szsylj/zygk/202502/7896e4cdc7574224ac5957f55d661662/files/233375cfaaea4ccc876152563d29f991.docx
园林景区-虎045,园林景区,虎045,圆柏,Juniperus chinensis Roxb.,151,12,109,4.5,虎丘西溪环翠东侧树林,三级,31.314155,120.576995,地区级示意,https://ylj.suzhou.gov.cn/szsylj/zygk/202502/7896e4cdc7574224ac5957f55d661662.shtml,https://ylj.suzhou.gov.cn/szsylj/zygk/202502/7896e4cdc7574224ac5957f55d661662/files/233375cfaaea4ccc876152563d29f991.docx
园林景区-虎047,园林景区,虎047,圆柏,Juniperus chinensis Roxb.,151,13,107,4,虎丘西溪环翠东侧树林鸳鸯亭旁,三级,31.290315,120.57157,地区级示意,https://ylj.suzhou.gov.cn/szsylj/zygk/202502/7896e4cdc7574224ac5957f55d661662.shtml,https://ylj.suzhou.gov.cn/szsylj/zygk/202502/7896e4cdc7574224ac5957f55d661662/files/233375cfaaea4ccc876152563d29f991.docx
园林景区-虎048,园林景区,虎048,圆柏,Juniperus chinensis Roxb.,151,14,126,3.5,虎丘松风桥北,三级,31.338264,120.57189,地区级示意,https://ylj.suzhou.gov.cn/szsylj/zygk/202502/7896e4cdc7574224ac5957f55d661662.shtml,https://ylj.suzhou.gov.cn/szsylj/zygk/202502/7896e4cdc7574224ac5957f55d661662/files/233375cfaaea4ccc876152563d29f991.docx
园林景区-虎049,园林景区,虎049,圆柏,Juniperus chinensis Roxb.,151,10,87,6,虎丘西溪环翠东侧树林,三级,31.315204,120.558424,地区级示意,https://ylj.suzhou.gov.cn/szsylj/zygk/202502/7896e4cdc7574224ac5957f55d661662.shtml,https://ylj.suzhou.gov.cn/szsylj/zygk/202502/7896e4cdc7574224ac5957f55d661662/files/233375cfaaea4ccc876152563d29f991.docx
园林景区-虎050,园林景区,虎050,圆柏,Juniperus chinensis Roxb.,151,13,111,6,虎丘西溪环翠东侧树林,三级,31.30863,120.594525,地区级示意,https://ylj.suzhou.gov.cn/szsylj/zygk/202502/7896e4cdc7574224ac5957f55d661662.shtml,https://ylj.suzhou.gov.cn/szsylj/zygk/202502/7896e4cdc7574224ac5957f55d661662/files/233375cfaaea4ccc876152563d29f991.docx
园林景区-虎051,园林景区,虎051,圆柏,Juniperus chinensis Roxb.,151,14,100,4,虎丘西溪环翠东侧树林,三级,31.330478,120.567602,地区级示意,https://ylj.suzhou.gov.cn/szsylj/zygk/202502/7896e4cdc7574224ac5957f55d661662.shtml,https://ylj.suzhou.gov.cn/szsylj/zygk/202502/7896e4cdc7574224ac5957f55d661662/files/233375cfaaea4ccc876152563d29f991.docx
园林景区-虎052,园林景区,虎052,圆柏,Juniperus chinensis Roxb.,151,11,91,4.5,虎丘西溪环翠东侧树林,三级,31.337008,120.577101,地区级示意,https://ylj.suzhou.gov.cn/szsylj/zygk/202502/7896e4cdc7574224ac5957f55d661662.shtml,https://ylj.suzhou.gov.cn/szsylj/zygk/202502/7896e4cdc7574224ac5957f55d661662/files/233375cfaaea4ccc876152563d29f991.docx
园林景区-虎054,园林景区,虎054,圆柏,Juniperus chinensis Roxb.,151,15,109,4.5,虎丘西溪环翠东侧树林,三级,31.321951,120.58533,地区级示意,https://ylj.suzhou.gov.cn/szsylj/zygk/202502/7896e4cdc7574224ac5957f55d661662.shtml,https://ylj.suzhou.gov.cn/szsylj/zygk/202502/7896e4cdc7574224ac5957f55d661662/files/233375cfaaea4ccc876152563d29f991.docx
园林景区-虎055,园林景区,虎055,圆柏,Juniperus chinensis Roxb.,151,13,103,7,虎丘西溪环翠东侧树林,三级,31.303608,120.578968,地区级示意,https://ylj.suzhou.gov.cn/szsylj/zygk/202502/7896e4cdc7574224ac5957f55d661662.shtml,https://ylj.suzhou.gov.cn/szsylj/zygk/202502/7896e4cdc7574224ac5957f55d661662/files/233375cfaaea4ccc876152563d29f991.docx
园林景区-虎056,园林景区,虎056,圆柏,Juniperus chinensis Roxb.,151,14,93,3,虎丘西溪环翠东侧树林,三级,31.335114,120.560879,地区级示意,https://ylj.suzhou.gov.cn/szsylj/zygk/202502/7896e4cdc7574224ac5957f55d661662.shtml,https://ylj.suzhou.gov.cn/szsylj/zygk/202502/7896e4cdc7574224ac5957f55d661662/files/233375cfaaea4ccc876152563d29f991.docx
园林景区-虎057,园林景区,虎057,圆柏,Juniperus chinensis Roxb.,151,15,86,3.5,虎丘西溪环翠东侧树林,三级,31.306571,120.616026,地区级示意,https://ylj.suzhou.gov.cn/szsylj/zygk/202502/7896e4cdc7574224ac5957f55d661662.shtml,https://ylj.suzhou.gov.cn/szsylj/zygk/202502/7896e4cdc7574224ac5957f55d661662/files/233375cfaaea4ccc876152563d29f991.docx
园林景区-虎058,园林景区,虎058,圆柏,Juniperus chinensis Roxb.,151,15,135,5.5,虎丘西溪环翠东侧树林,三级,31.335725,120.573275,地区级示意,https://ylj.suzhou.gov.cn/szsylj/zygk/202502/7896e4cdc7574224ac5957f55d661662.shtml,https://ylj.suzhou.gov.cn/szsylj/zygk/202502/7896e4cdc7574224ac5957f55d661662/files/233375cfaaea4ccc876152563d29f991.docx
园林景区-虎059,园林景区,虎059,圆柏,Juniperus chinensis Roxb.,151,15,88,3,虎丘西溪环翠东侧树林,三级,31.299729,120.571259,地区级示意,https://ylj.suzhou.gov.cn/szsylj/zygk/202502/7896e4cdc7574224ac5957f55d661662.shtml,https://ylj.suzhou.gov.cn/szsylj/zygk/202502/7896e4cdc7574224ac5957f55d661662/files/233375cfaaea4ccc876152563d29f991.docx
园林景区-虎065,园林景区,虎065,大叶榉树,Zelkova schneideriana Hand.-Mazz.,151,20,194,9.5,涌泉亭旁边,三级,31.29183,120.587553,地区级示意,https://ylj.suzhou.gov.cn/szsylj/zygk/202502/7896e4cdc7574224ac5957f55d661662.shtml,https://ylj.suzhou.gov.cn/szsylj/zygk/202502/7896e4cdc7574224ac5957f55d661662/files/233375cfaaea4ccc876152563d29f991.docx
园林景区-虎069,园林景区,虎069,大叶榉树,Zelkova schneideriana Hand.-Mazz.,201,18,198,12,虎丘涌泉亭东,三级,31.299358,120.575389,地区级示意,https://ylj.suzhou.gov.cn/szsylj/zygk/202502/7896e4cdc7574224ac5957f55d661662.shtml,https://ylj.suzhou.gov.cn/szsylj/zygk/202502/7896e4cdc7574224ac5957f55d661662/files/233375cfaaea4ccc876152563d29f991.docx
园林景区-虎070,园林景区,虎070,大叶榉树,Zelkova schneideriana Hand.-Mazz.,201,17,157,9,涌泉亭东北,三级,31.314821,120.6252,地区级示意,https://ylj.suzhou.gov.cn/szsylj/zygk/202502/7896e4cdc7574224ac5957f55d661662.shtml,https://ylj.suzhou.gov.cn/szsylj/zygk/202502/7896e4cdc7574224ac5957f55d661662/files/233375cfaaea4ccc876152563d29f991.docx
园林景区-虎071,园林景区,虎071,大叶榉树,Zelkova schneideriana Hand.-Mazz.,201,18,170,7.5,虎丘涌泉亭西,三级,31.343696,120.631143,地区级示意,https://ylj.suzhou.gov.cn/szsylj/zygk/202502/7896e4cdc7574224ac5957f55d661662.shtml,https://ylj.suzhou.gov.cn/szsylj/zygk/202502/7896e4cdc7574224ac5957f55d661662/files/233375cfaaea4ccc876152563d29f991.docx
园林景区-虎076,园林景区,虎076,朴树,Celtis sinensis Pers.,201,20,280,12,虎丘养鹤涧厕所北侧小路旁,三级,31.3309,120.568324,地区级示意,https://ylj.suzhou.gov.cn/szsylj/zygk/202502/7896e4cdc7574224ac5957f55d661662.shtml,https://ylj.suzhou.gov.cn/szsylj/zygk/202502/7896e4cdc7574224ac5957f55d661662/files/233375cfaaea4ccc876152563d29f991.docx
园林景区-虎081,园林景区,虎081,朴树,Celtis sinensis Pers.,161,20,140,10,虎丘望苏台东土坡上,三级,31.328002,120.646253,地区级示意,https://ylj.suzhou.gov.cn/szsylj/zygk/202502/7896e4cdc7574224ac5957f55d661662.shtml,https://ylj.suzhou.gov.cn/szsylj/zygk/202502/7896e4cdc7574224ac5957f55d661662/files/233375cfaaea4ccc876152563d29f991.docx
园林景区-虎082,园林景区,虎082,大叶榉树,Zelkova schneideriana Hand.-Mazz.,171,20,218,13,虎丘古木含泉亭西,三级,31.297981,120.617582,地区级示意,https://ylj.suzhou.gov.cn/szsylj/zygk/202502/7896e4cdc7574224ac5957f55d661662.shtml,https://ylj.suzhou.gov.cn/szsylj/zygk/202502/7896e4cdc7574224ac5957f55d661662/files/233375cfaaea4ccc876152563d29f991.docx
园林景区-虎086,园林景区,虎086,枫香,Liquidambar formosana Hance,151,20,221,10,虎丘古木含泉亭东,三级,31.308697,120.559973,地区级示意,https://ylj.suzhou.gov.cn/szsylj/zygk/202502/7896e4cdc7574224ac5957f55d661662.shtml,https://ylj.suzhou.gov.cn/szsylj/zygk/202502/7896e4cdc7574224ac5957f55d661662/files/233375cfaaea4ccc876152563d29f991.docx
园林景区-虎087,园林景区,虎087,枫香,Liquidambar formosana Hance,151,18,175,12,虎丘放鹤亭,三级,31.289732,120.57444,地区级示意,https://ylj.suzhou.gov.cn/szsylj/zygk/202502/7896e4cdc7574224ac5957f55d661662.shtml,https://ylj.suzhou.gov.cn/szsylj/zygk/202502/7896e4cdc7574224ac5957f55d661662/files/233375cfaaea4ccc876152563d29f991.docx
园林景区-虎090,园林景区,虎090,黄连木,Pistacia chinensis Bunge,201,12,144,7.5,虎丘古木含泉亭旁,三级,31.301852,120.57582,地区级示意,https://ylj.suzhou.gov.cn/szsylj/zygk/202502/7896e4cdc7574224ac5957f55d661662.shtml,https://ylj.suzhou.gov.cn/szsylj/zygk/202502/7896e4cdc7574224ac5957f55d661662/files/233375cfaaea4ccc876152563d29f991.docx
园林景区-虎091,园林景区,虎091,枫香,Liquidambar formosana Hance,151,20,234,13,虎丘放鹤亭南侧小路旁,三级,31.355507,120.60761,地区级示意,https://ylj.suzhou.gov.cn/szsylj/zygk/202502/7896e4cdc7574224ac5957f55d661662.shtml,https://ylj.suzhou.gov.cn/szsylj/zygk/202502/7896e4cdc7574224ac5957f55d661662/files/233375cfaaea4ccc876152563d29f991.docx
园林景区-虎095,园林景区,虎095,枫香,Liquidambar formosana Hance,151,16,200,4,古木含泉亭北坡,三级,31.326693,120.649608,地区级示意,https://ylj.suzhou.gov.cn/szsylj/zygk/202502/7896e4cdc7574224ac5957f55d661662.shtml,https://ylj.suzhou.gov.cn/szsylj/zygk/202502/7896e4cdc7574224ac5957f55d661662/files/233375cfaaea4ccc876152563d29f991.docx
园林景区-虎096,园林景区,虎096,枫香,Liquidambar formosana Hance,121,15,210,8,虎丘懊恼墩北坡,三级,31.328122,120.596609,地区级示意,https://ylj.suzhou.gov.cn/szsylj/zygk/202502/7896e4cdc7574224ac5957f55d661662.shtml,https://ylj.suzhou.gov.cn/szsylj/zygk/202502/7896e4cdc7574224ac5957f55d661662/files/233375cfaaea4ccc876152563d29f991.docx
园林景区-虎097,园林景区,虎097,香樟,Cinnamomum camphora (L.) Presl.,121,15,224,11,虎丘懊恼墩西,三级,31.362044,120.602048,地区级示意,https://ylj.suzhou.gov.cn/szsylj/zygk/202502/7896e4cdc7574224ac5957f55d661662.shtml,https://ylj.suzhou.gov.cn/szsylj/zygk/202502/7896e4cdc7574224ac5957f55d661662/files/233375cfaaea4ccc876152563d29f991.docx
园林景区-虎099,园林景区,虎099,圆柏,Juniperus chinensis Roxb.,151,10,95,3.5,虎丘养鹤涧西沿,三级,31.351378,120.604678,地区级示意,https://ylj.suzhou.gov.cn/szsylj/zygk/202502/7896e4cdc7574224ac5957f55d661662.shtml,https://ylj.suzhou.gov.cn/szsylj/zygk/202502/7896e4cdc7574224ac5957f55d661662/files/233375cfaaea4ccc876152563d29f991.docx
园林景区-虎101,园林景区,虎101,榆树,Ulmus pumila L.,151,20,178,11.5,虎丘养鹤涧,三级,31.306031,120.597984,地区级示意,https://ylj.suzhou.gov.cn/szsylj/zygk/202502/7896e4cdc7574224ac5957f55d661662.shtml,https://ylj.suzhou.gov.cn/szsylj/zygk/202502/7896e4cdc7574224ac5957f55d661662/files/233375cfaaea4ccc876152563d29f991.docx
园林景区-虎102,园林景区,虎102,大叶榉树,Zelkova schneideriana Hand.-Mazz.,171,20,178,15.5,虎丘养鹤涧,三级,31.287247,120.61407,地区级示意,https://ylj.suzhou.gov.cn/szsylj/zygk/202502/7896e4cdc7574224ac5957f55d661662.shtml,https://ylj.suzhou.gov.cn/szsylj/zygk/202502/7896e4cdc7574224ac5957f55d661662/files/233375cfaaea4ccc876152563d29f991.docx
园林景区-虎103,园林景区,虎103,大叶榉树,Zelkova schneideriana Hand.-Mazz.,171,20,178,15.5,虎丘养鹤涧,三级,31.312003,120.606627,地区级示意,https://ylj.suzhou.gov.cn/szsylj/zygk/202502/7896e4cdc7574224ac5957f55d661662.shtml,https://ylj.suzhou.gov.cn/szsylj/zygk/202502/7896e4cdc7574224ac5957f55d661662/files/233375cfaaea4ccc876152563d29f991.docx
园林景区-虎104,园林景区,虎104,大叶榉树,Zelkova schneideriana Hand.-Mazz.,171,16,219,10,虎丘养鹤涧东沿,三级,31.315182,120.556224,地区级示意,https://ylj.suzhou.gov.cn/szsylj/zygk/202502/7896e4cdc7574224ac5957f55d661662.shtml,https://ylj.suzhou.gov.cn/szsylj/zygk/202502/7896e4cdc7574224ac5957f55d661662/files/233375cfaaea4ccc876152563d29f991.docx
园林景区-虎105,园林景区,虎105,大叶榉树,Zelkova schneideriana Hand.-Mazz.,201,12,166,7.5,虎丘万景山庄盆景园南围墙外,三级,31.311236,120.650837,地区级示意,https://ylj.suzhou.gov.cn/szsylj/zygk/202502/7896e4cdc7574224ac5957f55d661662.shtml,https://ylj.suzhou.gov.cn/szsylj/zygk/202502/7896e4cdc7574224ac5957f55d661662/files/233375cfaaea4ccc876152563d29f991.docx
园林景区-虎106,园林景区,虎106,大叶榉树,Zelkova schneideriana Hand.-Mazz.,201,12,194,9,虎丘万景山庄盆景园南围墙外,三级,31.341875,120.566604,地区级示意,https://ylj.suzhou.gov.cn/szsylj/zygk/202502/7896e4cdc7574224ac5957f55d661662.shtml,https://ylj.suzhou.gov.cn/szsylj/zygk/202502/7896e4cdc7574224ac5957f55d661662/files/233375cfaaea4ccc876152563d29f991.docx
园林景区-虎107,园林景区,虎107,胡颓子,Elaeagnus pungens Thunb.,171,7,216,9.5,虎丘景区万景山庄赏石馆旁,三级,31.310852,120.611373,地区级示意,https://ylj.suzhou.gov.cn/szsylj/zygk/202502/7896e4cdc7574224ac5957f55d661662.shtml,https://ylj.suzhou.gov.cn/szsylj/zygk/202502/7896e4cdc7574224ac5957f55d661662/files/233375cfaaea4ccc876152563d29f991.docx
园林景区-天002,园林景区,天002,枫香,Liquidambar formosana Hance,431,18,223,14.8,天平山花房西侧南棵,二级,31.311057,120.574998,地区级示意,https://ylj.suzhou.gov.cn/szsylj/zygk/202502/7896e4cdc7574224ac5957f55d661662.shtml,https://ylj.suzhou.gov.cn/szsylj/zygk/202502/7896e4cdc7574224ac5957f55d661662/files/233375cfaaea4ccc876152563d29f991.docx
园林景区-天003,园林景区,天003,枫香,Liquidambar formosana Hance,431,16.8,218,13,天平山农药仓库西,二级,31.301443,120.562856,地区级示意,https://ylj.suzhou.gov.cn/szsylj/zygk/202502/7896e4cdc7574224ac5957f55d661662.shtml,https://ylj.suzhou.gov.cn/szsylj/zygk/202502/7896e4cdc7574224ac5957f55d661662/files/233375cfaaea4ccc876152563d29f991.docx
园林景区-天004,园林景区,天004,枫香,Liquidambar formosana Hance,431,17.5,276,13.65,灵天路,二级,31.327625,120.646574,地区级示意,https://ylj.suzhou.gov.cn/szsylj/zygk/202502/7896e4cdc7574224ac5957f55d661662.shtml,https://ylj.suzhou.gov.cn/szsylj/zygk/202502/7896e4cdc7574224ac5957f55d661662/files/233375cfaaea4ccc876152563d29f991.docx
园林景区-天005,园林景区,天005,枫香,Liquidambar formosana Hance,431,18.2,170,11.15,灵天路,二级,31.339856,120.622334,地区级示意,https://ylj.suzhou.gov.cn/szsylj/zygk/202502/7896e4cdc7574224ac5957f55d661662.shtml,https://ylj.suzhou.gov.cn/szsylj/zygk/202502/7896e4cdc7574224ac5957f55d661662/files/233375cfaaea4ccc876152563d29f991.docx
园林景区-天007,园林景区,天007,枫香,Liquidambar formosana Hance,431,20.6,229,15.25,灵天路,二级,31.324429,120.578918,地区级示意,https://ylj.suzhou.gov.cn/szsylj/zygk/202502/7896e4cdc7574224ac5957f55d661662.shtml,https://ylj.suzhou.gov.cn/szsylj/zygk/202502/7896e4cdc7574224ac5957f55d661662/files/233375cfaaea4ccc876152563d29f991.docx
园林景区-天008,园林景区,天008,枫香,Liquidambar formosana Hance,431,16.6,286,10.8,天平山范公祠内东侧,二级,31.298612,120.600007,地区级示意,https://ylj.suzhou.gov.cn/szsylj/zygk/202502/7896e4cdc7574224ac5957f55d661662.shtml,https://ylj.suzhou.gov.cn/szsylj/zygk/202502/7896e4cdc7574224ac5957f55d661662/files/233375cfaaea4ccc876152563d29f991.docx
园林景区-天009,园林景区,天009,枫香,Liquidambar formosana Hance,431,16,236,13.5,灵天路,二级,31.333384,120.61541,地区级示意,https://ylj.suzhou.gov.cn/szsylj/zygk/202502/7896e4cdc7574224ac5957f55d661662.shtml,https://ylj.suzhou.gov.cn/szsylj/zygk/202502/7896e4cdc7574224ac5957f55d661662/files/233375cfaaea4ccc876152563d29f991.docx
园林景区-天011,园林景区,天011,枫香,Liquidambar formosana Hance,431,8,132,7.5,天平山进门路东侧荷花塘北,二级,31.327137,120.621553,地区级示意,https://ylj.suzhou.gov.cn/szsylj/zygk/202502/7896e4cdc7574224ac5957f55d661662.shtml,https://ylj.suzhou.gov.cn/szsylj/zygk/202502/7896e4cdc7574224ac5957f55d661662/files/233375cfaaea4ccc876152563d29f991.docx
园林景区-天012,园林景区,天012,枫香,Liquidambar formosana Hance,431,16.5,245,12.2,天平山御碑亭南侧池塘北侧东棵,二级,31.312074,120.644631,地区级示意,https://ylj.suzhou.gov.cn/szsylj/zygk/202502/7896e4cdc7574224ac5957f55d661662.shtml,https://ylj.suzhou.gov.cn/szsylj/zygk/202502/7896e4cdc7574224ac5957f55d661662/files/233375cfaaea4ccc876152563d29f991.docx
园林景区-天013,园林景区,天013,枫香,Liquidambar formosana Hance,431,13.5,170,13.6,天平山御碑亭正南,二级,31.336418,120.594086,地区级示意,https://ylj.suzhou.gov.cn/szsylj/zygk/202502/7896e4cdc7574224ac5957f55d661662.shtml,https://ylj.suzhou.gov.cn/szsylj/zygk/202502/7896e4cdc7574224ac5957f55d661662/files/233375cfaaea4ccc876152563d29f991.docx
园林景区-天014,园林景区,天014,枫香,Liquidambar formosana Hance,431,13,188,12.4,天平山御碑亭南侧池塘北侧中棵,二级,31.347161,120.584569,地区级示意,https://ylj.suzhou.gov.cn/szsylj/zygk/202502/7896e4cdc7574224ac5957f55d661662.shtml,https://ylj.suzhou.gov.cn/szsylj/zygk/202502/7896e4cdc7574224ac5957f55d661662/files/233375cfaaea4ccc876152563d29f991.docx
园林景区-天015,园林景区,天015,枫香,Liquidambar formosana Hance,431,11,198,11.15,天平山御碑亭南侧池塘北侧东棵,二级,31.316578,120.573437,地区级示意,https://ylj.suzhou.gov.cn/szsylj/zygk/202502/7896e4cdc7574224ac5957f55d661662.shtml,https://ylj.suzhou.gov.cn/szsylj/zygk/202502/7896e4cdc7574224ac5957f55d661662/files/233375cfaaea4ccc876152563d29f991.docx
园林景区-天017,园林景区,天017,枫香,Liquidambar formosana Hance,431,14.5,173,11.85,天平山御碑亭南,二级,31.3595,120.606404,地区级示意,https://ylj.suzhou.gov.cn/szsylj/zygk/202502/7896e4cdc7574224ac5957f55d661662.shtml,https://ylj.suzhou.gov.cn/szsylj/zygk/202502/7896e4cdc7574224ac5957f55d661662/files/233375cfaaea4ccc876152563d29f991.docx
园林景区-天018,园林景区,天018,枫香,Liquidambar formosana Hance,431,19,245,13.95,天平山御碑亭前东,二级,31.322525,120.55367,地区级示意,https://ylj.suzhou.gov.cn/szsylj/zygk/202502/7896e4cdc7574224ac5957f55d661662.shtml,https://ylj.suzhou.gov.cn/szsylj/zygk/202502/7896e4cdc7574224ac5957f55d661662/files/233375cfaaea4ccc876152563d29f991.docx
园林景区-天019,园林景区,天019,枫香,Liquidambar formosana Hance,431,17,229,13.6,天平山御碑亭偏东侧荷塘西侧,二级,31.359993,120.594176,地区级示意,https://ylj.suzhou.gov.cn/szsylj/zygk/202502/7896e4cdc7574224ac5957f55d661662.shtml,https://ylj.suzhou.gov.cn/szsylj/zygk/202502/7896e4cdc7574224ac5957f55d661662/files/233375cfaaea4ccc876152563d29f991.docx
园林景区-天020,园林景区,天020,枫香,Liquidambar formosana Hance,431,18,242,11.7,天平山御碑亭东北侧,二级,31.333856,120.568354,地区级示意,https://ylj.suzhou.gov.cn/szsylj/zygk/202502/7896e4cdc7574224ac5957f55d661662.shtml,https://ylj.suzhou.gov.cn/szsylj/zygk/202502/7896e4cdc7574224ac5957f55d661662/files/233375cfaaea4ccc876152563d29f991.docx
园林景区-天021,园林景区,天021,枫香,Liquidambar formosana Hance,431,11,163,8,天平山御碑亭前石阶东侧,二级,31.357166,120.620463,地区级示意,https://ylj.suzhou.gov.cn/szsylj/zygk/202502/7896e4cdc7574224ac5957f55d661662.shtml,https://ylj.suzhou.gov.cn/szsylj/zygk/202502/7896e4cdc7574224ac5957f55d661662/files/233375cfaaea4ccc876152563d29f991.docx
园林景区-天022,园林景区,天022,枫香,Liquidambar formosana Hance,431,16,242,11.25,天平山御碑亭南侧台阶西,二级,31.332421,120.614649,地区级示意,https://ylj.suzhou.gov.cn/szsylj/zygk/202502/7896e4cdc7574224ac5957f55d661662.shtml,https://ylj.suzhou.gov.cn/szsylj/zygk/202502/7896e4cdc7574224ac5957f55d661662/files/233375cfaaea4ccc876152563d29f991.docx
园林景区-天024,园林景区,天024,枫香,Liquidambar formosana Hance,431,16,210,11.1,天平山御碑亭北侧,二级,31.31195,120.58502,地区级示意,https://ylj.suzhou.gov.cn/szsylj/zygk/202502/7896e4cdc7574224ac5957f55d661662.shtml,https://ylj.suzhou.gov.cn/szsylj/zygk/202502/7896e4cdc7574224ac5957f55d661662/files/233375cfaaea4ccc876152563d29f991.docx
园林景区-天025,园林景区,天025,枫香,Liquidambar formosana Hance,431,19,195,9.25,天平山白云古刹南,二级,31.28972,120.612526,地区级示意,https://ylj.suzhou.gov.cn/szsylj/zygk/202502/7896e4cdc7574224ac5957f55d661662.shtml,https://ylj.suzhou.gov.cn/szsylj/zygk/202502/7896e4cdc7574224ac5957f55d661662/files/233375cfaaea4ccc876152563d29f991.docx
园林景区-天027,园林景区,天027,枫香,Liquidambar formosana Hance,431,16,201,13.8,天平山御碑亭北坡下方东棵,二级,31.363302,120.604327,地区级示意,https://ylj.suzhou.gov.cn/szsylj/zygk/202502/7896e4cdc7574224ac5957f55d661662.shtml,https://ylj.suzhou.gov.cn/szsylj/zygk/202502/7896e4cdc7574224ac5957f55d661662/files/233375cfaaea4ccc876152563d29f991.docx
园林景区-天028,园林景区,天028,枫香,Liquidambar formosana Hance,431,22,236,15.7,天平山御碑亭北坡下方中棵,二级,31.28737,120.629502,地区级示意,https://ylj.suzhou.gov.cn/szsylj/zygk/202502/7896e4cdc7574224ac5957f55d661662.shtml,https://ylj.suzhou.gov.cn/szsylj/zygk/202502/7896e4cdc7574224ac5957f55d661662/files/233375cfaaea4ccc876152563d29f991.docx
园林景区-天029,园林景区,天029,枫香,Liquidambar formosana Hance,431,21,221,16,天平山御碑亭北偏东侧路南,二级,31.333428,120.581377,地区级示意,https://ylj.suzhou.gov.cn/szsylj/zygk/202502/7896e4cdc7574224ac5957f55d661662.shtml,https://ylj.suzhou.gov.cn/szsylj/zygk/202502/7896e4cdc7574224ac5957f55d661662/files/233375cfaaea4ccc876152563d29f991.docx
园林景区-天030,园林景区,天030,枫香,Liquidambar formosana Hance,431,14.7,239,12.75,天平山御碑亭东侧放生池西,二级,31.298759,120.621465,地区级示意,https://ylj.suzhou.gov.cn/szsylj/zygk/202502/7896e4cdc7574224ac5957f55d661662.shtml,https://ylj.suzhou.gov.cn/szsylj/zygk/202502/7896e4cdc7574224ac5957f55d661662/files/233375cfaaea4ccc876152563d29f991.docx
园林景区-天031,园林景区,天031,枫香,Liquidambar formosana Hance,431,20,204,13.2,天平山御碑亭东北侧东棵,二级,31.297198,120.581383,地区级示意,https://ylj.suzhou.gov.cn/szsylj/zygk/202502/7896e4cdc7574224ac5957f55d661662.shtml,https://ylj.suzhou.gov.cn/szsylj/zygk/202502/7896e4cdc7574224ac5957f55d661662/files/233375cfaaea4ccc876152563d29f991.docx
园林景区-天032,园林景区,天032,枫香,Liquidambar formosana Hance,431,24.5,226,14.8,天平山御碑亭东北侧西棵,二级,31.32811,120.615265,地区级示意,https://ylj.suzhou.gov.cn/szsylj/zygk/202502/7896e4cdc7574224ac5957f55d661662.shtml,https://ylj.suzhou.gov.cn/szsylj/zygk/202502/7896e4cdc7574224ac5957f55d661662/files/233375cfaaea4ccc876152563d29f991.docx
园林景区-天036,园林景区,天036,枫香,Liquidambar formosana Hance,431,20,302,13.75,天平山白云古刹南侧西棵,二级,31.322619,120.568086,地区级示意,https://ylj.suzhou.gov.cn/szsylj/zygk/202502/7896e4cdc7574224ac5957f55d661662.shtml,https://ylj.suzhou.gov.cn/szsylj/zygk/202502/7896e4cdc7574224ac5957f55d661662/files/233375cfaaea4ccc876152563d29f991.docx
园林景区-天037,园林景区,天037,枫香,Liquidambar formosana Hance,431,15.7,291,14.75,天平山白云古刹门正南,二级,31.333057,120.570181,地区级示意,https://ylj.suzhou.gov.cn/szsylj/zygk/202502/7896e4cdc7574224ac5957f55d661662.shtml,https://ylj.suzhou.gov.cn/szsylj/zygk/202502/7896e4cdc7574224ac5957f55d661662/files/233375cfaaea4ccc876152563d29f991.docx
园林景区-天038,园林景区,天038,枫香,Liquidambar formosana Hance,431,22,251,15.5,天平山御碑亭北坡西棵,二级,31.352641,120.614271,地区级示意,https://ylj.suzhou.gov.cn/szsylj/zygk/202502/7896e4cdc7574224ac5957f55d661662.shtml,https://ylj.suzhou.gov.cn/szsylj/zygk/202502/7896e4cdc7574224ac5957f55d661662/files/233375cfaaea4ccc876152563d29f991.docx
园林景区-天039,园林景区,天039,枫香,Liquidambar formosana Hance,431,13.3,298,18.9,天平山御碑亭西侧靠范公祠围墙,二级,31.359345,120.596195,地区级示意,https://ylj.suzhou.gov.cn/szsylj/zygk/202502/7896e4cdc7574224ac5957f55d661662.shtml,https://ylj.suzhou.gov.cn/szsylj/zygk/202502/7896e4cdc7574224ac5957f55d661662/files/233375cfaaea4ccc876152563d29f991.docx
园林景区-天040,园林景区,天040,枫香,Liquidambar formosana Hance,431,25.2,298,18.9,天平山御碑亭北侧小园路北三米,二级,31.320988,120.648515,地区级示意,https://ylj.suzhou.gov.cn/szsylj/zygk/202502/7896e4cdc7574224ac5957f55d661662.shtml,https://ylj.suzhou.gov.cn/szsylj/zygk/202502/7896e4cdc7574224ac5957f55d661662/files/233375cfaaea4ccc876152563d29f991.docx
园林景区-天041,园林景区,天041,枫香,Liquidambar formosana Hance,431,21.4,220,16.5,天平山范公祠东侧门外,二级,31.321968,120.646951,地区级示意,https://ylj.suzhou.gov.cn/szsylj/zygk/202502/7896e4cdc7574224ac5957f55d661662.shtml,https://ylj.suzhou.gov.cn/szsylj/zygk/202502/7896e4cdc7574224ac5957f55d661662/files/233375cfaaea4ccc876152563d29f991.docx
园林景区-天042,园林景区,天042,枫香,Liquidambar formosana Hance,431,23,261,15,天平山御碑亭路北,二级,31.332451,120.637133,地区级示意,https://ylj.suzhou.gov.cn/szsylj/zygk/202502/7896e4cdc7574224ac5957f55d661662.shtml,https://ylj.suzhou.gov.cn/szsylj/zygk/202502/7896e4cdc7574224ac5957f55d661662/files/233375cfaaea4ccc876152563d29f991.docx
园林景区-天043,园林景区,天043,枫香,Liquidambar formosana Hance,431,20.5,192,14.35,天平山范公祠东侧门外,二级,31.284551,120.619335,地区级示意,https://ylj.suzhou.gov.cn/szsylj/zygk/202502/7896e4cdc7574224ac5957f55d661662.shtml,https://ylj.suzhou.gov.cn/szsylj/zygk/202502/7896e4cdc7574224ac5957f55d661662/files/233375cfaaea4ccc876152563d29f991.docx
园林景区-天044,园林景区,天044,枫香,Liquidambar formosana Hance,431,21.4,210,16.25,天平山范公祠东侧门外,二级,31.321764,120.553925,地区级示意,https://ylj.suzhou.gov.cn/szsylj/zygk/202502/7896e4cdc7574224ac5957f55d661662.shtml,https://ylj.suzhou.gov.cn/szsylj/zygk/202502/7896e4cdc7574224ac5957f55d661662/files/233375cfaaea4ccc876152563d29f991.docx
园林景区-天046,园林景区,天046,枫香,Liquidambar formosana Hance,431,18.5,256,15.25,天平山白云古刹前,二级,31.330166,120.612814,地区级示意,https://ylj.suzhou.gov.cn/szsylj/zygk/202502/7896e4cdc7574224ac5957f55d661662.shtml,https://ylj.suzhou.gov.cn/szsylj/zygk/202502/7896e4cdc7574224ac5957f55d661662/files/233375cfaaea4ccc876152563d29f991.docx
园林景区-天047,园林景区,天047,枫香,Liquidambar formosana Hance,431,22.5,292,10,天平山登天平路门前,二级,31.326289,120.630135,地区级示意,https://ylj.suzhou.gov.cn/szsylj/zygk/202502/7896e4cdc7574224ac5957f55d661662.shtml,https://ylj.suzhou.gov.cn/szsylj/zygk/202502/7896e4cdc7574224ac5957f55d661662/files/233375cfaaea4ccc876152563d29f991.docx
园林景区-天048,园林景区,天048,枫香,Liquidambar formosana Hance,431,19,192,13.8,天平山范公祠东侧门外上山路西5米,二级,31.296403,120.568706,地区级示意,https://ylj.suzhou.gov.cn/szsylj/zygk/202502/7896e4cdc7574224ac5957f55d661662.shtml,https://ylj.suzhou.gov.cn/szsylj/zygk/202502/7896e4cdc7574224ac5957f55d661662/files/233375cfaaea4ccc876152563d29f991.docx
园林景区-天052,园林景区,天052,枫香,Liquidambar formosana Hance,431,19.5,192,14.6,天平山范公祠东侧门外,二级,31.296536,120.570149,地区级示意,https://ylj.suzhou.gov.cn/szsylj/zygk/202502/7896e4cdc7574224ac5957f55d661662.shtml,https://ylj.suzhou.gov.cn/szsylj/zygk/202502/7896e4cdc7574224ac5957f55d661662/files/233375cfaaea4ccc876152563d29f991.docx
园林景区-天053,园林景区,天053,枫香,Liquidambar formosana Hance,431,19,220,16.75,天平山范公祠东侧门外偏北,二级,31.338686,120.630951,地区级示意,https://ylj.suzhou.gov.cn/szsylj/zygk/202502/7896e4cdc7574224ac5957f55d661662.shtml,https://ylj.suzhou.gov.cn/szsylj/zygk/202502/7896e4cdc7574224ac5957f55d661662/files/233375cfaaea4ccc876152563d29f991.docx
园林景区-天054,园林景区,天054,枫香,Liquidambar formosana Hance,431,21.5,264,16.4,天平山范公祠东侧门外偏北,二级,31.33522,120.617568,地区级示意,https://ylj.suzhou.gov.cn/szsylj/zygk/202502/7896e4cdc7574224ac5957f55d661662.shtml,https://ylj.suzhou.gov.cn/szsylj/zygk/202502/7896e4cdc7574224ac5957f55d661662/files/233375cfaaea4ccc876152563d29f991.docx
园林景区-天055,园林景区,天055,枫香,Liquidambar formosana Hance,431,18,204,12,天平山范公祠东侧门外北,二级,31.332039,120.634572,地区级示意,https://ylj.suzhou.gov.cn/szsylj/zygk/202502/7896e4cdc7574224ac5957f55d661662.shtml,https://ylj.suzhou.gov.cn/szsylj/zygk/202502/7896e4cdc7574224ac5957f55d661662/files/233375cfaaea4ccc876152563d29f991.docx
园林景区-天056,园林景区,天056,枫香,Liquidambar formosana Hance,431,19,199,15,天平山范公祠东侧门外北,二级,31.352856,120.599639,地区级示意,https://ylj.suzhou.gov.cn/szsylj/zygk/202502/7896e4cdc7574224ac5957f55d661662.shtml,https://ylj.suzhou.gov.cn/szsylj/zygk/202502/7896e4cdc7574224ac5957f55d661662/files/233375cfaaea4ccc876152563d29f991.docx
园林景区-天057,园林景区,天057,枫香,Liquidambar formosana Hance,431,18,251,12.95,天平山范公祠北侧厕所南侧,二级,31.337994,120.590886,地区级示意,https://ylj.suzhou.gov.cn/szsylj/zygk/202502/7896e4cdc7574224ac5957f55d661662.shtml,https://ylj.suzhou.gov.cn/szsylj/zygk/202502/7896e4cdc7574224ac5957f55d661662/files/233375cfaaea4ccc876152563d29f991.docx
园林景区-天058,园林景区,天058,枫香,Liquidambar formosana Hance,431,16.5,305,14.75,天平山三太师祠西侧竹林园内,二级,31.35148,120.586018,地区级示意,https://ylj.suzhou.gov.cn/szsylj/zygk/202502/7896e4cdc7574224ac5957f55d661662.shtml,https://ylj.suzhou.gov.cn/szsylj/zygk/202502/7896e4cdc7574224ac5957f55d661662/files/233375cfaaea4ccc876152563d29f991.docx
园林景区-天059,园林景区,天059,银杏,Ginkgo biloba L.,391,17.6,308,16.6,天平山白云古刹东,二级,31.301161,120.56878,地区级示意,https://ylj.suzhou.gov.cn/szsylj/zygk/202502/7896e4cdc7574224ac5957f55d661662.shtml,https://ylj.suzhou.gov.cn/szsylj/zygk/202502/7896e4cdc7574224ac5957f55d661662/files/233375cfaaea4ccc876152563d29f991.docx
园林景区-天061,园林景区,天061,大叶榉树,Zelkova schneideriana Hand.-Mazz.,121,17,236,13.5,天平山白云古刹小院内,三级,31.332027,120.629398,地区级示意,https://ylj.suzhou.gov.cn/szsylj/zygk/202502/7896e4cdc7574224ac5957f55d661662.shtml,https://ylj.suzhou.gov.cn/szsylj/zygk/202502/7896e4cdc7574224ac5957f55d661662/files/233375cfaaea4ccc876152563d29f991.docx
园林景区-天063,园林景区,天063,枫香,Liquidambar formosana Hance,431,19.9,217,8.35,天平山上天平山路西侧,二级,31.341872,120.62836,地区级示意,https://ylj.suzhou.gov.cn/szsylj/zygk/202502/7896e4cdc7574224ac5957f55d661662.shtml,https://ylj.suzhou.gov.cn/szsylj/zygk/202502/7896e4cdc7574224ac5957f55d661662/files/233375cfaaea4ccc876152563d29f991.docx
园林景区-天064,园林景区,天064,枫香,Liquidambar formosana Hance,431,16.8,210,11.5,天平山上天平山路西侧厕所东,二级,31.32378,120.57877,地区级示意,https://ylj.suzhou.gov.cn/szsylj/zygk/202502/7896e4cdc7574224ac5957f55d661662.shtml,https://ylj.suzhou.gov.cn/szsylj/zygk/202502/7896e4cdc7574224ac5957f55d661662/files/233375cfaaea4ccc876152563d29f991.docx
园林景区-天065,园林景区,天065,枫香,Liquidambar formosana Hance,431,19.5,185,10.9,天平山上天平山路西侧,二级,31.31155,120.62637,地区级示意,https://ylj.suzhou.gov.cn/szsylj/zygk/202502/7896e4cdc7574224ac5957f55d661662.shtml,https://ylj.suzhou.gov.cn/szsylj/zygk/202502/7896e4cdc7574224ac5957f55d661662/files/233375cfaaea4ccc876152563d29f991.docx
园林景区-天067,园林景区,天067,枫香,Liquidambar formosana Hance,431,20,242,11.5,天平山上天平山路西侧,二级,31.345078,120.581873,地区级示意,https://ylj.suzhou.gov.cn/szsylj/zygk/202502/7896e4cdc7574224ac5957f55d661662.shtml,https://ylj.suzhou.gov.cn/szsylj/zygk/202502/7896e4cdc7574224ac5957f55d661662/files/233375cfaaea4ccc876152563d29f991.docx
园林景区-天072,园林景区,天072,枫香,Liquidambar formosana Hance,431,17.5,210,12.4,天平山厕所东侧石块路东1米,二级,31.34647,120.599782,地区级示意,https://ylj.suzhou.gov.cn/szsylj/zygk/202502/7896e4cdc7574224ac5957f55d661662.shtml,https://ylj.suzhou.gov.cn/szsylj/zygk/202502/7896e4cdc7574224ac5957f55d661662/files/233375cfaaea4ccc876152563d29f991.docx
园林景区-天073,园林景区,天073,枫香,Liquidambar formosana Hance,431,19.2,179,13.5,天平山厕所墙外,二级,31.294061,120.582285,地区级示意,https://ylj.suzhou.gov.cn/szsylj/zygk/202502/7896e4cdc7574224ac5957f55d661662.shtml,https://ylj.suzhou.gov.cn/szsylj/zygk/202502/7896e4cdc7574224ac5957f55d661662/files/233375cfaaea4ccc876152563d29f991.docx
园林景区-天074,园林景区,天074,枫香,Liquidambar formosana Hance,431,16.9,195,14.05,天平山厕所东侧石块路东侧西棵,二级,31.357604,120.577572,地区级示意,https://ylj.suzhou.gov.cn/szsylj/zygk/202502/7896e4cdc7574224ac5957f55d661662.shtml,https://ylj.suzhou.gov.cn/szsylj/zygk/202502/7896e4cdc7574224ac5957f55d661662/files/233375cfaaea4ccc876152563d29f991.docx
园林景区-天076,园林景区,天076,枫香,Liquidambar formosana Hance,431,15.4,145,11.1,天平山厕所北,二级,31.344682,120.602944,地区级示意,https://ylj.suzhou.gov.cn/szsylj/zygk/202502/7896e4cdc7574224ac5957f55d661662.shtml,https://ylj.suzhou.gov.cn/szsylj/zygk/202502/7896e4cdc7574224ac5957f55d661662/files/233375cfaaea4ccc876152563d29f991.docx
园林景区-天077,园林景区,天077,枫香,Liquidambar formosana Hance,431,18.2,151,10.25,天平山更衣亭西,二级,31.300276,120.623846,地区级示意,https://ylj.suzhou.gov.cn/szsylj/zygk/202502/7896e4cdc7574224ac5957f55d661662.shtml,https://ylj.suzhou.gov.cn/szsylj/zygk/202502/7896e4cdc7574224ac5957f55d661662/files/233375cfaaea4ccc876152563d29f991.docx
园林景区-天078,园林景区,天078,枫香,Liquidambar formosana Hance,431,18.9,267,13,天平山更衣亭西,二级,31.30362,120.59625,地区级示意,https://ylj.suzhou.gov.cn/szsylj/zygk/202502/7896e4cdc7574224ac5957f55d661662.shtml,https://ylj.suzhou.gov.cn/szsylj/zygk/202502/7896e4cdc7574224ac5957f55d661662/files/233375cfaaea4ccc876152563d29f991.docx
园林景区-天080,园林景区,天080,枫香,Liquidambar formosana Hance,431,16,245,11.75,天平山十锦塘东南边,二级,31.357827,120.623026,地区级示意,https://ylj.suzhou.gov.cn/szsylj/zygk/202502/7896e4cdc7574224ac5957f55d661662.shtml,https://ylj.suzhou.gov.cn/szsylj/zygk/202502/7896e4cdc7574224ac5957f55d661662/files/233375cfaaea4ccc876152563d29f991.docx
园林景区-天081,园林景区,天081,枫香,Liquidambar formosana Hance,431,14,297,9.95,天平山接驾亭北侧十锦塘西岸,二级,31.29946,120.588688,地区级示意,https://ylj.suzhou.gov.cn/szsylj/zygk/202502/7896e4cdc7574224ac5957f55d661662.shtml,https://ylj.suzhou.gov.cn/szsylj/zygk/202502/7896e4cdc7574224ac5957f55d661662/files/233375cfaaea4ccc876152563d29f991.docx
园林景区-天082,园林景区,天082,枫香,Liquidambar formosana Hance,431,18.7,261,8.85,天平山接驾亭北侧十锦塘西坡中棵,二级,31.333007,120.634836,地区级示意,https://ylj.suzhou.gov.cn/szsylj/zygk/202502/7896e4cdc7574224ac5957f55d661662.shtml,https://ylj.suzhou.gov.cn/szsylj/zygk/202502/7896e4cdc7574224ac5957f55d661662/files/233375cfaaea4ccc876152563d29f991.docx
园林景区-天083,园林景区,天083,枫香,Liquidambar formosana Hance,431,11,182,7,天平山接驾亭北侧十锦塘西侧北棵,二级,31.300643,120.608838,地区级示意,https://ylj.suzhou.gov.cn/szsylj/zygk/202502/7896e4cdc7574224ac5957f55d661662.shtml,https://ylj.suzhou.gov.cn/szsylj/zygk/202502/7896e4cdc7574224ac5957f55d661662/files/233375cfaaea4ccc876152563d29f991.docx
园林景区-天084,园林景区,天084,枫香,Liquidambar formosana Hance,431,11.5,204,9.8,天平山接驾亭北侧十锦塘西坡东棵,二级,31.292409,120.611129,地区级示意,https://ylj.suzhou.gov.cn/szsylj/zygk/202502/7896e4cdc7574224ac5957f55d661662.shtml,https://ylj.suzhou.gov.cn/szsylj/zygk/202502/7896e4cdc7574224ac5957f55d661662/files/233375cfaaea4ccc876152563d29f991.docx
园林景区-天086,园林景区,天086,枫杨,Pterocarya stenoptera C. DC.,121,21,320,23.15,天平山恩纶亭南侧十景塘西岸,三级,31.327824,120.593812,地区级示意,https://ylj.suzhou.gov.cn/szsylj/zygk/202502/7896e4cdc7574224ac5957f55d661662.shtml,https://ylj.suzhou.gov.cn/szsylj/zygk/202502/7896e4cdc7574224ac5957f55d661662/files/233375cfaaea4ccc876152563d29f991.docx
园林景区-天087,园林景区,天087,枫香,Liquidambar formosana Hance,431,17,198,11.5,天平山范坟南,二级,31.312438,120.612816,地区级示意,https://ylj.suzhou.gov.cn/szsylj/zygk/202502/7896e4cdc7574224ac5957f55d661662.shtml,https://ylj.suzhou.gov.cn/szsylj/zygk/202502/7896e4cdc7574224ac5957f55d661662/files/233375cfaaea4ccc876152563d29f991.docx
园林景区-天088,园林景区,天088,枫香,Liquidambar formosana Hance,431,12,176,10.5,天平山范坟南,二级,31.297054,120.595497,地区级示意,https://ylj.suzhou.gov.cn/szsylj/zygk/202502/7896e4cdc7574224ac5957f55d661662.shtml,https://ylj.suzhou.gov.cn/szsylj/zygk/202502/7896e4cdc7574224ac5957f55d661662/files/233375cfaaea4ccc876152563d29f991.docx
园林景区-天089,园林景区,天089,枫香,Liquidambar formosana Hance,431,14.4,176,9.25,天平山范坟南,二级,31.319745,120.594751,地区级示意,https://ylj.suzhou.gov.cn/szsylj/zygk/202502/7896e4cdc7574224ac5957f55d661662.shtml,https://ylj.suzhou.gov.cn/szsylj/zygk/202502/7896e4cdc7574224ac5957f55d661662/files/233375cfaaea4ccc876152563d29f991.docx
园林景区-天090,园林景区,天090,枫香,Liquidambar formosana Hance,431,16,223,11.15,天平山范坟南,二级,31.31925,120.575996,地区级示意,https://ylj.suzhou.gov.cn/szsylj/zygk/202502/7896e4cdc7574224ac5957f55d661662.shtml,https://ylj.suzhou.gov.cn/szsylj/zygk/202502/7896e4cdc7574224ac5957f55d661662/files/233375cfaaea4ccc876152563d29f991.docx
园林景区-天091,园林景区,天091,枫香,Liquidambar formosana Hance,431,16,182,10.75,天平山范坟南,二级,31.34012,120.580812,地区级示意,https://ylj.suzhou.gov.cn/szsylj/zygk/202502/7896e4cdc7574224ac5957f55d661662.shtml,https://ylj.suzhou.gov.cn/szsylj/zygk/202502/7896e4cdc7574224ac5957f55d661662/files/233375cfaaea4ccc876152563d29f991.docx
园林景区-天092,园林景区,天092,枫香,Liquidambar formosana Hance,431,20,157,12.5,天平山范坟东,二级,31.33363,120.624497,地区级示意,https://ylj.suzhou.gov.cn/szsylj/zygk/202502/7896e4cdc7574224ac5957f55d661662.shtml,https://ylj.suzhou.gov.cn/szsylj/zygk/202502/7896e4cdc7574224ac5957f55d661662/files/233375cfaaea4ccc876152563d29f991.docx
园林景区-天093,园林景区,天093,枫香,Liquidambar formosana Hance,431,21.5,217,15.75,天平山范坟南,二级,31.289443,120.606158,地区级示意,https://ylj.suzhou.gov.cn/szsylj/zygk/202502/7896e4cdc7574224ac5957f55d661662.shtml,https://ylj.suzhou.gov.cn/szsylj/zygk/202502/7896e4cdc7574224ac5957f55d661662/files/233375cfaaea4ccc876152563d29f991.docx
园林景区-天094,园林景区,天094,枫香,Liquidambar formosana Hance,431,20,184,14,天平山范坟东侧池南边,二级,31.343361,120.628699,地区级示意,https://ylj.suzhou.gov.cn/szsylj/zygk/202502/7896e4cdc7574224ac5957f55d661662.shtml,https://ylj.suzhou.gov.cn/szsylj/zygk/202502/7896e4cdc7574224ac5957f55d661662/files/233375cfaaea4ccc876152563d29f991.docx
园林景区-天095,园林景区,天095,枫香,Liquidambar formosana Hance,431,19.8,181,12.7,天平山翻经台前,二级,31.334599,120.561458,地区级示意,https://ylj.suzhou.gov.cn/szsylj/zygk/202502/7896e4cdc7574224ac5957f55d661662.shtml,https://ylj.suzhou.gov.cn/szsylj/zygk/202502/7896e4cdc7574224ac5957f55d661662/files/233375cfaaea4ccc876152563d29f991.docx
园林景区-天096,园林景区,天096,大叶榉树,Zelkova schneideriana Hand.-Mazz.,141,14.5,176,11.8,天平山翻经台前西棵,三级,31.354184,120.588152,地区级示意,https://ylj.suzhou.gov.cn/szsylj/zygk/202502/7896e4cdc7574224ac5957f55d661662.shtml,https://ylj.suzhou.gov.cn/szsylj/zygk/202502/7896e4cdc7574224ac5957f55d661662/files/233375cfaaea4ccc876152563d29f991.docx
园林景区-天098,园林景区,天098,枫香,Liquidambar formosana Hance,431,24,251,13.75,天平山咒钵庵北,二级,31.321163,120.562082,地区级示意,https://ylj.suzhou.gov.cn/szsylj/zygk/202502/7896e4cdc7574224ac5957f55d661662.shtml,https://ylj.suzhou.gov.cn/szsylj/zygk/202502/7896e4cdc7574224ac5957f55d661662/files/233375cfaaea4ccc876152563d29f991.docx
园林景区-天100,园林景区,天100,枫香,Liquidambar formosana Hance,431,7.5,163,10.3,天平山接驾亭西侧西棵,二级,31.343458,120.589795,地区级示意,https://ylj.suzhou.gov.cn/szsylj/zygk/202502/7896e4cdc7574224ac5957f55d661662.shtml,https://ylj.suzhou.gov.cn/szsylj/zygk/202502/7896e4cdc7574224ac5957f55d661662/files/233375cfaaea4ccc876152563d29f991.docx
园林景区-天105,园林景区,天105,枫香,Liquidambar formosana Hance,431,15.3,237,11.4,天平山接驾亭西侧偏南,二级,31.29691,120.566539,地区级示意,https://ylj.suzhou.gov.cn/szsylj/zygk/202502/7896e4cdc7574224ac5957f55d661662.shtml,https://ylj.suzhou.gov.cn/szsylj/zygk/202502/7896e4cdc7574224ac5957f55d661662/files/233375cfaaea4ccc876152563d29f991.docx
园林景区-天106,园林景区,天106,枫香,Liquidambar formosana Hance,431,12,214,11.5,天平山高义园牌坊西,二级,31.311684,120.603606,地区级示意,https://ylj.suzhou.gov.cn/szsylj/zygk/202502/7896e4cdc7574224ac5957f55d661662.shtml,https://ylj.suzhou.gov.cn/szsylj/zygk/202502/7896e4cdc7574224ac5957f55d661662/files/233375cfaaea4ccc876152563d29f991.docx
园林景区-天107,园林景区,天107,枫香,Liquidambar formosana Hance,431,14.7,229,13.65,天平山原天平山售票房东,二级,31.2934,120.637703,地区级示意,https://ylj.suzhou.gov.cn/szsylj/zygk/202502/7896e4cdc7574224ac5957f55d661662.shtml,https://ylj.suzhou.gov.cn/szsylj/zygk/202502/7896e4cdc7574224ac5957f55d661662/files/233375cfaaea4ccc876152563d29f991.docx
园林景区-天108,园林景区,天108,枫香,Liquidambar formosana Hance,431,15.6,251,13.8,天平山高义园牌坊北,二级,31.324226,120.64526,地区级示意,https://ylj.suzhou.gov.cn/szsylj/zygk/202502/7896e4cdc7574224ac5957f55d661662.shtml,https://ylj.suzhou.gov.cn/szsylj/zygk/202502/7896e4cdc7574224ac5957f55d661662/files/233375cfaaea4ccc876152563d29f991.docx
园林景区-天109,园林景区,天109,枫香,Liquidambar formosana Hance,431,17.5,199,13.05,天平山高义园牌坊北,二级,31.320912,120.614674,地区级示意,https://ylj.suzhou.gov.cn/szsylj/zygk/202502/7896e4cdc7574224ac5957f55d661662.shtml,https://ylj.suzhou.gov.cn/szsylj/zygk/202502/7896e4cdc7574224ac5957f55d661662/files/233375cfaaea4ccc876152563d29f991.docx
园林景区-天110,园林景区,天110,枫香,Liquidambar formosana Hance,431,21,261,12.85,天平山高义园牌坊北面西侧,二级,31.297874,120.583515,地区级示意,https://ylj.suzhou.gov.cn/szsylj/zygk/202502/7896e4cdc7574224ac5957f55d661662.shtml,https://ylj.suzhou.gov.cn/szsylj/zygk/202502/7896e4cdc7574224ac5957f55d661662/files/233375cfaaea4ccc876152563d29f991.docx
园林景区-天111,园林景区,天111,枫香,Liquidambar formosana Hance,431,7.3,179,7.5,天平山接驾亭东南,二级,31.303906,120.569746,地区级示意,https://ylj.suzhou.gov.cn/szsylj/zygk/202502/7896e4cdc7574224ac5957f55d661662.shtml,https://ylj.suzhou.gov.cn/szsylj/zygk/202502/7896e4cdc7574224ac5957f55d661662/files/233375cfaaea4ccc876152563d29f991.docx
园林景区-天114,园林景区,天114,枫香,Liquidambar formosana Hance,431,22,245,12.4,天平山印石池东岸,二级,31.304557,120.601376,地区级示意,https://ylj.suzhou.gov.cn/szsylj/zygk/202502/7896e4cdc7574224ac5957f55d661662.shtml,https://ylj.suzhou.gov.cn/szsylj/zygk/202502/7896e4cdc7574224ac5957f55d661662/files/233375cfaaea4ccc876152563d29f991.docx
园林景区-天115,园林景区,天115,枫香,Liquidambar formosana Hance,431,18.5,210,15.6,天平山范坟西山坳,二级,31.331112,120.614265,地区级示意,https://ylj.suzhou.gov.cn/szsylj/zygk/202502/7896e4cdc7574224ac5957f55d661662.shtml,https://ylj.suzhou.gov.cn/szsylj/zygk/202502/7896e4cdc7574224ac5957f55d661662/files/233375cfaaea4ccc876152563d29f991.docx
园林景区-天116,园林景区,天116,枫香,Liquidambar formosana Hance,431,17,185,15.75,天平山桃花涧范坟西山坳,二级,31.337998,120.592294,地区级示意,https://ylj.suzhou.gov.cn/szsylj/zygk/202502/7896e4cdc7574224ac5957f55d661662.shtml,https://ylj.suzhou.gov.cn/szsylj/zygk/202502/7896e4cdc7574224ac5957f55d661662/files/233375cfaaea4ccc876152563d29f991.docx
园林景区-天117,园林景区,天117,枫香,Liquidambar formosana Hance,431,17.8,185,13.15,天平山桃花涧范坟西山坳,二级,31.348198,120.563112,地区级示意,https://ylj.suzhou.gov.cn/szsylj/zygk/202502/7896e4cdc7574224ac5957f55d661662.shtml,https://ylj.suzhou.gov.cn/szsylj/zygk/202502/7896e4cdc7574224ac5957f55d661662/files/233375cfaaea4ccc876152563d29f991.docx
园林景区-天118,园林景区,天118,枫香,Liquidambar formosana Hance,431,17.8,210,12.65,天平山桃花涧范坟西山坳,二级,31.320439,120.561842,地区级示意,https://ylj.suzhou.gov.cn/szsylj/zygk/202502/7896e4cdc7574224ac5957f55d661662.shtml,https://ylj.suzhou.gov.cn/szsylj/zygk/202502/7896e4cdc7574224ac5957f55d661662/files/233375cfaaea4ccc876152563d29f991.docx
园林景区-天119,园林景区,天119,枫香,Liquidambar formosana Hance,121,14.5,210,14.85,天平山桃花涧范坟西山坳,三级,31.311175,120.580973,地区级示意,https://ylj.suzhou.gov.cn/szsylj/zygk/202502/7896e4cdc7574224ac5957f55d661662.shtml,https://ylj.suzhou.gov.cn/szsylj/zygk/202502/7896e4cdc7574224ac5957f55d661662/files/233375cfaaea4ccc876152563d29f991.docx
园林景区-天120,园林景区,天120,枫香,Liquidambar formosana Hance,431,15,192,12.75,天平山桃花涧沟西,二级,31.302976,120.597241,地区级示意,https://ylj.suzhou.gov.cn/szsylj/zygk/202502/7896e4cdc7574224ac5957f55d661662.shtml,https://ylj.suzhou.gov.cn/szsylj/zygk/202502/7896e4cdc7574224ac5957f55d661662/files/233375cfaaea4ccc876152563d29f991.docx
园林景区-天121,园林景区,天121,枫香,Liquidambar formosana Hance,431,14,176,12.4,天平山桃花涧范坟西,二级,31.33372,120.560137,地区级示意,https://ylj.suzhou.gov.cn/szsylj/zygk/202502/7896e4cdc7574224ac5957f55d661662.shtml,https://ylj.suzhou.gov.cn/szsylj/zygk/202502/7896e4cdc7574224ac5957f55d661662/files/233375cfaaea4ccc876152563d29f991.docx
园林景区-天122,园林景区,天122,枫香,Liquidambar formosana Hance,431,20,256,15.15,天平山桃花涧印石池东,二级,31.29904,120.562826,地区级示意,https://ylj.suzhou.gov.cn/szsylj/zygk/202502/7896e4cdc7574224ac5957f55d661662.shtml,https://ylj.suzhou.gov.cn/szsylj/zygk/202502/7896e4cdc7574224ac5957f55d661662/files/233375cfaaea4ccc876152563d29f991.docx
园林景区-天123,园林景区,天123,枫香,Liquidambar formosana Hance,431,15,182,10.35,天平山桃花涧小路边,二级,31.319865,120.571381,地区级示意,https://ylj.suzhou.gov.cn/szsylj/zygk/202502/7896e4cdc7574224ac5957f55d661662.shtml,https://ylj.suzhou.gov.cn/szsylj/zygk/202502/7896e4cdc7574224ac5957f55d661662/files/233375cfaaea4ccc876152563d29f991.docx
园林景区-天124,园林景区,天124,枫香,Liquidambar formosana Hance,431,10.7,179,9.95,天平山古御道西路边,二级,31.298788,120.61242,地区级示意,https://ylj.suzhou.gov.cn/szsylj/zygk/202502/7896e4cdc7574224ac5957f55d661662.shtml,https://ylj.suzhou.gov.cn/szsylj/zygk/202502/7896e4cdc7574224ac5957f55d661662/files/233375cfaaea4ccc876152563d29f991.docx
园林景区-天125,园林景区,天125,枫香,Liquidambar formosana Hance,431,16,207,16.4,天平山桃花涧,二级,31.320485,120.564722,地区级示意,https://ylj.suzhou.gov.cn/szsylj/zygk/202502/7896e4cdc7574224ac5957f55d661662.shtml,https://ylj.suzhou.gov.cn/szsylj/zygk/202502/7896e4cdc7574224ac5957f55d661662/files/233375cfaaea4ccc876152563d29f991.docx
园林景区-天126,园林景区,天126,枫香,Liquidambar formosana Hance,431,15,210,16.5,天平山桃花涧中部范坟西,二级,31.322158,120.610349,地区级示意,https://ylj.suzhou.gov.cn/szsylj/zygk/202502/7896e4cdc7574224ac5957f55d661662.shtml,https://ylj.suzhou.gov.cn/szsylj/zygk/202502/7896e4cdc7574224ac5957f55d661662/files/233375cfaaea4ccc876152563d29f991.docx
园林景区-天127,园林景区,天127,枫香,Liquidambar formosana Hance,431,15.1,185,11.65,天平山丽水府君墓南,二级,31.330876,120.563729,地区级示意,https://ylj.suzhou.gov.cn/szsylj/zygk/202502/7896e4cdc7574224ac5957f55d661662.shtml,https://ylj.suzhou.gov.cn/szsylj/zygk/202502/7896e4cdc7574224ac5957f55d661662/files/233375cfaaea4ccc876152563d29f991.docx
园林景区-天128,园林景区,天128,枫香,Liquidambar formosana Hance,431,11.5,166,14.9,天平山古御道西路边,二级,31.301652,120.573352,地区级示意,https://ylj.suzhou.gov.cn/szsylj/zygk/202502/7896e4cdc7574224ac5957f55d661662.shtml,https://ylj.suzhou.gov.cn/szsylj/zygk/202502/7896e4cdc7574224ac5957f55d661662/files/233375cfaaea4ccc876152563d29f991.docx
园林景区-天129,园林景区,天129,枫香,Liquidambar formosana Hance,431,15,192,11.5,天平山古御道西路边,二级,31.356275,120.579336,地区级示意,https://ylj.suzhou.gov.cn/szsylj/zygk/202502/7896e4cdc7574224ac5957f55d661662.shtml,https://ylj.suzhou.gov.cn/szsylj/zygk/202502/7896e4cdc7574224ac5957f55d661662/files/233375cfaaea4ccc876152563d29f991.docx
园林景区-天130,园林景区,天130,枫香,Liquidambar formosana Hance,431,16,220,10.5,天平山古御道西路边,二级,31.323998,120.57881,地区级示意,https://ylj.suzhou.gov.cn/szsylj/zygk/202502/7896e4cdc7574224ac5957f55d661662.shtml,https://ylj.suzhou.gov.cn/szsylj/zygk/202502/7896e4cdc7574224ac5957f55d661662/files/233375cfaaea4ccc876152563d29f991.docx
园林景区-天131,园林景区,天131,枫香,Liquidambar formosana Hance,431,19.4,185,13.2,天平山丽水府君墓南,二级,31.334011,120.620509,地区级示意,https://ylj.suzhou.gov.cn/szsylj/zygk/202502/7896e4cdc7574224ac5957f55d661662.shtml,https://ylj.suzhou.gov.cn/szsylj/zygk/202502/7896e4cdc7574224ac5957f55d661662/files/233375cfaaea4ccc876152563d29f991.docx
园林景区-天132,园林景区,天132,枫香,Liquidambar formosana Hance,431,18.8,182,14.75,天平山古御道西路边,二级,31.304301,120.578434,地区级示意,https://ylj.suzhou.gov.cn/szsylj/zygk/202502/7896e4cdc7574224ac5957f55d661662.shtml,https://ylj.suzhou.gov.cn/szsylj/zygk/202502/7896e4cdc7574224ac5957f55d661662/files/233375cfaaea4ccc876152563d29f991.docx
园林景区-天133,园林景区,天133,枫香,Liquidambar formosana Hance,431,16.8,220,15.8,天平山丽水府君墓东,二级,31.28829,120.582721,地区级示意,https://ylj.suzhou.gov.cn/szsylj/zygk/202502/7896e4cdc7574224ac5957f55d661662.shtml,https://ylj.suzhou.gov.cn/szsylj/zygk/202502/7896e4cdc7574224ac5957f55d661662/files/233375cfaaea4ccc876152563d29f991.docx
园林景区-天134,园林景区,天134,枫香,Liquidambar formosana Hance,121,22.5,251,18.8,天平山丽水府君墓南山坳,三级,31.289083,120.613945,地区级示意,https://ylj.suzhou.gov.cn/szsylj/zygk/202502/7896e4cdc7574224ac5957f55d661662.shtml,https://ylj.suzhou.gov.cn/szsylj/zygk/202502/7896e4cdc7574224ac5957f55d661662/files/233375cfaaea4ccc876152563d29f991.docx
园林景区-天135,园林景区,天135,枫香,Liquidambar formosana Hance,431,16.8,138,9.35,天平山丽水府君墓南,二级,31.346127,120.598704,地区级示意,https://ylj.suzhou.gov.cn/szsylj/zygk/202502/7896e4cdc7574224ac5957f55d661662.shtml,https://ylj.suzhou.gov.cn/szsylj/zygk/202502/7896e4cdc7574224ac5957f55d661662/files/233375cfaaea4ccc876152563d29f991.docx
园林景区-天136,园林景区,天136,枫香,Liquidambar formosana Hance,431,17.6,201,17.3,天平山桃花涧山坳,二级,31.342252,120.641564,地区级示意,https://ylj.suzhou.gov.cn/szsylj/zygk/202502/7896e4cdc7574224ac5957f55d661662.shtml,https://ylj.suzhou.gov.cn/szsylj/zygk/202502/7896e4cdc7574224ac5957f55d661662/files/233375cfaaea4ccc876152563d29f991.docx
园林景区-天137,园林景区,天137,枫香,Liquidambar formosana Hance,431,20,188,15.25,天平山范坟西,二级,31.305275,120.619875,地区级示意,https://ylj.suzhou.gov.cn/szsylj/zygk/202502/7896e4cdc7574224ac5957f55d661662.shtml,https://ylj.suzhou.gov.cn/szsylj/zygk/202502/7896e4cdc7574224ac5957f55d661662/files/233375cfaaea4ccc876152563d29f991.docx
园林景区-天138,园林景区,天138,枫香,Liquidambar formosana Hance,431,17.7,245,17.5,天平山桃花涧范坟西,二级,31.328981,120.590753,地区级示意,https://ylj.suzhou.gov.cn/szsylj/zygk/202502/7896e4cdc7574224ac5957f55d661662.shtml,https://ylj.suzhou.gov.cn/szsylj/zygk/202502/7896e4cdc7574224ac5957f55d661662/files/233375cfaaea4ccc876152563d29f991.docx
园林景区-天139,园林景区,天139,枫香,Liquidambar formosana Hance,431,23.3,176,18.75,天平山范坟西,二级,31.328967,120.615491,地区级示意,https://ylj.suzhou.gov.cn/szsylj/zygk/202502/7896e4cdc7574224ac5957f55d661662.shtml,https://ylj.suzhou.gov.cn/szsylj/zygk/202502/7896e4cdc7574224ac5957f55d661662/files/233375cfaaea4ccc876152563d29f991.docx
园林景区-天140,园林景区,天140,枫香,Liquidambar formosana Hance,431,19.8,195,15.3,天平山范坟西桃花涧,二级,31.335635,120.596169,地区级示意,https://ylj.suzhou.gov.cn/szsylj/zygk/202502/7896e4cdc7574224ac5957f55d661662.shtml,https://ylj.suzhou.gov.cn/szsylj/zygk/202502/7896e4cdc7574224ac5957f55d661662/files/233375cfaaea4ccc876152563d29f991.docx
园林景区-天141,园林景区,天141,枫香,Liquidambar formosana Hance,431,21.5,236,16.15,天平山印石池东北,二级,31.311554,120.55615,地区级示意,https://ylj.suzhou.gov.cn/szsylj/zygk/202502/7896e4cdc7574224ac5957f55d661662.shtml,https://ylj.suzhou.gov.cn/szsylj/zygk/202502/7896e4cdc7574224ac5957f55d661662/files/233375cfaaea4ccc876152563d29f991.docx
园林景区-天144,园林景区,天144,枫香,Liquidambar formosana Hance,431,15,207,13,天平山咒钵庵北,二级,31.320483,120.612781,地区级示意,https://ylj.suzhou.gov.cn/szsylj/zygk/202502/7896e4cdc7574224ac5957f55d661662.shtml,https://ylj.suzhou.gov.cn/szsylj/zygk/202502/7896e4cdc7574224ac5957f55d661662/files/233375cfaaea4ccc876152563d29f991.docx
园林景区-天146,园林景区,天146,枫香,Liquidambar formosana Hance,431,23,258,14.85,天平山印石池北,二级,31.335519,120.56897,地区级示意,https://ylj.suzhou.gov.cn/szsylj/zygk/202502/7896e4cdc7574224ac5957f55d661662.shtml,https://ylj.suzhou.gov.cn/szsylj/zygk/202502/7896e4cdc7574224ac5957f55d661662/files/233375cfaaea4ccc876152563d29f991.docx
园林景区-天148,园林景区,天148,枫香,Liquidambar formosana Hance,431,19.5,289,19.25,天平山高义园东墙外,二级,31.317789,120.630507,地区级示意,https://ylj.suzhou.gov.cn/szsylj/zygk/202502/7896e4cdc7574224ac5957f55d661662.shtml,https://ylj.suzhou.gov.cn/szsylj/zygk/202502/7896e4cdc7574224ac5957f55d661662/files/233375cfaaea4ccc876152563d29f991.docx
园林景区-天149,园林景区,天149,枫香,Liquidambar formosana Hance,431,17,170,8.5,天平山更衣亭上山路西南,二级,31.320957,120.601032,地区级示意,https://ylj.suzhou.gov.cn/szsylj/zygk/202502/7896e4cdc7574224ac5957f55d661662.shtml,https://ylj.suzhou.gov.cn/szsylj/zygk/202502/7896e4cdc7574224ac5957f55d661662/files/233375cfaaea4ccc876152563d29f991.docx
园林景区-天150,园林景区,天150,枫香,Liquidambar formosana Hance,121,14.7,148,6.85,天平山更衣亭上山路西南,三级,31.311346,120.58092,地区级示意,https://ylj.suzhou.gov.cn/szsylj/zygk/202502/7896e4cdc7574224ac5957f55d661662.shtml,https://ylj.suzhou.gov.cn/szsylj/zygk/202502/7896e4cdc7574224ac5957f55d661662/files/233375cfaaea4ccc876152563d29f991.docx
园林景区-天153,园林景区,天153,麻栎,Quercus acutissima Carruth.,171,15.5,256,17.5,天平山梅园西,三级,31.337683,120.566507,地区级示意,https://ylj.suzhou.gov.cn/szsylj/zygk/202502/7896e4cdc7574224ac5957f55d661662.shtml,https://ylj.suzhou.gov.cn/szsylj/zygk/202502/7896e4cdc7574224ac5957f55d661662/files/233375cfaaea4ccc876152563d29f991.docx
园林景区-天160,园林景区,天160,枫香,Liquidambar formosana Hance,431,4.5,157,4.5,天平山白云泉茶室南,二级,31.343104,120.628866,地区级示意,https://ylj.suzhou.gov.cn/szsylj/zygk/202502/7896e4cdc7574224ac5957f55d661662.shtml,https://ylj.suzhou.gov.cn/szsylj/zygk/202502/7896e4cdc7574224ac5957f55d661662/files/233375cfaaea4ccc876152563d29f991.docx
园林景区-天161,园林景区,天161,枫香,Liquidambar formosana Hance,431,13,256,14.5,天平山白云泉茶室南,二级,31.29177,120.590444,地区级示意,https://ylj.suzhou.gov.cn/szsylj/zygk/202502/7896e4cdc7574224ac5957f55d661662.shtml,https://ylj.suzhou.gov.cn/szsylj/zygk/202502/7896e4cdc7574224ac5957f55d661662/files/233375cfaaea4ccc876152563d29f991.docx
园林景区-天165,园林景区,天165,枫香,Liquidambar formosana Hance,431,20,236,12.9,天平山咒钵庵北,二级,31.349447,120.575226,地区级示意,https://ylj.suzhou.gov.cn/szsylj/zygk/202502/7896e4cdc7574224ac5957f55d661662.shtml,https://ylj.suzhou.gov.cn/szsylj/zygk/202502/7896e4cdc7574224ac5957f55d661662/files/233375cfaaea4ccc876152563d29f991.docx
园林景区-天167,园林景区,天167,枫香,Liquidambar formosana Hance,431,21.5,214,13.9,天平山梅园西北角,二级,31.339079,120.556343,地区级示意,https://ylj.suzhou.gov.cn/szsylj/zygk/202502/7896e4cdc7574224ac5957f55d661662.shtml,https://ylj.suzhou.gov.cn/szsylj/zygk/202502/7896e4cdc7574224ac5957f55d661662/files/233375cfaaea4ccc876152563d29f991.docx
园林景区-天168,园林景区,天168,罗汉松,Podocarpus macrophyllus (Thunb.) Sweet,441,16,210,9.5,天平山梅园,二级,31.348304,120.637871,地区级示意,https://ylj.suzhou.gov.cn/szsylj/zygk/202502/7896e4cdc7574224ac5957f55d661662.shtml,https://ylj.suzhou.gov.cn/szsylj/zygk/202502/7896e4cdc7574224ac5957f55d661662/files/233375cfaaea4ccc876152563d29f991.docx
园林景区-天169,园林景区,天169,枫香,Liquidambar formosana Hance,431,17.5,278,10,天平山高义园厅堂北,二级,31.309691,120.640441,地区级示意,https://ylj.suzhou.gov.cn/szsylj/zygk/202502/7896e4cdc7574224ac5957f55d661662.shtml,https://ylj.suzhou.gov.cn/szsylj/zygk/202502/7896e4cdc7574224ac5957f55d661662/files/233375cfaaea4ccc876152563d29f991.docx
园林景区-天171,园林景区,天171,木樨,Osmanthus fragrans Lour.,141,6.5,91,7.05,天平山高义园厅堂南,三级,31.346119,120.588191,地区级示意,https://ylj.suzhou.gov.cn/szsylj/zygk/202502/7896e4cdc7574224ac5957f55d661662.shtml,https://ylj.suzhou.gov.cn/szsylj/zygk/202502/7896e4cdc7574224ac5957f55d661662/files/233375cfaaea4ccc876152563d29f991.docx
园林景区-天172,园林景区,天172,枫香,Liquidambar formosana Hance,431,19,215,13.05,天平山高义园厅堂西,二级,31.323094,120.605699,地区级示意,https://ylj.suzhou.gov.cn/szsylj/zygk/202502/7896e4cdc7574224ac5957f55d661662.shtml,https://ylj.suzhou.gov.cn/szsylj/zygk/202502/7896e4cdc7574224ac5957f55d661662/files/233375cfaaea4ccc876152563d29f991.docx
园林景区-天173,园林景区,天173,枫香,Liquidambar formosana Hance,431,17,206,14.6,天平山高义园西白云寺北,二级,31.318536,120.647185,地区级示意,https://ylj.suzhou.gov.cn/szsylj/zygk/202502/7896e4cdc7574224ac5957f55d661662.shtml,https://ylj.suzhou.gov.cn/szsylj/zygk/202502/7896e4cdc7574224ac5957f55d661662/files/233375cfaaea4ccc876152563d29f991.docx
园林景区-天174,园林景区,天174,枫香,Liquidambar formosana Hance,431,17,220,11,天平山高义园西白云寺北,二级,31.326684,120.64294,地区级示意,https://ylj.suzhou.gov.cn/szsylj/zygk/202502/7896e4cdc7574224ac5957f55d661662.shtml,https://ylj.suzhou.gov.cn/szsylj/zygk/202502/7896e4cdc7574224ac5957f55d661662/files/233375cfaaea4ccc876152563d29f991.docx
园林景区-天175,园林景区,天175,枫香,Liquidambar formosana Hance,431,16.3,220,11.15,天平山高义园西白云寺北,二级,31.351769,120.570638,地区级示意,https://ylj.suzhou.gov.cn/szsylj/zygk/202502/7896e4cdc7574224ac5957f55d661662.shtml,https://ylj.suzhou.gov.cn/szsylj/zygk/202502/7896e4cdc7574224ac5957f55d661662/files/233375cfaaea4ccc876152563d29f991.docx
园林景区-天176,园林景区,天176,枫香,Liquidambar formosana Hance,431,21,237,13,天平山高义园西登天平路东,二级,31.356223,120.609259,地区级示意,https://ylj.suzhou.gov.cn/szsylj/zygk/202502/7896e4cdc7574224ac5957f55d661662.shtml,https://ylj.suzhou.gov.cn/szsylj/zygk/202502/7896e4cdc7574224ac5957f55d661662/files/233375cfaaea4ccc876152563d29f991.docx
园林景区-天178,园林景区,天178,麻栎,Quercus acutissima Carruth.,426,16.7,267,9.5,天平山更衣亭西厕所北,二级,31.314598,120.647842,地区级示意,https://ylj.suzhou.gov.cn/szsylj/zygk/202502/7896e4cdc7574224ac5957f55d661662.shtml,https://ylj.suzhou.gov.cn/szsylj/zygk/202502/7896e4cdc7574224ac5957f55d661662/files/233375cfaaea4ccc876152563d29f991.docx
园林景区-天179,园林景区,天179,圆柏,Juniperus chinensis Roxb.,941,15.8,179,6.6,天平山三太祠南,一级,31.345879,120.642773,地区级示意,https://ylj.suzhou.gov.cn/szsylj/zygk/202502/7896e4cdc7574224ac5957f55d661662.shtml,https://ylj.suzhou.gov.cn/szsylj/zygk/202502/7896e4cdc7574224ac5957f55d661662/files/233375cfaaea4ccc876152563d29f991.docx
园林景区-天181,园林景区,天181,圆柏,Juniperus chinensis Roxb.,141,14.5,94,6.2,天平山紫藤棚北侧南棵,三级,31.311347,120.58788,地区级示意,https://ylj.suzhou.gov.cn/szsylj/zygk/202502/7896e4cdc7574224ac5957f55d661662.shtml,https://ylj.suzhou.gov.cn/szsylj/zygk/202502/7896e4cdc7574224ac5957f55d661662/files/233375cfaaea4ccc876152563d29f991.docx
园林景区-天182,园林景区,天182,圆柏,Juniperus chinensis Roxb.,221,12.4,116,6.5,天平山紫藤棚北侧中棵,三级,31.330165,120.565158,地区级示意,https://ylj.suzhou.gov.cn/szsylj/zygk/202502/7896e4cdc7574224ac5957f55d661662.shtml,https://ylj.suzhou.gov.cn/szsylj/zygk/202502/7896e4cdc7574224ac5957f55d661662/files/233375cfaaea4ccc876152563d29f991.docx
园林景区-天183,园林景区,天183,圆柏,Juniperus chinensis Roxb.,221,11.8,126,7.7,天平山紫藤棚北侧北棵,三级,31.291464,120.570748,地区级示意,https://ylj.suzhou.gov.cn/szsylj/zygk/202502/7896e4cdc7574224ac5957f55d661662.shtml,https://ylj.suzhou.gov.cn/szsylj/zygk/202502/7896e4cdc7574224ac5957f55d661662/files/233375cfaaea4ccc876152563d29f991.docx
园林景区-天184,园林景区,天184,圆柏,Juniperus chinensis Roxb.,221,16,113,6,天平山农药仓库南,三级,31.315238,120.588156,地区级示意,https://ylj.suzhou.gov.cn/szsylj/zygk/202502/7896e4cdc7574224ac5957f55d661662.shtml,https://ylj.suzhou.gov.cn/szsylj/zygk/202502/7896e4cdc7574224ac5957f55d661662/files/233375cfaaea4ccc876152563d29f991.docx
园林景区-天185,园林景区,天185,圆柏,Juniperus chinensis Roxb.,221,12.5,107,7.5,天平山农药仓库南,三级,31.353396,120.582321,地区级示意,https://ylj.suzhou.gov.cn/szsylj/zygk/202502/7896e4cdc7574224ac5957f55d661662.shtml,https://ylj.suzhou.gov.cn/szsylj/zygk/202502/7896e4cdc7574224ac5957f55d661662/files/233375cfaaea4ccc876152563d29f991.docx
园林景区-天186,园林景区,天186,圆柏,Juniperus chinensis Roxb.,241,15,114,5.2,农药仓库南,三级,31.283906,120.608713,地区级示意,https://ylj.suzhou.gov.cn/szsylj/zygk/202502/7896e4cdc7574224ac5957f55d661662.shtml,https://ylj.suzhou.gov.cn/szsylj/zygk/202502/7896e4cdc7574224ac5957f55d661662/files/233375cfaaea4ccc876152563d29f991.docx
园林景区-天188,园林景区,天188,圆柏,Juniperus chinensis Roxb.,261,18,141,8.35,天平山农药仓库南,三级,31.294586,120.63715,地区级示意,https://ylj.suzhou.gov.cn/szsylj/zygk/202502/7896e4cdc7574224ac5957f55d661662.shtml,https://ylj.suzhou.gov.cn/szsylj/zygk/202502/7896e4cdc7574224ac5957f55d661662/files/233375cfaaea4ccc876152563d29f991.docx
园林景区-天189,园林景区,天189,圆柏,Juniperus chinensis Roxb.,161,15,123,8.65,天平山紫藤棚架西侧,三级,31.284859,120.586218,地区级示意,https://ylj.suzhou.gov.cn/szsylj/zygk/202502/7896e4cdc7574224ac5957f55d661662.shtml,https://ylj.suzhou.gov.cn/szsylj/zygk/202502/7896e4cdc7574224ac5957f55d661662/files/233375cfaaea4ccc876152563d29f991.docx
园林景区-天190,园林景区,天190,圆柏,Juniperus chinensis Roxb.,161,15,121,7.1,天平山紫藤棚架西侧,三级,31.334341,120.588164,地区级示意,https://ylj.suzhou.gov.cn/szsylj/zygk/202502/7896e4cdc7574224ac5957f55d661662.shtml,https://ylj.suzhou.gov.cn/szsylj/zygk/202502/7896e4cdc7574224ac5957f55d661662/files/233375cfaaea4ccc876152563d29f991.docx
园林景区-天191,园林景区,天191,圆柏,Juniperus chinensis Roxb.,161,13,85,4.75,天平山紫藤棚架西侧,三级,31.29477,120.571942,地区级示意,https://ylj.suzhou.gov.cn/szsylj/zygk/202502/7896e4cdc7574224ac5957f55d661662.shtml,https://ylj.suzhou.gov.cn/szsylj/zygk/202502/7896e4cdc7574224ac5957f55d661662/files/233375cfaaea4ccc876152563d29f991.docx
园林景区-天192,园林景区,天192,圆柏,Juniperus chinensis Roxb.,291,16.9,152,6.75,天平山紫藤棚架西侧,三级,31.331159,120.577245,地区级示意,https://ylj.suzhou.gov.cn/szsylj/zygk/202502/7896e4cdc7574224ac5957f55d661662.shtml,https://ylj.suzhou.gov.cn/szsylj/zygk/202502/7896e4cdc7574224ac5957f55d661662/files/233375cfaaea4ccc876152563d29f991.docx
园林景区-天193,园林景区,天193,圆柏,Juniperus chinensis Roxb.,221,16.7,105,6.2,天平山紫藤棚架西侧,三级,31.319843,120.606656,地区级示意,https://ylj.suzhou.gov.cn/szsylj/zygk/202502/7896e4cdc7574224ac5957f55d661662.shtml,https://ylj.suzhou.gov.cn/szsylj/zygk/202502/7896e4cdc7574224ac5957f55d661662/files/233375cfaaea4ccc876152563d29f991.docx
园林景区-天194,园林景区,天194,紫藤,Wisteria sinensis (Sims) Sweet,341,6.6,132,11.25,天平山忧乐坊西南,二级,31.32394,120.631563,地区级示意,https://ylj.suzhou.gov.cn/szsylj/zygk/202502/7896e4cdc7574224ac5957f55d661662.shtml,https://ylj.suzhou.gov.cn/szsylj/zygk/202502/7896e4cdc7574224ac5957f55d661662/files/233375cfaaea4ccc876152563d29f991.docx
园林景区-天195,园林景区,天195,圆柏,Juniperus chinensis Roxb.,221,15.5,112,7.5,天平山天平山庄大门内西棵,三级,31.309034,120.62455,地区级示意,https://ylj.suzhou.gov.cn/szsylj/zygk/202502/7896e4cdc7574224ac5957f55d661662.shtml,https://ylj.suzhou.gov.cn/szsylj/zygk/202502/7896e4cdc7574224ac5957f55d661662/files/233375cfaaea4ccc876152563d29f991.docx
园林景区-天196,园林景区,天196,圆柏,Juniperus chinensis Roxb.,221,7.5,80,5.5,天平山天平山庄大门内东棵,三级,31.310833,120.618362,地区级示意,https://ylj.suzhou.gov.cn/szsylj/zygk/202502/7896e4cdc7574224ac5957f55d661662.shtml,https://ylj.suzhou.gov.cn/szsylj/zygk/202502/7896e4cdc7574224ac5957f55d661662/files/233375cfaaea4ccc876152563d29f991.docx
园林景区-天197,园林景区,天197,圆柏,Juniperus chinensis Roxb.,221,15,146,9,天平山庄乐天楼前西南棵,三级,31.355588,120.594493,地区级示意,https://ylj.suzhou.gov.cn/szsylj/zygk/202502/7896e4cdc7574224ac5957f55d661662.shtml,https://ylj.suzhou.gov.cn/szsylj/zygk/202502/7896e4cdc7574224ac5957f55d661662/files/233375cfaaea4ccc876152563d29f991.docx
园林景区-天198,园林景区,天198,圆柏,Juniperus chinensis Roxb.,121,9.5,72,4.9,天平山庄乐天楼前西北棵,三级,31.320288,120.643623,地区级示意,https://ylj.suzhou.gov.cn/szsylj/zygk/202502/7896e4cdc7574224ac5957f55d661662.shtml,https://ylj.suzhou.gov.cn/szsylj/zygk/202502/7896e4cdc7574224ac5957f55d661662/files/233375cfaaea4ccc876152563d29f991.docx
园林景区-天199,园林景区,天199,圆柏,Juniperus chinensis Roxb.,321,17.5,173,8.5,天平山庄乐天楼前前东棵,二级,31.305033,120.632823,地区级示意,https://ylj.suzhou.gov.cn/szsylj/zygk/202502/7896e4cdc7574224ac5957f55d661662.shtml,https://ylj.suzhou.gov.cn/szsylj/zygk/202502/7896e4cdc7574224ac5957f55d661662/files/233375cfaaea4ccc876152563d29f991.docx
园林景区-天200,园林景区,天200,圆柏,Juniperus chinensis Roxb.,121,17,126,4.5,天平山天平山庄前西棵,三级,31.309364,120.559423,地区级示意,https://ylj.suzhou.gov.cn/szsylj/zygk/202502/7896e4cdc7574224ac5957f55d661662.shtml,https://ylj.suzhou.gov.cn/szsylj/zygk/202502/7896e4cdc7574224ac5957f55d661662/files/233375cfaaea4ccc876152563d29f991.docx
园林景区-天201,园林景区,天201,枫香,Liquidambar formosana Hance,431,14,188,11.5,天平山桃花涧北腰,二级,31.299171,120.58194,地区级示意,https://ylj.suzhou.gov.cn/szsylj/zygk/202502/7896e4cdc7574224ac5957f55d661662.shtml,https://ylj.suzhou.gov.cn/szsylj/zygk/202502/7896e4cdc7574224ac5957f55d661662/files/233375cfaaea4ccc876152563d29f991.docx
园林景区-天202,园林景区,天202,圆柏,Juniperus chinensis Roxb.,141,17,124,6.15,天平山天平山庄门前东棵,三级,31.332138,120.589867,地区级示意,https://ylj.suzhou.gov.cn/szsylj/zygk/202502/7896e4cdc7574224ac5957f55d661662.shtml,https://ylj.suzhou.gov.cn/szsylj/zygk/202502/7896e4cdc7574224ac5957f55d661662/files/233375cfaaea4ccc876152563d29f991.docx
园林景区-天203,园林景区,天203,大叶榉树,Zelkova schneideriana Hand.-Mazz.,121,14.7,223,16.85,天平山范公祠内池塘北,三级,31.350496,120.569296,地区级示意,https://ylj.suzhou.gov.cn/szsylj/zygk/202502/7896e4cdc7574224ac5957f55d661662.shtml,https://ylj.suzhou.gov.cn/szsylj/zygk/202502/7896e4cdc7574224ac5957f55d661662/files/233375cfaaea4ccc876152563d29f991.docx
园林景区-拙001,园林景区,拙001,圆柏,Juniperus chinensis Roxb.,341,12,130,5.3,拙政园倚玉轩南,二级,31.302371,120.638696,地区级示意,https://ylj.suzhou.gov.cn/szsylj/zygk/202502/7896e4cdc7574224ac5957f55d661662.shtml,https://ylj.suzhou.gov.cn/szsylj/zygk/202502/7896e4cdc7574224ac5957f55d661662/files/233375cfaaea4ccc876152563d29f991.docx
园林景区-拙002,园林景区,拙002,圆柏,Juniperus chinensis Roxb.,231,9,75,3.15,拙政园雪香云蔚亭北,三级,31.340496,120.592402,地区级示意,https://ylj.suzhou.gov.cn/szsylj/zygk/202502/7896e4cdc7574224ac5957f55d661662.shtml,https://ylj.suzhou.gov.cn/szsylj/zygk/202502/7896e4cdc7574224ac5957f55d661662/files/233375cfaaea4ccc876152563d29f991.docx
园林景区-拙003,园林景区,拙003,圆柏,Juniperus chinensis Roxb.,231,11,117,7.5,拙政园绣绮亭西北侧,三级,31.306681,120.644592,地区级示意,https://ylj.suzhou.gov.cn/szsylj/zygk/202502/7896e4cdc7574224ac5957f55d661662.shtml,https://ylj.suzhou.gov.cn/szsylj/zygk/202502/7896e4cdc7574224ac5957f55d661662/files/233375cfaaea4ccc876152563d29f991.docx
园林景区-拙004,园林景区,拙004,枸骨,Ilex cornuta Lindl. & Paxton,221,3.5,71,3.3,拙政园玉兰堂北,三级,31.329713,120.641019,地区级示意,https://ylj.suzhou.gov.cn/szsylj/zygk/202502/7896e4cdc7574224ac5957f55d661662.shtml,https://ylj.suzhou.gov.cn/szsylj/zygk/202502/7896e4cdc7574224ac5957f55d661662/files/233375cfaaea4ccc876152563d29f991.docx
园林景区-拙005,园林景区,拙005,银薇,Lagerstroemia indica L. f. alba (Nichols.) Rehd,211,7.8,110,4.6,拙政园香洲南,三级,31.324716,120.584562,地区级示意,https://ylj.suzhou.gov.cn/szsylj/zygk/202502/7896e4cdc7574224ac5957f55d661662.shtml,https://ylj.suzhou.gov.cn/szsylj/zygk/202502/7896e4cdc7574224ac5957f55d661662/files/233375cfaaea4ccc876152563d29f991.docx
园林景区-拙007,园林景区,拙007,枫杨,Pterocarya stenoptera C. DC.,181,18,470,13.55,拙政园远香堂东南,三级,31.321304,120.588819,地区级示意,https://ylj.suzhou.gov.cn/szsylj/zygk/202502/7896e4cdc7574224ac5957f55d661662.shtml,https://ylj.suzhou.gov.cn/szsylj/zygk/202502/7896e4cdc7574224ac5957f55d661662/files/233375cfaaea4ccc876152563d29f991.docx
园林景区-拙009,园林景区,拙009,圆柏,Juniperus chinensis Roxb.,171,9,96,6.5,拙政园待霜亭东南,三级,31.302247,120.565339,地区级示意,https://ylj.suzhou.gov.cn/szsylj/zygk/202502/7896e4cdc7574224ac5957f55d661662.shtml,https://ylj.suzhou.gov.cn/szsylj/zygk/202502/7896e4cdc7574224ac5957f55d661662/files/233375cfaaea4ccc876152563d29f991.docx
园林景区-拙010,园林景区,拙010,榔榆,Ulmus parvifolia Jacq.,171,11.5,254,9,拙政园小沧浪北,三级,31.327097,120.577595,地区级示意,https://ylj.suzhou.gov.cn/szsylj/zygk/202502/7896e4cdc7574224ac5957f55d661662.shtml,https://ylj.suzhou.gov.cn/szsylj/zygk/202502/7896e4cdc7574224ac5957f55d661662/files/233375cfaaea4ccc876152563d29f991.docx
园林景区-拙011,园林景区,拙011,枫杨,Pterocarya stenoptera C. DC.,161,15,384,11.6,拙政园柳荫路曲西北侧,三级,31.294818,120.638126,地区级示意,https://ylj.suzhou.gov.cn/szsylj/zygk/202502/7896e4cdc7574224ac5957f55d661662.shtml,https://ylj.suzhou.gov.cn/szsylj/zygk/202502/7896e4cdc7574224ac5957f55d661662/files/233375cfaaea4ccc876152563d29f991.docx
园林景区-拙012,园林景区,拙012,黄杨,Buxus sinica (Rehder & E. H. Wilson) M. Cheng,151,3.1,60,4.9,拙政园香洲南,三级,31.342699,120.58709,地区级示意,https://ylj.suzhou.gov.cn/szsylj/zygk/202502/7896e4cdc7574224ac5957f55d661662.shtml,https://ylj.suzhou.gov.cn/szsylj/zygk/202502/7896e4cdc7574224ac5957f55d661662/files/233375cfaaea4ccc876152563d29f991.docx
园林景区-拙013,园林景区,拙013,枫杨,Pterocarya stenoptera C. DC.,151,10,295,9,拙政园绣绮亭北,三级,31.336109,120.62437,地区级示意,https://ylj.suzhou.gov.cn/szsylj/zygk/202502/7896e4cdc7574224ac5957f55d661662.shtml,https://ylj.suzhou.gov.cn/szsylj/zygk/202502/7896e4cdc7574224ac5957f55d661662/files/233375cfaaea4ccc876152563d29f991.docx
园林景区-拙014,园林景区,拙014,单瓣黄木香,Rosa banksiae f. lutescens Voss,141,3.1,45,5.4,拙政园倒影楼西南,三级,31.331533,120.583637,地区级示意,https://ylj.suzhou.gov.cn/szsylj/zygk/202502/7896e4cdc7574224ac5957f55d661662.shtml,https://ylj.suzhou.gov.cn/szsylj/zygk/202502/7896e4cdc7574224ac5957f55d661662/files/233375cfaaea4ccc876152563d29f991.docx
园林景区-拙015,园林景区,拙015,木香花,Rosa banksiae Aiton,141,5.1,59,8,拙政园倒影楼东北侧,三级,31.350552,120.601174,地区级示意,https://ylj.suzhou.gov.cn/szsylj/zygk/202502/7896e4cdc7574224ac5957f55d661662.shtml,https://ylj.suzhou.gov.cn/szsylj/zygk/202502/7896e4cdc7574224ac5957f55d661662/files/233375cfaaea4ccc876152563d29f991.docx
园林景区-拙017,园林景区,拙017,白皮松,Pinus bungeana Zucc. ex Endl.,141,15.1,233,16.65,拙政园卅六鸳鸯馆南,三级,31.304505,120.600121,地区级示意,https://ylj.suzhou.gov.cn/szsylj/zygk/202502/7896e4cdc7574224ac5957f55d661662.shtml,https://ylj.suzhou.gov.cn/szsylj/zygk/202502/7896e4cdc7574224ac5957f55d661662/files/233375cfaaea4ccc876152563d29f991.docx
园林景区-拙019,园林景区,拙019,木瓜,Pseudocydonia sinensis (Thouin) C. K. Schneid.,141,6.5,98,3.75,拙政园倒影楼北侧,三级,31.306803,120.597333,地区级示意,https://ylj.suzhou.gov.cn/szsylj/zygk/202502/7896e4cdc7574224ac5957f55d661662.shtml,https://ylj.suzhou.gov.cn/szsylj/zygk/202502/7896e4cdc7574224ac5957f55d661662/files/233375cfaaea4ccc876152563d29f991.docx
园林景区-拙020,园林景区,拙020,柘树,Maclura tricuspidata Carrière,141,10,95,7.6,拙政园荷风四面亭西,三级,31.309581,120.608226,地区级示意,https://ylj.suzhou.gov.cn/szsylj/zygk/202502/7896e4cdc7574224ac5957f55d661662.shtml,https://ylj.suzhou.gov.cn/szsylj/zygk/202502/7896e4cdc7574224ac5957f55d661662/files/233375cfaaea4ccc876152563d29f991.docx
园林景区-拙021,园林景区,拙021,紫藤,Wisteria sinensis (Sims) Sweet,451,6,46,8.6,拙政园南出口园博入口处,二级,31.329669,120.610619,地区级示意,https://ylj.suzhou.gov.cn/szsylj/zygk/202502/7896e4cdc7574224ac5957f55d661662.shtml,https://ylj.suzhou.gov.cn/szsylj/zygk/202502/7896e4cdc7574224ac5957f55d661662/files/233375cfaaea4ccc876152563d29f991.docx
园林景区-留002,园林景区,留002,银杏,Ginkgo biloba L.,506,28.5,340,17.1,留园中部水池西侧,一级,31.327616,120.566704,地区级示意,https://ylj.suzhou.gov.cn/szsylj/zygk/202502/7896e4cdc7574224ac5957f55d661662.shtml,https://ylj.suzhou.gov.cn/szsylj/zygk/202502/7896e4cdc7574224ac5957f55d661662/files/233375cfaaea4ccc876152563d29f991.docx
园林景区-留003,园林景区,留003,银杏,Ginkgo biloba L.,246,29.1,265,13.4,留园可亭西,三级,31.315885,120.604294,地区级示意,https://ylj.suzhou.gov.cn/szsylj/zygk/202502/7896e4cdc7574224ac5957f55d661662.shtml,https://ylj.suzhou.gov.cn/szsylj/zygk/202502/7896e4cdc7574224ac5957f55d661662/files/233375cfaaea4ccc876152563d29f991.docx
园林景区-留004,园林景区,留004,南紫薇,Lagerstroemia subcostata Koehne,351,15,156,9.1,留园可亭西,二级,31.289234,120.611283,地区级示意,https://ylj.suzhou.gov.cn/szsylj/zygk/202502/7896e4cdc7574224ac5957f55d661662.shtml,https://ylj.suzhou.gov.cn/szsylj/zygk/202502/7896e4cdc7574224ac5957f55d661662/files/233375cfaaea4ccc876152563d29f991.docx
园林景区-留005,园林景区,留005,银杏,Ginkgo biloba L.,231,27.9,290,19.6,留园中部可亭东,三级,31.288896,120.622328,地区级示意,https://ylj.suzhou.gov.cn/szsylj/zygk/202502/7896e4cdc7574224ac5957f55d661662.shtml,https://ylj.suzhou.gov.cn/szsylj/zygk/202502/7896e4cdc7574224ac5957f55d661662/files/233375cfaaea4ccc876152563d29f991.docx
园林景区-留006,园林景区,留006,广玉兰,Magnolia grandiflora L.,141,22.2,300,15.8,留园又一村口,三级,31.291616,120.574888,地区级示意,https://ylj.suzhou.gov.cn/szsylj/zygk/202502/7896e4cdc7574224ac5957f55d661662.shtml,https://ylj.suzhou.gov.cn/szsylj/zygk/202502/7896e4cdc7574224ac5957f55d661662/files/233375cfaaea4ccc876152563d29f991.docx
园林景区-留007,园林景区,留007,柏木,Cupressus funebris Endl.,121,9.5,106,4.6,留园轿厅南天井,三级,31.308036,120.57315,地区级示意,https://ylj.suzhou.gov.cn/szsylj/zygk/202502/7896e4cdc7574224ac5957f55d661662.shtml,https://ylj.suzhou.gov.cn/szsylj/zygk/202502/7896e4cdc7574224ac5957f55d661662/files/233375cfaaea4ccc876152563d29f991.docx
园林景区-留008,园林景区,留008,柿子树,Diospyros kaki Thunb,141,15.3,120,8.2,留园西部土山西南角,三级,31.305471,120.586094,地区级示意,https://ylj.suzhou.gov.cn/szsylj/zygk/202502/7896e4cdc7574224ac5957f55d661662.shtml,https://ylj.suzhou.gov.cn/szsylj/zygk/202502/7896e4cdc7574224ac5957f55d661662/files/233375cfaaea4ccc876152563d29f991.docx
园林景区-留010,园林景区,留010,柏木,Cupressus funebris Endl.,161,8.7,80,2.75,留园西部土山东北,三级,31.296237,120.606136,地区级示意,https://ylj.suzhou.gov.cn/szsylj/zygk/202502/7896e4cdc7574224ac5957f55d661662.shtml,https://ylj.suzhou.gov.cn/szsylj/zygk/202502/7896e4cdc7574224ac5957f55d661662/files/233375cfaaea4ccc876152563d29f991.docx
园林景区-留012,园林景区,留012,圆柏,Juniperus chinensis Roxb.,186,5.1,62,3,留园中部水池西南角,三级,31.331615,120.561792,地区级示意,https://ylj.suzhou.gov.cn/szsylj/zygk/202502/7896e4cdc7574224ac5957f55d661662.shtml,https://ylj.suzhou.gov.cn/szsylj/zygk/202502/7896e4cdc7574224ac5957f55d661662/files/233375cfaaea4ccc876152563d29f991.docx
园林景区-留013,园林景区,留013,圆柏,Juniperus chinensis Roxb.,171,17.2,110,4.6,留园西部土山北,三级,31.327712,120.618708,地区级示意,https://ylj.suzhou.gov.cn/szsylj/zygk/202502/7896e4cdc7574224ac5957f55d661662.shtml,https://ylj.suzhou.gov.cn/szsylj/zygk/202502/7896e4cdc7574224ac5957f55d661662/files/233375cfaaea4ccc876152563d29f991.docx
园林景区-留014,园林景区,留014,银杏,Ginkgo biloba L.,141,29.4,165,8.8,留园西部土山西,三级,31.3032,120.570187,地区级示意,https://ylj.suzhou.gov.cn/szsylj/zygk/202502/7896e4cdc7574224ac5957f55d661662.shtml,https://ylj.suzhou.gov.cn/szsylj/zygk/202502/7896e4cdc7574224ac5957f55d661662/files/233375cfaaea4ccc876152563d29f991.docx
园林景区-留015,园林景区,留015,银杏,Ginkgo biloba L.,141,21.8,230,15.35,留园西部土山东,三级,31.315116,120.566015,地区级示意,https://ylj.suzhou.gov.cn/szsylj/zygk/202502/7896e4cdc7574224ac5957f55d661662.shtml,https://ylj.suzhou.gov.cn/szsylj/zygk/202502/7896e4cdc7574224ac5957f55d661662/files/233375cfaaea4ccc876152563d29f991.docx
园林景区-留016,园林景区,留016,黄杨,Buxus sinica (Rehder & E. H. Wilson) M. Cheng,141,6.9,57,6.35,留园还读我书斋内,三级,31.296419,120.593313,地区级示意,https://ylj.suzhou.gov.cn/szsylj/zygk/202502/7896e4cdc7574224ac5957f55d661662.shtml,https://ylj.suzhou.gov.cn/szsylj/zygk/202502/7896e4cdc7574224ac5957f55d661662/files/233375cfaaea4ccc876152563d29f991.docx
园林景区-留017,园林景区,留017,罗汉松,Podocarpus macrophyllus (Thunb.) Sweet,121,6.9,65,5.85,留园石林小院内,三级,31.282864,120.591541,地区级示意,https://ylj.suzhou.gov.cn/szsylj/zygk/202502/7896e4cdc7574224ac5957f55d661662.shtml,https://ylj.suzhou.gov.cn/szsylj/zygk/202502/7896e4cdc7574224ac5957f55d661662/files/233375cfaaea4ccc876152563d29f991.docx
园林景区-留019,园林景区,留019,榔榆,Ulmus parvifolia Jacq.,116,12,150,12.1,留园中部西北角,三级,31.345191,120.566287,地区级示意,https://ylj.suzhou.gov.cn/szsylj/zygk/202502/7896e4cdc7574224ac5957f55d661662.shtml,https://ylj.suzhou.gov.cn/szsylj/zygk/202502/7896e4cdc7574224ac5957f55d661662/files/233375cfaaea4ccc876152563d29f991.docx
园林景区-留020,园林景区,留020,白皮松,Pinus bungeana Zucc. ex Endl.,121,12,134,10,留园五峰仙馆北院落,三级,31.322205,120.602917,地区级示意,https://ylj.suzhou.gov.cn/szsylj/zygk/202502/7896e4cdc7574224ac5957f55d661662.shtml,https://ylj.suzhou.gov.cn/szsylj/zygk/202502/7896e4cdc7574224ac5957f55d661662/files/233375cfaaea4ccc876152563d29f991.docx
园林景区-留021,园林景区,留021,黑松,Pinus thunbergii Parl.,121,5.5,123,9.85,留园五峰仙馆南,三级,31.349102,120.56467,地区级示意,https://ylj.suzhou.gov.cn/szsylj/zygk/202502/7896e4cdc7574224ac5957f55d661662.shtml,https://ylj.suzhou.gov.cn/szsylj/zygk/202502/7896e4cdc7574224ac5957f55d661662/files/233375cfaaea4ccc876152563d29f991.docx
园林景区-留022,园林景区,留022,黑松,Pinus thunbergii Parl.,121,11.8,152,11.25,留园待云庵南,三级,31.290609,120.606858,地区级示意,https://ylj.suzhou.gov.cn/szsylj/zygk/202502/7896e4cdc7574224ac5957f55d661662.shtml,https://ylj.suzhou.gov.cn/szsylj/zygk/202502/7896e4cdc7574224ac5957f55d661662/files/233375cfaaea4ccc876152563d29f991.docx
园林景区-艺001,园林景区,艺001,朴树,Celtis sinensis Pers.,121,15.6,186,14.55,艺圃朝爽亭南,三级,31.337522,120.641279,地区级示意,https://ylj.suzhou.gov.cn/szsylj/zygk/202502/7896e4cdc7574224ac5957f55d661662.shtml,https://ylj.suzhou.gov.cn/szsylj/zygk/202502/7896e4cdc7574224ac5957f55d661662/files/233375cfaaea4ccc876152563d29f991.docx
园林景区-艺002,园林景区,艺002,枳椇,Hovenia acerba Lindl.,121,15,127,7.9,艺圃土山南围墙边,三级,31.351911,120.613968,地区级示意,https://ylj.suzhou.gov.cn/szsylj/zygk/202502/7896e4cdc7574224ac5957f55d661662.shtml,https://ylj.suzhou.gov.cn/szsylj/zygk/202502/7896e4cdc7574224ac5957f55d661662/files/233375cfaaea4ccc876152563d29f991.docx
园林景区-艺003,园林景区,艺003,白皮松,Pinus bungeana Zucc. ex Endl.,121,13.5,147,11,艺圃土山西,三级,31.337038,120.636429,地区级示意,https://ylj.suzhou.gov.cn/szsylj/zygk/202502/7896e4cdc7574224ac5957f55d661662.shtml,https://ylj.suzhou.gov.cn/szsylj/zygk/202502/7896e4cdc7574224ac5957f55d661662/files/233375cfaaea4ccc876152563d29f991.docx
园林景区-艺005,园林景区,艺005,榔榆,Ulmus parvifolia Jacq.,121,11,153,7,艺圃浴鸥内,三级,31.350306,120.632653,地区级示意,https://ylj.suzhou.gov.cn/szsylj/zygk/202502/7896e4cdc7574224ac5957f55d661662.shtml,https://ylj.suzhou.gov.cn/szsylj/zygk/202502/7896e4cdc7574224ac5957f55d661662/files/233375cfaaea4ccc876152563d29f991.docx
园林景区-网004,园林景区,网004,木瓜,Pseudocydonia sinensis (Thouin) C. K. Schneid.,281,8,121,6.1,网师园集虚斋后院,三级,31.327107,120.584421,地区级示意,https://ylj.suzhou.gov.cn/szsylj/zygk/202502/7896e4cdc7574224ac5957f55d661662.shtml,https://ylj.suzhou.gov.cn/szsylj/zygk/202502/7896e4cdc7574224ac5957f55d661662/files/233375cfaaea4ccc876152563d29f991.docx
园林景区-网005,园林景区,网005,紫藤,Wisteria sinensis (Sims) Sweet,261,3.8,80,5.6,网师园彩霞池东,三级,31.303513,120.643092,地区级示意,https://ylj.suzhou.gov.cn/szsylj/zygk/202502/7896e4cdc7574224ac5957f55d661662.shtml,https://ylj.suzhou.gov.cn/szsylj/zygk/202502/7896e4cdc7574224ac5957f55d661662/files/233375cfaaea4ccc876152563d29f991.docx
园林景区-网002,园林景区,网002,罗汉松,Podocarpus macrophyllus (Thunb.),391,6.5,76,4.95,网师园濯缨水阁西天井,二级,31.326991,120.568081,地区级示意,https://ylj.suzhou.gov.cn/szsylj/zygk/202502/7896e4cdc7574224ac5957f55d661662.shtml,https://ylj.suzhou.gov.cn/szsylj/zygk/202502/7896e4cdc7574224ac5957f55d661662/files/233375cfaaea4ccc876152563d29f991.docx
园林景区-网003,园林景区,网003,圆柏,Juniperus chinensis Roxb.,941,8.5,212,8.15,网师园看松读画轩南,一级,31.334677,120.598037,地区级示意,https://ylj.suzhou.gov.cn/szsylj/zygk/202502/7896e4cdc7574224ac5957f55d661662.shtml,https://ylj.suzhou.gov.cn/szsylj/zygk/202502/7896e4cdc7574224ac5957f55d661662/files/233375cfaaea4ccc876152563d29f991.docx
园林景区-网006,园林景区,网006,白皮松,Pinus bungeana Zucc. ex Endl.,141,7,130,10.25,网师园彩霞池北,三级,31.314808,120.625051,地区级示意,https://ylj.suzhou.gov.cn/szsylj/zygk/202502/7896e4cdc7574224ac5957f55d661662.shtml,https://ylj.suzhou.gov.cn/szsylj/zygk/202502/7896e4cdc7574224ac5957f55d661662/files/233375cfaaea4ccc876152563d29f991.docx
园林景区-网008,园林景区,网008,紫藤,Wisteria sinensis (Sims) Sweet,151,2.5,63,3.05,网师园殿春簃南,三级,31.331299,120.583677,地区级示意,https://ylj.suzhou.gov.cn/szsylj/zygk/202502/7896e4cdc7574224ac5957f55d661662.shtml,https://ylj.suzhou.gov.cn/szsylj/zygk/202502/7896e4cdc7574224ac5957f55d661662/files/233375cfaaea4ccc876152563d29f991.docx
园林景区-沧001,园林景区,沧001,圆柏,Juniperus chinensis Roxb.,151,7.5,110,7.5,沧浪亭藕花水榭南侧,三级,31.349329,120.62978,地区级示意,https://ylj.suzhou.gov.cn/szsylj/zygk/202502/7896e4cdc7574224ac5957f55d661662.shtml,https://ylj.suzhou.gov.cn/szsylj/zygk/202502/7896e4cdc7574224ac5957f55d661662/files/233375cfaaea4ccc876152563d29f991.docx
园林景区-沧002,园林景区,沧002,枫杨,Pterocarya stenoptera C. DC.,201,11.5,380,12.55,沧浪亭五百名贤祠西侧,三级,31.300298,120.605562,地区级示意,https://ylj.suzhou.gov.cn/szsylj/zygk/202502/7896e4cdc7574224ac5957f55d661662.shtml,https://ylj.suzhou.gov.cn/szsylj/zygk/202502/7896e4cdc7574224ac5957f55d661662/files/233375cfaaea4ccc876152563d29f991.docx
园林景区-沧003,园林景区,沧003,黄杨,Buxus sinica (Rehder & E. H. Wilson) M. Cheng,151,5.8,65,3.9,沧浪亭假山中北部,三级,31.300935,120.587331,地区级示意,https://ylj.suzhou.gov.cn/szsylj/zygk/202502/7896e4cdc7574224ac5957f55d661662.shtml,https://ylj.suzhou.gov.cn/szsylj/zygk/202502/7896e4cdc7574224ac5957f55d661662/files/233375cfaaea4ccc876152563d29f991.docx
园林景区-沧004,园林景区,沧004,枫杨,Pterocarya stenoptera C. DC.,201,7,350,13,沧浪亭翠玲珑西侧,三级,31.304134,120.627822,地区级示意,https://ylj.suzhou.gov.cn/szsylj/zygk/202502/7896e4cdc7574224ac5957f55d661662.shtml,https://ylj.suzhou.gov.cn/szsylj/zygk/202502/7896e4cdc7574224ac5957f55d661662/files/233375cfaaea4ccc876152563d29f991.docx
园林景区-沧007,园林景区,沧007,糙叶树,Aphananthe aspera (Thunb.) Planch.,241,9,310,11.15,沧浪亭藕花水榭北侧沿河,三级,31.294131,120.597047,地区级示意,https://ylj.suzhou.gov.cn/szsylj/zygk/202502/7896e4cdc7574224ac5957f55d661662.shtml,https://ylj.suzhou.gov.cn/szsylj/zygk/202502/7896e4cdc7574224ac5957f55d661662/files/233375cfaaea4ccc876152563d29f991.docx
园林景区-沧008,园林景区,沧008,榉树,Zelkova schneideriana Hand.-Mazz.,151,17,213,15.85,沧浪亭假山中部,三级,31.33531,120.572138,地区级示意,https://ylj.suzhou.gov.cn/szsylj/zygk/202502/7896e4cdc7574224ac5957f55d661662.shtml,https://ylj.suzhou.gov.cn/szsylj/zygk/202502/7896e4cdc7574224ac5957f55d661662/files/233375cfaaea4ccc876152563d29f991.docx
园林景区-沧009,园林景区,沧009,朴树,Celtis sinensis Pers.,161,16,83,14.35,沧浪亭假山中部,三级,31.287971,120.582115,地区级示意,https://ylj.suzhou.gov.cn/szsylj/zygk/202502/7896e4cdc7574224ac5957f55d661662.shtml,https://ylj.suzhou.gov.cn/szsylj/zygk/202502/7896e4cdc7574224ac5957f55d661662/files/233375cfaaea4ccc876152563d29f991.docx
园林景区-沧011,园林景区,沧011,银杏,Ginkgo biloba L.,141,12,155,6.05,沧浪亭假山西南,三级,31.344217,120.595557,地区级示意,https://ylj.suzhou.gov.cn/szsylj/zygk/202502/7896e4cdc7574224ac5957f55d661662.shtml,https://ylj.suzhou.gov.cn/szsylj/zygk/202502/7896e4cdc7574224ac5957f55d661662/files/233375cfaaea4ccc876152563d29f991.docx
园林景区-沧012,园林景区,沧012,香樟,Cinnamomum camphora (L.) Presl.,151,16,326,12.95,沧浪亭假山西侧,三级,31.341461,120.58887,地区级示意,https://ylj.suzhou.gov.cn/szsylj/zygk/202502/7896e4cdc7574224ac5957f55d661662.shtml,https://ylj.suzhou.gov.cn/szsylj/zygk/202502/7896e4cdc7574224ac5957f55d661662/files/233375cfaaea4ccc876152563d29f991.docx
园林景区-沧013,园林景区,沧013,木樨,Osmanthus fragrans (Thunb.) Lour.,191,6.2,72,4,沧浪亭闻妙香室天井内,三级,31.301786,120.610364,地区级示意,https://ylj.suzhou.gov.cn/szsylj/zygk/202502/7896e4cdc7574224ac5957f55d661662.shtml,https://ylj.suzhou.gov.cn/szsylj/zygk/202502/7896e4cdc7574224ac5957f55d661662/files/233375cfaaea4ccc876152563d29f991.docx
园林景区-沧014,园林景区,沧014,香樟,Cinnamomum camphora (L.) Presl.,141,14,219,15.05,沧浪亭假山东侧,三级,31.333877,120.557096,地区级示意,https://ylj.suzhou.gov.cn/szsylj/zygk/202502/7896e4cdc7574224ac5957f55d661662.shtml,https://ylj.suzhou.gov.cn/szsylj/zygk/202502/7896e4cdc7574224ac5957f55d661662/files/233375cfaaea4ccc876152563d29f991.docx
园林景区-沧015,园林景区,沧015,香樟,Cinnamomum camphora (L.) Presl.,141,14,255,8.1,沧浪亭假山中部,三级,31.320012,120.636874,地区级示意,https://ylj.suzhou.gov.cn/szsylj/zygk/202502/7896e4cdc7574224ac5957f55d661662.shtml,https://ylj.suzhou.gov.cn/szsylj/zygk/202502/7896e4cdc7574224ac5957f55d661662/files/233375cfaaea4ccc876152563d29f991.docx
园林景区-沧016,园林景区,沧016,木樨,Osmanthus fragrans (Thunb.) Lour.,191,6,82,4,沧浪亭闻妙香室天井内西侧,三级,31.354278,120.619615,地区级示意,https://ylj.suzhou.gov.cn/szsylj/zygk/202502/7896e4cdc7574224ac5957f55d661662.shtml,https://ylj.suzhou.gov.cn/szsylj/zygk/202502/7896e4cdc7574224ac5957f55d661662/files/233375cfaaea4ccc876152563d29f991.docx
园林景区-沧017,园林景区,沧017,罗汉松,Podocarpus macrophyllus (Thunb.) Sweet,141,5.5,108,5.5,沧浪亭藕花水榭东南侧,三级,31.321073,120.64943,地区级示意,https://ylj.suzhou.gov.cn/szsylj/zygk/202502/7896e4cdc7574224ac5957f55d661662.shtml,https://ylj.suzhou.gov.cn/szsylj/zygk/202502/7896e4cdc7574224ac5957f55d661662/files/233375cfaaea4ccc876152563d29f991.docx
园林景区-沧018,园林景区,沧018,紫藤,Wisteria sinensis (Sims) Sweet,281,6,70,3.95,沧浪亭假山中北部,三级,31.342286,120.643435,地区级示意,https://ylj.suzhou.gov.cn/szsylj/zygk/202502/7896e4cdc7574224ac5957f55d661662.shtml,https://ylj.suzhou.gov.cn/szsylj/zygk/202502/7896e4cdc7574224ac5957f55d661662/files/233375cfaaea4ccc876152563d29f991.docx
园林景区-狮004,园林景区,狮004,白皮松,Pinus bungeana Zucc. ex Endl.,151,15,163,10.3,狮子林中部假山,三级,31.315004,120.558685,地区级示意,https://ylj.suzhou.gov.cn/szsylj/zygk/202502/7896e4cdc7574224ac5957f55d661662.shtml,https://ylj.suzhou.gov.cn/szsylj/zygk/202502/7896e4cdc7574224ac5957f55d661662/files/233375cfaaea4ccc876152563d29f991.docx
园林景区-狮003,园林景区,狮003,白皮松,Pinus bungeana Zucc. ex Endl.,151,16,137,7,狮子林中部假山花篮厅东侧,三级,31.33211,120.609874,地区级示意,https://ylj.suzhou.gov.cn/szsylj/zygk/202502/7896e4cdc7574224ac5957f55d661662.shtml,https://ylj.suzhou.gov.cn/szsylj/zygk/202502/7896e4cdc7574224ac5957f55d661662/files/233375cfaaea4ccc876152563d29f991.docx
园林景区-狮002,园林景区,狮002,银杏,Ginkgo biloba L.,606,15.4,377,15.5,狮子林问梅阁东,一级,31.343535,120.595217,地区级示意,https://ylj.suzhou.gov.cn/szsylj/zygk/202502/7896e4cdc7574224ac5957f55d661662.shtml,https://ylj.suzhou.gov.cn/szsylj/zygk/202502/7896e4cdc7574224ac5957f55d661662/files/233375cfaaea4ccc876152563d29f991.docx
园林景区-狮005,园林景区,狮005,白皮松,Pinus bungeana Zucc. ex Endl.,151,12,110,6.3,狮子林立雪堂庭院,三级,31.320602,120.647374,地区级示意,https://ylj.suzhou.gov.cn/szsylj/zygk/202502/7896e4cdc7574224ac5957f55d661662.shtml,https://ylj.suzhou.gov.cn/szsylj/zygk/202502/7896e4cdc7574224ac5957f55d661662/files/233375cfaaea4ccc876152563d29f991.docx
园林景区-狮006,园林景区,狮006,白皮松,Pinus bungeana Zucc. ex Endl.,151,13,130,10.5,狮子林中部假山,三级,31.314441,120.64114,地区级示意,https://ylj.suzhou.gov.cn/szsylj/zygk/202502/7896e4cdc7574224ac5957f55d661662.shtml,https://ylj.suzhou.gov.cn/szsylj/zygk/202502/7896e4cdc7574224ac5957f55d661662/files/233375cfaaea4ccc876152563d29f991.docx
园林景区-狮007,园林景区,狮007,白皮松,Pinus bungeana Zucc. ex Endl.,151,10.7,105,9.15,狮子林中部假山,三级,31.328582,120.625726,地区级示意,https://ylj.suzhou.gov.cn/szsylj/zygk/202502/7896e4cdc7574224ac5957f55d661662.shtml,https://ylj.suzhou.gov.cn/szsylj/zygk/202502/7896e4cdc7574224ac5957f55d661662/files/233375cfaaea4ccc876152563d29f991.docx
园林景区-狮008,园林景区,狮008,白皮松,Pinus bungeana Zucc. ex Endl.,151,13.1,138,12,狮子林中部假山,三级,31.286355,120.5985,地区级示意,https://ylj.suzhou.gov.cn/szsylj/zygk/202502/7896e4cdc7574224ac5957f55d661662.shtml,https://ylj.suzhou.gov.cn/szsylj/zygk/202502/7896e4cdc7574224ac5957f55d661662/files/233375cfaaea4ccc876152563d29f991.docx
园林景区-狮009,园林景区,狮009,圆柏,Juniperus chinensis Roxb.,151,8,86,4.5,狮子林中部假山花篮厅南,三级,31.307559,120.568907,地区级示意,https://ylj.suzhou.gov.cn/szsylj/zygk/202502/7896e4cdc7574224ac5957f55d661662.shtml,https://ylj.suzhou.gov.cn/szsylj/zygk/202502/7896e4cdc7574224ac5957f55d661662/files/233375cfaaea4ccc876152563d29f991.docx
园林景区-狮010,园林景区,狮010,木瓜,Pseudocydonia sinensis (Thouin) C. K. Schneid.,151,6,91,5.05,狮子林问梅阁南,三级,31.323566,120.583355,地区级示意,https://ylj.suzhou.gov.cn/szsylj/zygk/202502/7896e4cdc7574224ac5957f55d661662.shtml,https://ylj.suzhou.gov.cn/szsylj/zygk/202502/7896e4cdc7574224ac5957f55d661662/files/233375cfaaea4ccc876152563d29f991.docx
园林景区-狮011,园林景区,狮011,木瓜,Pseudocydonia sinensis (Thouin) C. K. Schneid.,151,5,63,2.25,狮子林问梅阁东南,三级,31.337009,120.599648,地区级示意,https://ylj.suzhou.gov.cn/szsylj/zygk/202502/7896e4cdc7574224ac5957f55d661662.shtml,https://ylj.suzhou.gov.cn/szsylj/zygk/202502/7896e4cdc7574224ac5957f55d661662/files/233375cfaaea4ccc876152563d29f991.docx
园林景区-狮012,园林景区,狮012,紫藤,Wisteria sinensis (Sims) Sweet,141,4,165,9.5,狮子林接驾桥东南,三级,31.2889,120.606912,地区级示意,https://ylj.suzhou.gov.cn/szsylj/zygk/202502/7896e4cdc7574224ac5957f55d661662.shtml,https://ylj.suzhou.gov.cn/szsylj/zygk/202502/7896e4cdc7574224ac5957f55d661662/files/233375cfaaea4ccc876152563d29f991.docx
园林景区-狮013,园林景区,狮013,紫藤,Wisteria sinensis (Sims) Sweet,141,4,44,8.5,狮子林接驾桥东北,三级,31.299722,120.562117,地区级示意,https://ylj.suzhou.gov.cn/szsylj/zygk/202502/7896e4cdc7574224ac5957f55d661662.shtml,https://ylj.suzhou.gov.cn/szsylj/zygk/202502/7896e4cdc7574224ac5957f55d661662/files/233375cfaaea4ccc876152563d29f991.docx
园林景区-狮014,园林景区,狮014,银杏,Ginkgo biloba L.,141,19.7,157,11.3,狮子林检票广场西侧第一棵,三级,31.33627,120.607555,地区级示意,https://ylj.suzhou.gov.cn/szsylj/zygk/202502/7896e4cdc7574224ac5957f55d661662.shtml,https://ylj.suzhou.gov.cn/szsylj/zygk/202502/7896e4cdc7574224ac5957f55d661662/files/233375cfaaea4ccc876152563d29f991.docx
园林景区-狮015,园林景区,狮015,银杏,Ginkgo biloba L.,121,19,132,8.4,狮子林云林逸韻厅前东侧第一棵,三级,31.310553,120.641202,地区级示意,https://ylj.suzhou.gov.cn/szsylj/zygk/202502/7896e4cdc7574224ac5957f55d661662.shtml,https://ylj.suzhou.gov.cn/szsylj/zygk/202502/7896e4cdc7574224ac5957f55d661662/files/233375cfaaea4ccc876152563d29f991.docx
园林景区-狮016,园林景区,狮016,银杏,Ginkgo biloba L.,121,20,144,8.5,狮子林云林逸韻厅前西侧第一棵,三级,31.357497,120.608754,地区级示意,https://ylj.suzhou.gov.cn/szsylj/zygk/202502/7896e4cdc7574224ac5957f55d661662.shtml,https://ylj.suzhou.gov.cn/szsylj/zygk/202502/7896e4cdc7574224ac5957f55d661662/files/233375cfaaea4ccc876152563d29f991.docx
园林景区-怡001,园林景区,怡001,紫薇,Lagerstroemia indica L.,651,5,91,3,怡园里拜石轩南,一级,31.304427,120.627554,地区级示意,https://ylj.suzhou.gov.cn/szsylj/zygk/202502/7896e4cdc7574224ac5957f55d661662.shtml,https://ylj.suzhou.gov.cn/szsylj/zygk/202502/7896e4cdc7574224ac5957f55d661662/files/233375cfaaea4ccc876152563d29f991.docx
园林景区-怡005,园林景区,怡005,银杏,Ginkgo biloba L.,201,14.5,173,9.85,怡园里拜石轩北,三级,31.302675,120.621271,地区级示意,https://ylj.suzhou.gov.cn/szsylj/zygk/202502/7896e4cdc7574224ac5957f55d661662.shtml,https://ylj.suzhou.gov.cn/szsylj/zygk/202502/7896e4cdc7574224ac5957f55d661662/files/233375cfaaea4ccc876152563d29f991.docx
园林景区-怡003,园林景区,怡003,银杏,Ginkgo biloba L.,301,18,350,18.75,怡园里面壁亭西,二级,31.327345,120.6215,地区级示意,https://ylj.suzhou.gov.cn/szsylj/zygk/202502/7896e4cdc7574224ac5957f55d661662.shtml,https://ylj.suzhou.gov.cn/szsylj/zygk/202502/7896e4cdc7574224ac5957f55d661662/files/233375cfaaea4ccc876152563d29f991.docx
园林景区-怡004,园林景区,怡004,黄杨,Buxus sinica (Rehder & E. H. Wilson) M. Cheng,201,6.2,108,7,姑苏区人民路1265号怡园石舫南,三级,31.324447,120.595616,地区级示意,https://ylj.suzhou.gov.cn/szsylj/zygk/202502/7896e4cdc7574224ac5957f55d661662.shtml,https://ylj.suzhou.gov.cn/szsylj/zygk/202502/7896e4cdc7574224ac5957f55d661662/files/233375cfaaea4ccc876152563d29f991.docx
园林景区-怡009,园林景区,怡009,白皮松,Pinus bungeana Zucc. ex Endl.,161,8.5,115,8.75,怡园里金粟亭西,三级,31.346463,120.585184,地区级示意,https://ylj.suzhou.gov.cn/szsylj/zygk/202502/7896e4cdc7574224ac5957f55d661662.shtml,https://ylj.suzhou.gov.cn/szsylj/zygk/202502/7896e4cdc7574224ac5957f55d661662/files/233375cfaaea4ccc876152563d29f991.docx
园林景区-怡010,园林景区,怡010,白皮松,Pinus bungeana Zucc. ex Endl.,161,12.5,138,13.75,怡园里牡丹亭东,三级,31.3411,120.566194,地区级示意,https://ylj.suzhou.gov.cn/szsylj/zygk/202502/7896e4cdc7574224ac5957f55d661662.shtml,https://ylj.suzhou.gov.cn/szsylj/zygk/202502/7896e4cdc7574224ac5957f55d661662/files/233375cfaaea4ccc876152563d29f991.docx
园林景区-怡012,园林景区,怡012,黄杨,Buxus sinica (Rehder & E. H. Wilson) M. Cheng,151,4.5,55,5.1,怡园画舫旱船东,三级,31.325976,120.592375,地区级示意,https://ylj.suzhou.gov.cn/szsylj/zygk/202502/7896e4cdc7574224ac5957f55d661662.shtml,https://ylj.suzhou.gov.cn/szsylj/zygk/202502/7896e4cdc7574224ac5957f55d661662/files/233375cfaaea4ccc876152563d29f991.docx
园林景区-怡013,园林景区,怡013,山茶,Camellia japonica L.,141,4.5,55,3.4,恰园金粟亭南,三级,31.298098,120.610991,地区级示意,https://ylj.suzhou.gov.cn/szsylj/zygk/202502/7896e4cdc7574224ac5957f55d661662.shtml,https://ylj.suzhou.gov.cn/szsylj/zygk/202502/7896e4cdc7574224ac5957f55d661662/files/233375cfaaea4ccc876152563d29f991.docx
园林景区-东002,园林景区,东002,大叶榉树,Zelkova schneideriana Hand.-Mazz.,141,18,160,13.3,新东园南面沿湖,三级,31.356229,120.578156,地区级示意,https://ylj.suzhou.gov.cn/szsylj/zygk/202502/7896e4cdc7574224ac5957f55d661662.shtml,https://ylj.suzhou.gov.cn/szsylj/zygk/202502/7896e4cdc7574224ac5957f55d661662/files/233375cfaaea4ccc876152563d29f991.docx
园林景区-东003,园林景区,东003,大叶榉树,Zelkova schneideriana Hand.-Mazz.,141,18,220,13.7,新东园钓鱼池南,三级,31.304317,120.618783,地区级示意,https://ylj.suzhou.gov.cn/szsylj/zygk/202502/7896e4cdc7574224ac5957f55d661662.shtml,https://ylj.suzhou.gov.cn/szsylj/zygk/202502/7896e4cdc7574224ac5957f55d661662/files/233375cfaaea4ccc876152563d29f991.docx
园林景区-东004,园林景区,东004,紫藤,Wisteria sinensis (Sims) Sweet,251,3,151,12,新东园藤花廊,三级,31.32699,120.5856,地区级示意,https://ylj.suzhou.gov.cn/szsylj/zygk/202502/7896e4cdc7574224ac5957f55d661662.shtml,https://ylj.suzhou.gov.cn/szsylj/zygk/202502/7896e4cdc7574224ac5957f55d661662/files/233375cfaaea4ccc876152563d29f991.docx
园林景区-东005,园林景区,东005,银杏,Ginkgo biloba L.,301,33,315,17.5,东园平江新筑东面,二级,31.324381,120.628323,地区级示意,https://ylj.suzhou.gov.cn/szsylj/zygk/202502/7896e4cdc7574224ac5957f55d661662.shtml,https://ylj.suzhou.gov.cn/szsylj/zygk/202502/7896e4cdc7574224ac5957f55d661662/files/233375cfaaea4ccc876152563d29f991.docx
园林景区-东006,园林景区,东006,银杏,Ginkgo biloba L.,231,29,226,13.5,东园梧桐杏雨堂前,三级,31.301865,120.565242,地区级示意,https://ylj.suzhou.gov.cn/szsylj/zygk/202502/7896e4cdc7574224ac5957f55d661662.shtml,https://ylj.suzhou.gov.cn/szsylj/zygk/202502/7896e4cdc7574224ac5957f55d661662/files/233375cfaaea4ccc876152563d29f991.docx
园林景区-东007,园林景区,东007,银杏,Ginkgo biloba L.,251,32,280,16.9,梧桐杏雨堂南,三级,31.309574,120.64197,地区级示意,https://ylj.suzhou.gov.cn/szsylj/zygk/202502/7896e4cdc7574224ac5957f55d661662.shtml,https://ylj.suzhou.gov.cn/szsylj/zygk/202502/7896e4cdc7574224ac5957f55d661662/files/233375cfaaea4ccc876152563d29f991.docx
园林景区-东010,园林景区,东010,枸骨,Ilex cornuta Lindl. & Paxton,141,7.2,65,7.6,新东园喷泉池东,三级,31.291724,120.630614,地区级示意,https://ylj.suzhou.gov.cn/szsylj/zygk/202502/7896e4cdc7574224ac5957f55d661662.shtml,https://ylj.suzhou.gov.cn/szsylj/zygk/202502/7896e4cdc7574224ac5957f55d661662/files/233375cfaaea4ccc876152563d29f991.docx
园林景区-耦003,园林景区,耦003,黄杨,Buxus sinica (Rehder & E. H. Wilson) M. Cheng,141,3.4,65,3.7,耦园东花园黄石假山西南侧,三级,31.347938,120.592042,地区级示意,https://ylj.suzhou.gov.cn/szsylj/zygk/202502/7896e4cdc7574224ac5957f55d661662.shtml,https://ylj.suzhou.gov.cn/szsylj/zygk/202502/7896e4cdc7574224ac5957f55d661662/files/233375cfaaea4ccc876152563d29f991.docx
园林景区-耦004,园林景区,耦004,黄杨,Buxus sinica (Rehder & E. H. Wilson) M. Cheng,151,8.5,120,6,耦园东花园黄石假山顶,三级,31.307822,120.641114,地区级示意,https://ylj.suzhou.gov.cn/szsylj/zygk/202502/7896e4cdc7574224ac5957f55d661662.shtml,https://ylj.suzhou.gov.cn/szsylj/zygk/202502/7896e4cdc7574224ac5957f55d661662/files/233375cfaaea4ccc876152563d29f991.docx
园林景区-耦006,园林景区,耦006,山茶,Camellia japonica L.,141,6,77,6.2,耦园东部黄石假山北,三级,31.299863,120.638421,地区级示意,https://ylj.suzhou.gov.cn/szsylj/zygk/202502/7896e4cdc7574224ac5957f55d661662.shtml,https://ylj.suzhou.gov.cn/szsylj/zygk/202502/7896e4cdc7574224ac5957f55d661662/files/233375cfaaea4ccc876152563d29f991.docx
园林景区-耦011,园林景区,耦011,木樨,Osmanthus fragrans (Thunb.) Lour.,221,5,130,5,无俗韵轩北,三级,31.326464,120.648751,地区级示意,https://ylj.suzhou.gov.cn/szsylj/zygk/202502/7896e4cdc7574224ac5957f55d661662.shtml,https://ylj.suzhou.gov.cn/szsylj/zygk/202502/7896e4cdc7574224ac5957f55d661662/files/233375cfaaea4ccc876152563d29f991.docx
园林景区-公001,园林景区,公001,圆柏,Juniperus chinensis Roxb.,121,11,91,4.45,苏州公园进大门西南棵,三级,31.318896,120.584225,地区级示意,https://ylj.suzhou.gov.cn/szsylj/zygk/202502/7896e4cdc7574224ac5957f55d661662.shtml,https://ylj.suzhou.gov.cn/szsylj/zygk/202502/7896e4cdc7574224ac5957f55d661662/files/233375cfaaea4ccc876152563d29f991.docx
园林景区-公002,园林景区,公002,圆柏,Juniperus chinensis Roxb.,121,13,100,5.05,苏州公园进大门西中棵,三级,31.336268,120.645793,地区级示意,https://ylj.suzhou.gov.cn/szsylj/zygk/202502/7896e4cdc7574224ac5957f55d661662.shtml,https://ylj.suzhou.gov.cn/szsylj/zygk/202502/7896e4cdc7574224ac5957f55d661662/files/233375cfaaea4ccc876152563d29f991.docx
园林景区-公003,园林景区,公003,龙柏,Juniperus chinensis ‘Kaizuca’,121,9,104,7.45,苏州公园进大门西北棵,三级,31.304338,120.575598,地区级示意,https://ylj.suzhou.gov.cn/szsylj/zygk/202502/7896e4cdc7574224ac5957f55d661662.shtml,https://ylj.suzhou.gov.cn/szsylj/zygk/202502/7896e4cdc7574224ac5957f55d661662/files/233375cfaaea4ccc876152563d29f991.docx
园林景区-公004,园林景区,公004,圆柏,Juniperus chinensis Roxb.,121,7,78,4.6,苏州公园西车库广场东北角东棵,三级,31.318827,120.580139,地区级示意,https://ylj.suzhou.gov.cn/szsylj/zygk/202502/7896e4cdc7574224ac5957f55d661662.shtml,https://ylj.suzhou.gov.cn/szsylj/zygk/202502/7896e4cdc7574224ac5957f55d661662/files/233375cfaaea4ccc876152563d29f991.docx
园林景区-公005,园林景区,公005,圆柏,Juniperus chinensis Roxb.,121,11,103,6.1,苏州公园西车库广场东北角西棵,三级,31.361255,120.611665,地区级示意,https://ylj.suzhou.gov.cn/szsylj/zygk/202502/7896e4cdc7574224ac5957f55d661662.shtml,https://ylj.suzhou.gov.cn/szsylj/zygk/202502/7896e4cdc7574224ac5957f55d661662/files/233375cfaaea4ccc876152563d29f991.docx
园林景区-公006,园林景区,公006,龙柏,Juniperus chinensis ‘Kaizuca’,121,8.5,132,7.25,苏州公园裕斋前西侧东棵,三级,31.287297,120.628013,地区级示意,https://ylj.suzhou.gov.cn/szsylj/zygk/202502/7896e4cdc7574224ac5957f55d661662.shtml,https://ylj.suzhou.gov.cn/szsylj/zygk/202502/7896e4cdc7574224ac5957f55d661662/files/233375cfaaea4ccc876152563d29f991.docx
园林景区-公007,园林景区,公007,龙柏,Juniperus chinensis ‘Kaizuca’,121,7.5,120,6.9,苏州公园裕斋前西侧西棵,三级,31.360988,120.608179,地区级示意,https://ylj.suzhou.gov.cn/szsylj/zygk/202502/7896e4cdc7574224ac5957f55d661662.shtml,https://ylj.suzhou.gov.cn/szsylj/zygk/202502/7896e4cdc7574224ac5957f55d661662/files/233375cfaaea4ccc876152563d29f991.docx
园林景区-五001,园林景区,五001,朴树,Celtis sinensis Pers.,121,15.8,242,17.55,五峰园弄15号,三级,31.355271,120.594042,地区级示意,https://ylj.suzhou.gov.cn/szsylj/zygk/202502/7896e4cdc7574224ac5957f55d661662.shtml,https://ylj.suzhou.gov.cn/szsylj/zygk/202502/7896e4cdc7574224ac5957f55d661662/files/233375cfaaea4ccc876152563d29f991.docx
园林景区-石001,园林景区,石001,木樨,Osmanthus fragrans (Thunb.) Lour.,121,13.6,114,7.8,致能大道,三级,31.311242,120.584496,地区级示意,https://ylj.suzhou.gov.cn/szsylj/zygk/202502/7896e4cdc7574224ac5957f55d661662.shtml,https://ylj.suzhou.gov.cn/szsylj/zygk/202502/7896e4cdc7574224ac5957f55d661662/files/233375cfaaea4ccc876152563d29f991.docx
园林景区-石002,园林景区,石002,木樨,Osmanthus fragrans (Thunb.) Lour.,121,12.5,122,7.55,致能大道,三级,31.294808,120.610532,地区级示意,https://ylj.suzhou.gov.cn/szsylj/zygk/202502/7896e4cdc7574224ac5957f55d661662.shtml,https://ylj.suzhou.gov.cn/szsylj/zygk/202502/7896e4cdc7574224ac5957f55d661662/files/233375cfaaea4ccc876152563d29f991.docx
园林景区-石003,园林景区,石003,石榴,Punica granatum L.,121,8.9,145,6.5,致能大道,三级,31.346709,120.635797,地区级示意,https://ylj.suzhou.gov.cn/szsylj/zygk/202502/7896e4cdc7574224ac5957f55d661662.shtml,https://ylj.suzhou.gov.cn/szsylj/zygk/202502/7896e4cdc7574224ac5957f55d661662/files/233375cfaaea4ccc876152563d29f991.docx
园林景区-耦13,园林景区,耦13,黄杨,Buxus sinica (Rehder & E. H. Wilson) M. Cheng,100,8.5,65,6,耦园东花园黄石假山脚下,三级,31.351042,120.635001,地区级示意,https://ylj.suzhou.gov.cn/szsylj/zygk/202502/7896e4cdc7574224ac5957f55d661662.shtml,https://ylj.suzhou.gov.cn/szsylj/zygk/202502/7896e4cdc7574224ac5957f55d661662/files/233375cfaaea4ccc876152563d29f991.docx
